1657879200000,1.983e-05,2.07e-05,1.944e-05,1.944e-05,153177.0
1657882800000,2.053e-05,2.053e-05,1.945e-05,1.945e-05,16790.0
1657886400000,2.056e-05,2.056e-05,1.93e-05,1.93e-05,1113.0
1657890000000,1.941e-05,2.048e-05,1.941e-05,2.048e-05,12325.0
1657893600000,1.93e-05,1.991e-05,1.923e-05,1.923e-05,3245.0
1657897200000,1.99e-05,1.99e-05,1.92e-05,1.92e-05,3191.0
1657900800000,1.915e-05,1.915e-05,1.915e-05,1.915e-05,1294.0
1657904400000,1.893e-05,1.922e-05,1.891e-05,1.892e-05,235917.0
1657908000000,1.892e-05,1.892e-05,1.891e-05,1.891e-05,6379.0
1657911600000,1.888e-05,1.888e-05,1.863e-05,1.865e-05,22205.0
1657915200000,1.863e-05,1.863e-05,1.863e-05,1.863e-05,7320.0
1657918800000,1.863e-05,1.863e-05,1.863e-05,1.863e-05,0.0
1657922400000,1.863e-05,1.863e-05,1.863e-05,1.863e-05,0.0
1657926000000,1.863e-05,1.863e-05,1.863e-05,1.863e-05,0.0
1657929600000,1.898e-05,1.898e-05,1.898e-05,1.898e-05,1003.0
1657933200000,1.904e-05,1.904e-05,1.904e-05,1.904e-05,521.0
1657936800000,1.904e-05,1.904e-05,1.904e-05,1.904e-05,0.0
1657940400000,1.904e-05,1.904e-05,1.904e-05,1.904e-05,0.0
1657944000000,1.904e-05,1.904e-05,1.904e-05,1.904e-05,0.0
1657947600000,1.904e-05,1.904e-05,1.904e-05,1.904e-05,0.0
1657951200000,1.904e-05,1.904e-05,1.904e-05,1.904e-05,0.0
1657954800000,1.904e-05,1.904e-05,1.904e-05,1.904e-05,0.0
1657958400000,1.925e-05,1.931e-05,1.923e-05,1.923e-05,13827.0
1657962000000,1.923e-05,1.923e-05,1.923e-05,1.923e-05,0.0
1657965600000,1.923e-05,1.923e-05,1.923e-05,1.923e-05,0.0
1657969200000,1.923e-05,1.923e-05,1.923e-05,1.923e-05,0.0
1657972800000,1.923e-05,1.923e-05,1.923e-05,1.923e-05,0.0
1657976400000,1.923e-05,1.923e-05,1.923e-05,1.923e-05,0.0
1657980000000,1.889e-05,1.889e-05,1.889e-05,1.889e-05,265.0
1657983600000,1.883e-05,1.883e-05,1.863e-05,1.863e-05,7665.0
1657987200000,1.849e-05,1.849e-05,1.71e-05,1.779e-05,279033.0
1657990800000,1.779e-05,1.779e-05,1.779e-05,1.779e-05,0.0
1657994400000,1.811e-05,1.811e-05,1.798e-05,1.798e-05,243607.0
1657998000000,1.798e-05,1.798e-05,1.798e-05,1.798e-05,0.0
1658001600000,1.798e-05,1.798e-05,1.798e-05,1.798e-05,0.0
1658005200000,1.798e-05,1.798e-05,1.798e-05,1.798e-05,0.0
1658008800000,1.798e-05,1.798e-05,1.798e-05,1.798e-05,0.0
1658012400000,1.798e-05,1.798e-05,1.798e-05,1.798e-05,0.0
1658016000000,1.76e-05,1.766e-05,1.76e-05,1.766e-05,5074.0
1658019600000,1.766e-05,1.766e-05,1.766e-05,1.766e-05,0.0
1658023200000,1.766e-05,1.766e-05,1.766e-05,1.766e-05,0.0
1658026800000,1.766e-05,1.766e-05,1.766e-05,1.766e-05,0.0
1658030400000,1.766e-05,1.766e-05,1.766e-05,1.766e-05,0.0
1658034000000,1.766e-05,1.766e-05,1.766e-05,1.766e-05,0.0
1658037600000,1.814e-05,1.814e-05,1.814e-05,1.814e-05,33291.0
1658041200000,1.79e-05,1.79e-05,1.79e-05,1.79e-05,1999.0
1658044800000,1.794e-05,1.794e-05,1.794e-05,1.794e-05,2226.0
1658048400000,1.794e-05,1.794e-05,1.794e-05,1.794e-05,0.0
1658052000000,1.794e-05,1.794e-05,1.794e-05,1.794e-05,0.0
1658055600000,1.794e-05,1.794e-05,1.794e-05,1.794e-05,0.0
1658059200000,1.768e-05,1.768e-05,1.768e-05,1.768e-05,2770.0
1658062800000,1.768e-05,1.768e-05,1.768e-05,1.768e-05,0.0
1658066400000,1.768e-05,1.768e-05,1.768e-05,1.768e-05,0.0
1658070000000,1.768e-05,1.768e-05,1.768e-05,1.768e-05,0.0
1658073600000,1.737e-05,1.739e-05,1.737e-05,1.739e-05,1947.0
1658077200000,1.704e-05,1.704e-05,1.704e-05,1.704e-05,19975.0
1658080800000,1.741e-05,1.741e-05,1.741e-05,1.741e-05,789.0
1658084400000,1.741e-05,1.741e-05,1.741e-05,1.741e-05,0.0
1658088000000,1.741e-05,1.741e-05,1.741e-05,1.741e-05,0.0
1658091600000,1.719e-05,1.724e-05,1.719e-05,1.724e-05,12042.0
1658095200000,1.719e-05,1.719e-05,1.719e-05,1.719e-05,526.0
1658098800000,1.719e-05,1.719e-05,1.719e-05,1.719e-05,0.0
1658102400000,1.719e-05,1.719e-05,1.719e-05,1.719e-05,0.0
1658106000000,1.699e-05,1.699e-05,1.699e-05,1.699e-05,733.0
1658109600000,1.688e-05,1.688e-05,1.688e-05,1.688e-05,639.0
1658113200000,1.688e-05,1.688e-05,1.688e-05,1.688e-05,0.0
1658116800000,1.688e-05,1.688e-05,1.688e-05,1.688e-05,0.0
1658120400000,1.688e-05,1.688e-05,1.688e-05,1.688e-05,0.0
1658124000000,1.681e-05,1.681e-05,1.681e-05,1.681e-05,22094.0
1658127600000,1.681e-05,1.685e-05,1.681e-05,1.681e-05,350972.0
1658131200000,1.673e-05,1.673e-05,1.667e-05,1.667e-05,1375.0
1658134800000,1.667e-05,1.689e-05,1.667e-05,1.689e-05,128291.0
1658138400000,1.679e-05,1.734e-05,1.67e-05,1.707e-05,118419.0
1658142000000,1.697e-05,1.697e-05,1.685e-05,1.685e-05,1870.0
1658145600000,1.683e-05,1.683e-05,1.677e-05,1.677e-05,1719.0
1658149200000,1.69e-05,1.712e-05,1.69e-05,1.693e-05,44191.0
1658152800000,1.709e-05,1.71e-05,1.696e-05,1.696e-05,5873.0
1658156400000,1.699e-05,1.699e-05,1.665e-05,1.665e-05,99743.0
1658160000000,1.69e-05,1.876e-05,1.69e-05,1.799e-05,8128070.0
1658163600000,1.8e-05,1.8e-05,1.779e-05,1.779e-05,3897.0
1658167200000,1.774e-05,1.774e-05,1.733e-05,1.747e-05,146007.0
1658170800000,1.747e-05,1.747e-05,1.722e-05,1.722e-05,7888.0
1658174400000,1.721e-05,1.721e-05,1.721e-05,1.721e-05,4426.0
1658178000000,1.724e-05,1.724e-05,1.707e-05,1.707e-05,4131.0
1658181600000,1.722e-05,1.722e-05,1.722e-05,1.722e-05,1009.0
1658185200000,1.686e-05,1.737e-05,1.663e-05,1.69e-05,288509.0
1658188800000,1.674e-05,1.681e-05,1.645e-05,1.674e-05,146536.0
1658192400000,1.663e-05,1.672e-05,1.659e-05,1.659e-05,5254.0
1658196000000,1.662e-05,1.669e-05,1.662e-05,1.669e-05,18590.0
1658199600000,1.662e-05,1.67e-05,1.662e-05,1.662e-05,14832.0
1658203200000,1.657e-05,1.657e-05,1.657e-05,1.657e-05,4090.0
1658206800000,1.656e-05,1.661e-05,1.654e-05,1.654e-05,19937.0
1658210400000,1.656e-05,1.656e-05,1.634e-05,1.641e-05,73657.0
1658214000000,1.634e-05,1.634e-05,1.626e-05,1.626e-05,4659.0
1658217600000,1.638e-05,1.638e-05,1.638e-05,1.638e-05,995.0
1658221200000,1.638e-05,1.638e-05,1.638e-05,1.638e-05,0.0
1658224800000,1.642e-05,1.642e-05,1.642e-05,1.642e-05,981.0
1658228400000,1.646e-05,1.646e-05,1.64e-05,1.64e-05,1972.0
1658232000000,1.638e-05,1.646e-05,1.638e-05,1.643e-05,7685.0
1658235600000,1.674e-05,1.674e-05,1.665e-05,1.665e-05,4803.0
1658239200000,1.673e-05,1.673e-05,1.653e-05,1.671e-05,148534.0
1658242800000,1.673e-05,1.673e-05,1.672e-05,1.673e-05,21928.0
1658246400000,1.689e-05,1.691e-05,1.649e-05,1.649e-05,5588.0
1658250000000,1.668e-05,1.668e-05,1.657e-05,1.657e-05,7929.0
1658253600000,1.656e-05,1.656e-05,1.645e-05,1.653e-05,20181.0
1658257200000,1.656e-05,1.658e-05,1.656e-05,1.658e-05,1353.0
1658260800000,1.668e-05,1.668e-05,1.664e-05,1.664e-05,2084.0
1658264400000,1.663e-05,1.667e-05,1.661e-05,1.666e-05,8455.0
1658268000000,1.674e-05,1.72e-05,1.665e-05,1.665e-05,438837.0
1658271600000,1.667e-05,1.688e-05,1.667e-05,1.676e-05,24666.0
1658275200000,1.676e-05,1.686e-05,1.667e-05,1.667e-05,22206.0
1658278800000,1.667e-05,1.716e-05,1.667e-05,1.691e-05,911956.0
1658282400000,1.7e-05,1.805e-05,1.695e-05,1.768e-05,784666.0
1658286000000,1.758e-05,1.759e-05,1.731e-05,1.741e-05,97488.0
1658289600000,1.741e-05,1.741e-05,1.741e-05,1.741e-05,0.0
1658293200000,1.739e-05,1.739e-05,1.739e-05,1.739e-05,1021.0
1658296800000,1.736e-05,1.747e-05,1.735e-05,1.735e-05,3974.0
1658300400000,1.735e-05,1.757e-05,1.733e-05,1.733e-05,3600.0
1658304000000,1.728e-05,1.728e-05,1.705e-05,1.71e-05,205881.0
1658307600000,1.718e-05,1.725e-05,1.713e-05,1.725e-05,11371.0
1658311200000,1.722e-05,1.722e-05,1.682e-05,1.682e-05,59937.0
1658314800000,1.668e-05,1.668e-05,1.656e-05,1.664e-05,160090.0
1658318400000,1.659e-05,1.66e-05,1.652e-05,1.652e-05,5162.0
1658322000000,1.669e-05,1.669e-05,1.669e-05,1.669e-05,995.0
1658325600000,1.669e-05,1.673e-05,1.669e-05,1.673e-05,2784.0
1658329200000,1.688e-05,1.688e-05,1.688e-05,1.688e-05,995.0
1658332800000,1.678e-05,1.735e-05,1.66e-05,1.677e-05,45490.0
1658336400000,1.672e-05,1.672e-05,1.672e-05,1.672e-05,330.0
1658340000000,1.666e-05,1.666e-05,1.666e-05,1.666e-05,18868.0
1658343600000,1.669e-05,1.67e-05,1.663e-05,1.663e-05,4035.0
1658347200000,1.665e-05,1.665e-05,1.598e-05,1.598e-05,122984.0
1658350800000,1.616e-05,1.621e-05,1.609e-05,1.618e-05,32995.0
1658354400000,1.625e-05,1.628e-05,1.612e-05,1.612e-05,10142.0
1658358000000,1.618e-05,1.64e-05,1.614e-05,1.621e-05,51272.0
1658361600000,1.624e-05,1.624e-05,1.62e-05,1.62e-05,2086.0
1658365200000,1.62e-05,1.62e-05,1.62e-05,1.62e-05,0.0
1658368800000,1.609e-05,1.61e-05,1.609e-05,1.61e-05,7401.0
1658372400000,1.597e-05,1.597e-05,1.597e-05,1.597e-05,1335.0
1658376000000,1.609e-05,1.624e-05,1.609e-05,1.623e-05,42694.0
1658379600000,1.618e-05,1.618e-05,1.618e-05,1.618e-05,1102.0
1658383200000,1.615e-05,1.615e-05,1.615e-05,1.615e-05,20729.0
1658386800000,1.615e-05,1.615e-05,1.615e-05,1.615e-05,0.0
1658390400000,1.615e-05,1.615e-05,1.615e-05,1.615e-05,0.0
1658394000000,1.615e-05,1.615e-05,1.615e-05,1.615e-05,0.0
1658397600000,1.615e-05,1.615e-05,1.615e-05,1.615e-05,0.0
1658401200000,1.625e-05,1.631e-05,1.623e-05,1.631e-05,6372.0
1658404800000,1.629e-05,1.629e-05,1.629e-05,1.629e-05,1105.0
1658408400000,1.629e-05,1.629e-05,1.629e-05,1.629e-05,0.0
1658412000000,1.624e-05,1.624e-05,1.624e-05,1.624e-05,1120.0
1658415600000,1.617e-05,1.617e-05,1.617e-05,1.617e-05,1104.0
1658419200000,1.611e-05,1.611e-05,1.591e-05,1.607e-05,4574.0
1658422800000,1.615e-05,1.615e-05,1.601e-05,1.601e-05,33667.0
1658426400000,1.612e-05,1.614e-05,1.612e-05,1.614e-05,24956.0
1658430000000,1.611e-05,1.611e-05,1.6e-05,1.6e-05,5271.0
1658433600000,1.589e-05,1.6e-05,1.589e-05,1.6e-05,2120.0
1658437200000,1.587e-05,1.601e-05,1.587e-05,1.601e-05,73604.0
1658440800000,1.593e-05,1.595e-05,1.592e-05,1.595e-05,10036.0
1658444400000,1.598e-05,1.639e-05,1.598e-05,1.633e-05,21084.0
1658448000000,1.633e-05,1.633e-05,1.633e-05,1.633e-05,0.0
1658451600000,1.648e-05,1.676e-05,1.641e-05,1.676e-05,257745.0
1658455200000,1.654e-05,1.659e-05,1.654e-05,1.656e-05,5002.0
1658458800000,1.653e-05,1.663e-05,1.65e-05,1.656e-05,62871.0
1658462400000,1.654e-05,1.655e-05,1.635e-05,1.638e-05,27218.0
1658466000000,1.636e-05,1.642e-05,1.618e-05,1.642e-05,672180.0
1658469600000,1.637e-05,1.637e-05,1.63e-05,1.63e-05,7398.0
1658473200000,1.622e-05,1.625e-05,1.622e-05,1.625e-05,36896.0
1658476800000,1.61e-05,1.617e-05,1.603e-05,1.603e-05,67301.0
1658480400000,1.6e-05,1.602e-05,1.592e-05,1.6e-05,58318.0
1658484000000,1.602e-05,1.602e-05,1.602e-05,1.602e-05,8824.0
1658487600000,1.606e-05,1.606e-05,1.598e-05,1.606e-05,5477.0
1658491200000,1.617e-05,1.617e-05,1.602e-05,1.602e-05,4763.0
1658494800000,1.604e-05,1.609e-05,1.599e-05,1.607e-05,32847.0
1658498400000,1.604e-05,1.604e-05,1.604e-05,1.604e-05,7095.0
1658502000000,1.6e-05,1.6e-05,1.597e-05,1.6e-05,6993.0
1658505600000,1.602e-05,1.602e-05,1.602e-05,1.602e-05,1068.0
1658509200000,1.634e-05,1.681e-05,1.634e-05,1.664e-05,176523.0
1658512800000,1.656e-05,1.656e-05,1.654e-05,1.654e-05,2074.0
1658516400000,1.652e-05,1.652e-05,1.623e-05,1.623e-05,40446.0
1658520000000,1.623e-05,1.623e-05,1.623e-05,1.623e-05,0.0
1658523600000,1.654e-05,1.671e-05,1.654e-05,1.671e-05,4174.0
1658527200000,1.685e-05,1.7e-05,1.685e-05,1.7e-05,18881.0
1658530800000,1.7e-05,1.7e-05,1.7e-05,1.7e-05,1079.0
1658534400000,1.707e-05,1.707e-05,1.707e-05,1.707e-05,1079.0
1658538000000,1.756e-05,1.843e-05,1.756e-05,1.809e-05,324412.0
1658541600000,1.826e-05,1.828e-05,1.776e-05,1.793e-05,75942.0
1658545200000,1.793e-05,1.804e-05,1.793e-05,1.794e-05,7991.0
1658548800000,1.844e-05,1.863e-05,1.833e-05,1.833e-05,70500.0
1658552400000,1.841e-05,1.855e-05,1.81e-05,1.81e-05,30852.0
1658556000000,1.806e-05,1.806e-05,1.769e-05,1.771e-05,96471.0
1658559600000,1.78e-05,1.783e-05,1.76e-05,1.76e-05,136619.0
1658563200000,1.775e-05,1.777e-05,1.754e-05,1.777e-05,9891.0
1658566800000,1.78e-05,1.793e-05,1.777e-05,1.777e-05,61814.0
1658570400000,1.791e-05,1.805e-05,1.761e-05,1.764e-05,51167.0
1658574000000,1.778e-05,1.778e-05,1.778e-05,1.778e-05,1208.0
1658577600000,1.773e-05,1.805e-05,1.773e-05,1.788e-05,14969.0
1658581200000,1.787e-05,1.798e-05,1.787e-05,1.798e-05,6573.0
1658584800000,1.798e-05,1.798e-05,1.777e-05,1.777e-05,2381.0
1658588400000,1.765e-05,1.78e-05,1.765e-05,1.78e-05,1518.0
1658592000000,1.792e-05,1.822e-05,1.789e-05,1.789e-05,9607.0
1658595600000,1.805e-05,1.823e-05,1.802e-05,1.802e-05,11003.0
1658599200000,1.789e-05,1.818e-05,1.765e-05,1.765e-05,11353.0
1658602800000,1.765e-05,1.78e-05,1.765e-05,1.78e-05,6313.0
1658606400000,1.78e-05,1.78e-05,1.78e-05,1.78e-05,0.0
1658610000000,1.765e-05,1.765e-05,1.765e-05,1.765e-05,759.0
1658613600000,1.763e-05,1.763e-05,1.758e-05,1.758e-05,4865.0
1658617200000,1.768e-05,1.768e-05,1.753e-05,1.768e-05,2377.0
1658620800000,1.753e-05,1.753e-05,1.742e-05,1.742e-05,4388.0
1658624400000,1.73e-05,1.745e-05,1.725e-05,1.725e-05,8514.0
1658628000000,1.745e-05,1.745e-05,1.745e-05,1.745e-05,775.0
1658631600000,1.745e-05,1.745e-05,1.745e-05,1.745e-05,0.0
1658635200000,1.73e-05,1.73e-05,1.73e-05,1.73e-05,775.0
1658638800000,1.718e-05,1.718e-05,1.707e-05,1.707e-05,2266.0
1658642400000,1.707e-05,1.707e-05,1.707e-05,1.707e-05,0.0
1658646000000,1.725e-05,1.725e-05,1.725e-05,1.725e-05,290.0
1658649600000,1.706e-05,1.706e-05,1.706e-05,1.706e-05,785.0
1658653200000,1.706e-05,1.706e-05,1.706e-05,1.706e-05,0.0
1658656800000,1.706e-05,1.706e-05,1.706e-05,1.706e-05,0.0
1658660400000,1.695e-05,1.695e-05,1.684e-05,1.684e-05,1428.0
1658664000000,1.701e-05,1.71e-05,1.699e-05,1.71e-05,5867.0
1658667600000,1.703e-05,1.705e-05,1.695e-05,1.695e-05,9020.0
1658671200000,1.684e-05,1.684e-05,1.678e-05,1.678e-05,1659.0
1658674800000,1.692e-05,1.699e-05,1.692e-05,1.699e-05,1103.0
1658678400000,1.694e-05,1.694e-05,1.694e-05,1.694e-05,2618.0
1658682000000,1.684e-05,1.684e-05,1.674e-05,1.674e-05,44532.0
1658685600000,1.672e-05,1.672e-05,1.656e-05,1.663e-05,5577.0
1658689200000,1.658e-05,1.659e-05,1.658e-05,1.659e-05,718.0
1658692800000,1.652e-05,1.653e-05,1.652e-05,1.652e-05,68677.0
1658696400000,1.652e-05,1.652e-05,1.652e-05,1.652e-05,0.0
1658700000000,1.659e-05,1.659e-05,1.659e-05,1.659e-05,11624.0
1658703600000,1.654e-05,1.654e-05,1.654e-05,1.654e-05,3403.0
1658707200000,1.649e-05,1.653e-05,1.638e-05,1.638e-05,61827.0
1658710800000,1.658e-05,1.668e-05,1.64e-05,1.664e-05,617645.0
1658714400000,1.675e-05,1.688e-05,1.675e-05,1.683e-05,77157.0
1658718000000,1.685e-05,1.692e-05,1.684e-05,1.692e-05,29369.0
1658721600000,1.698e-05,1.699e-05,1.698e-05,1.699e-05,1106.0
1658725200000,1.699e-05,1.699e-05,1.699e-05,1.699e-05,0.0
1658728800000,1.699e-05,1.699e-05,1.699e-05,1.699e-05,0.0
1658732400000,1.699e-05,1.699e-05,1.699e-05,1.699e-05,0.0
1658736000000,1.71e-05,1.711e-05,1.702e-05,1.707e-05,3790.0
1658739600000,1.695e-05,1.695e-05,1.695e-05,1.695e-05,791.0
1658743200000,1.69e-05,1.69e-05,1.69e-05,1.69e-05,889.0
1658746800000,1.692e-05,1.692e-05,1.684e-05,1.684e-05,5499.0
1658750400000,1.678e-05,1.678e-05,1.678e-05,1.678e-05,585.0
1658754000000,1.699e-05,1.699e-05,1.699e-05,1.699e-05,796.0
1658757600000,1.699e-05,1.699e-05,1.699e-05,1.699e-05,0.0
1658761200000,1.69e-05,1.693e-05,1.687e-05,1.693e-05,9354.0
1658764800000,1.693e-05,1.693e-05,1.693e-05,1.693e-05,0.0
1658768400000,1.684e-05,1.699e-05,1.684e-05,1.699e-05,1696.0
1658772000000,1.699e-05,1.699e-05,1.699e-05,1.699e-05,0.0
1658775600000,1.71e-05,1.713e-05,1.695e-05,1.695e-05,8027.0
1658779200000,1.684e-05,1.685e-05,1.672e-05,1.672e-05,7456.0
1658782800000,1.687e-05,1.687e-05,1.687e-05,1.687e-05,801.0
1658786400000,1.699e-05,1.71e-05,1.699e-05,1.71e-05,1587.0
1658790000000,1.721e-05,1.733e-05,1.702e-05,1.702e-05,127249.0
1658793600000,1.695e-05,1.73e-05,1.672e-05,1.73e-05,14448.0
1658797200000,1.733e-05,1.744e-05,1.721e-05,1.721e-05,2524.0
1658800800000,1.736e-05,1.736e-05,1.736e-05,1.736e-05,89.0
1658804400000,1.736e-05,1.736e-05,1.736e-05,1.736e-05,0.0
1658808000000,1.725e-05,1.725e-05,1.725e-05,1.725e-05,2558.0
1658811600000,1.742e-05,1.742e-05,1.734e-05,1.742e-05,4672.0
1658815200000,1.744e-05,1.744e-05,1.733e-05,1.74e-05,646.0
1658818800000,1.743e-05,1.745e-05,1.743e-05,1.745e-05,21054.0
1658822400000,1.734e-05,1.734e-05,1.734e-05,1.734e-05,3765.0
1658826000000,1.745e-05,1.745e-05,1.745e-05,1.745e-05,105196.0
1658829600000,1.745e-05,1.745e-05,1.745e-05,1.745e-05,0.0
1658833200000,1.757e-05,1.757e-05,1.757e-05,1.757e-05,769.0
1658836800000,1.742e-05,1.757e-05,1.742e-05,1.754e-05,3567.0
1658840400000,1.754e-05,1.754e-05,1.754e-05,1.754e-05,0.0
1658844000000,1.754e-05,1.754e-05,1.754e-05,1.754e-05,0.0
1658847600000,1.768e-05,1.768e-05,1.768e-05,1.768e-05,33591.0
1658851200000,1.768e-05,1.768e-05,1.768e-05,1.768e-05,0.0
1658854800000,1.768e-05,1.768e-05,1.768e-05,1.768e-05,0.0
1658858400000,1.767e-05,1.767e-05,1.767e-05,1.767e-05,1509.0
1658862000000,1.78e-05,1.78e-05,1.753e-05,1.753e-05,2282.0
1658865600000,1.768e-05,1.768e-05,1.768e-05,1.768e-05,764.0
1658869200000,1.768e-05,1.78e-05,1.768e-05,1.78e-05,1109.0
1658872800000,1.765e-05,1.765e-05,1.765e-05,1.765e-05,759.0
1658876400000,1.753e-05,1.753e-05,1.729e-05,1.742e-05,44475.0
1658880000000,1.745e-05,1.745e-05,1.73e-05,1.735e-05,5620.0
1658883600000,1.735e-05,1.745e-05,1.735e-05,1.745e-05,34578.0
1658887200000,1.73e-05,1.73e-05,1.727e-05,1.727e-05,5462.0
1658890800000,1.732e-05,1.732e-05,1.732e-05,1.732e-05,4687.0
1658894400000,1.732e-05,1.732e-05,1.732e-05,1.732e-05,0.0
1658898000000,1.732e-05,1.732e-05,1.732e-05,1.732e-05,0.0
1658901600000,1.718e-05,1.718e-05,1.712e-05,1.712e-05,3204.0
1658905200000,1.712e-05,1.712e-05,1.712e-05,1.712e-05,0.0
1658908800000,1.706e-05,1.706e-05,1.695e-05,1.695e-05,1576.0
1658912400000,1.695e-05,1.695e-05,1.695e-05,1.695e-05,0.0
1658916000000,1.695e-05,1.695e-05,1.695e-05,1.695e-05,0.0
1658919600000,1.688e-05,1.688e-05,1.687e-05,1.687e-05,36592.0
1658923200000,1.698e-05,1.698e-05,1.684e-05,1.684e-05,5288.0
1658926800000,1.683e-05,1.683e-05,1.674e-05,1.674e-05,21399.0
1658930400000,1.674e-05,1.674e-05,1.674e-05,1.674e-05,0.0
1658934000000,1.672e-05,1.672e-05,1.672e-05,1.672e-05,801.0
1658937600000,1.661e-05,1.661e-05,1.661e-05,1.661e-05,807.0
1658941200000,1.661e-05,1.661e-05,1.661e-05,1.661e-05,0.0
1658944800000,1.661e-05,1.665e-05,1.661e-05,1.665e-05,10425.0
1658948400000,1.636e-05,1.636e-05,1.635e-05,1.635e-05,1684.0
1658952000000,1.636e-05,1.645e-05,1.635e-05,1.645e-05,3269.0
1658955600000,1.645e-05,1.645e-05,1.645e-05,1.645e-05,0.0
1658959200000,1.645e-05,1.645e-05,1.645e-05,1.645e-05,0.0
1658962800000,1.642e-05,1.649e-05,1.64e-05,1.64e-05,136383.0
1658966400000,1.651e-05,1.651e-05,1.638e-05,1.638e-05,21709.0
1658970000000,1.635e-05,1.635e-05,1.635e-05,1.635e-05,3687.0
1658973600000,1.675e-05,1.68e-05,1.64e-05,1.64e-05,27725.0
1658977200000,1.641e-05,1.643e-05,1.631e-05,1.634e-05,36200.0
1658980800000,1.635e-05,1.639e-05,1.635e-05,1.637e-05,59860.0
1658984400000,1.637e-05,1.637e-05,1.637e-05,1.637e-05,0.0
1658988000000,1.626e-05,1.626e-05,1.619e-05,1.619e-05,19754.0
1658991600000,1.635e-05,1.641e-05,1.63e-05,1.641e-05,50174.0
1658995200000,1.632e-05,1.632e-05,1.626e-05,1.627e-05,42612.0
1658998800000,1.627e-05,1.627e-05,1.627e-05,1.627e-05,0.0
1659002400000,1.627e-05,1.627e-05,1.627e-05,1.627e-05,0.0
1659006000000,1.627e-05,1.627e-05,1.627e-05,1.627e-05,0.0
1659009600000,1.642e-05,1.642e-05,1.641e-05,1.641e-05,23064.0
1659013200000,1.644e-05,1.644e-05,1.644e-05,1.644e-05,1107.0
1659016800000,1.633e-05,1.638e-05,1.623e-05,1.638e-05,60597.0
1659020400000,1.634e-05,1.635e-05,1.602e-05,1.609e-05,36809.0
1659024000000,1.604e-05,1.628e-05,1.604e-05,1.628e-05,27935.0
1659027600000,1.628e-05,1.628e-05,1.628e-05,1.628e-05,0.0
1659031200000,1.596e-05,1.596e-05,1.59e-05,1.59e-05,12177.0
1659034800000,1.582e-05,1.582e-05,1.574e-05,1.574e-05,30399.0
1659038400000,1.566e-05,1.566e-05,1.552e-05,1.552e-05,11483.0
1659042000000,1.561e-05,1.561e-05,1.561e-05,1.561e-05,36529.0
1659045600000,1.568e-05,1.568e-05,1.568e-05,1.568e-05,1498.0
1659049200000,1.582e-05,1.585e-05,1.582e-05,1.585e-05,19665.0
1659052800000,1.605e-05,1.618e-05,1.605e-05,1.618e-05,118371.0
1659056400000,1.618e-05,1.618e-05,1.618e-05,1.618e-05,0.0
1659060000000,1.618e-05,1.618e-05,1.618e-05,1.618e-05,0.0
1659063600000,1.654e-05,1.836e-05,1.654e-05,1.836e-05,91086.0
1659067200000,1.846e-05,2.018e-05,1.846e-05,1.932e-05,607135.0
1659070800000,1.932e-05,2.049e-05,1.919e-05,2.02e-05,99699.0
1659074400000,2.051e-05,2.06e-05,1.955e-05,1.955e-05,1078756.0
1659078000000,1.987e-05,2.022e-05,1.981e-05,1.984e-05,104984.0
1659081600000,1.986e-05,2.1e-05,1.986e-05,2.1e-05,1450.0
1659085200000,2.086e-05,2.128e-05,1.976e-05,1.976e-05,155987.0
1659088800000,1.968e-05,1.976e-05,1.961e-05,1.961e-05,65183.0
1659092400000,1.951e-05,1.951e-05,1.869e-05,1.872e-05,132937.0
1659096000000,1.872e-05,1.872e-05,1.801e-05,1.843e-05,129996.0
1659099600000,1.845e-05,1.875e-05,1.833e-05,1.844e-05,416451.0
1659103200000,1.842e-05,1.855e-05,1.792e-05,1.792e-05,124834.0
1659106800000,1.802e-05,1.815e-05,1.788e-05,1.815e-05,69049.0
1659110400000,1.855e-05,1.867e-05,1.714e-05,1.782e-05,448749.0
1659114000000,1.761e-05,1.761e-05,1.761e-05,1.761e-05,4687.0
1659117600000,1.753e-05,1.753e-05,1.734e-05,1.734e-05,16540.0
1659121200000,1.727e-05,1.765e-05,1.727e-05,1.73e-05,96903.0
1659124800000,1.735e-05,1.74e-05,1.735e-05,1.74e-05,6879.0
1659128400000,1.733e-05,1.733e-05,1.729e-05,1.729e-05,17748.0
1659132000000,1.765e-05,1.774e-05,1.751e-05,1.751e-05,36566.0
1659135600000,1.746e-05,1.768e-05,1.739e-05,1.743e-05,89889.0
1659139200000,1.746e-05,1.774e-05,1.746e-05,1.774e-05,23780.0
1659142800000,1.761e-05,1.761e-05,1.754e-05,1.761e-05,37310.0
1659146400000,1.784e-05,1.784e-05,1.784e-05,1.784e-05,2861.0
1659150000000,1.776e-05,1.776e-05,1.776e-05,1.776e-05,4687.0
1659153600000,1.776e-05,1.776e-05,1.776e-05,1.776e-05,0.0
1659157200000,1.776e-05,1.776e-05,1.773e-05,1.773e-05,15134.0
1659160800000,1.769e-05,1.79e-05,1.769e-05,1.79e-05,72774.0
1659164400000,1.784e-05,1.784e-05,1.784e-05,1.784e-05,917.0
1659168000000,1.799e-05,1.81e-05,1.792e-05,1.81e-05,170545.0
1659171600000,1.826e-05,1.873e-05,1.826e-05,1.84e-05,139252.0
1659175200000,1.813e-05,1.824e-05,1.779e-05,1.794e-05,166669.0
1659178800000,1.801e-05,1.806e-05,1.801e-05,1.806e-05,19305.0
1659182400000,1.8e-05,1.8e-05,1.8e-05,1.8e-05,5625.0
1659186000000,1.791e-05,1.832e-05,1.789e-05,1.826e-05,20204.0
1659189600000,1.835e-05,1.922e-05,1.835e-05,1.873e-05,381784.0
