1594011600000,0.0008388,0.0016879,0.000751,0.0008398,104128172.0
1594015200000,0.0008408,0.0008449,0.0008396,0.000844,10263164.0
1594018800000,0.000844,0.0008442,0.000841,0.0008419,14145147.0
1594022400000,0.0008419,0.000843,0.000841,0.000841,6323284.0
1594026000000,0.0008424,0.0008424,0.0008414,0.0008415,5560869.0
1594029600000,0.0008418,0.0008434,0.0008416,0.0008431,3170247.0
1594033200000,0.0008431,0.0008433,0.0008431,0.0008433,356825.0
1594036800000,0.0008433,0.0008433,0.0008421,0.0008421,1258211.0
1594040400000,0.0008421,0.000843,0.0008419,0.000843,7318435.0
1594044000000,0.000843,0.000843,0.0008419,0.000843,3309517.0
1594047600000,0.000843,0.0008434,0.0008415,0.0008432,25441662.0
1594051200000,0.0008415,0.0008435,0.0008415,0.000842,2789372.0
1594054800000,0.0008425,0.0008432,0.0008413,0.0008413,3036322.0
1594058400000,0.000843,0.0008434,0.0008416,0.000842,10137224.0
1594062000000,0.0008433,0.0008433,0.000842,0.0008433,4955195.0
1594065600000,0.0008433,0.0008438,0.0008418,0.0008438,10011828.0
1594069200000,0.0008438,0.0008441,0.0008421,0.0008438,912650.0
1594072800000,0.0008425,0.000843,0.0008419,0.000843,1358670.0
1594076400000,0.000843,0.000843,0.0008423,0.0008423,7472554.0
1594080000000,0.000843,0.0008441,0.000843,0.0008435,4682067.0
1594083600000,0.0008435,0.0008449,0.0008416,0.0008416,2264905.0
1594087200000,0.0008416,0.0008436,0.0008414,0.0008419,313628.0
1594090800000,0.0008431,0.0008431,0.0008419,0.0008419,185470.0
1594094400000,0.0008431,0.0008431,0.000843,0.000843,947329.0
1594098000000,0.0008438,0.0008444,0.000842,0.000842,343644.0
1594101600000,0.000842,0.000842,0.0008417,0.000842,466789.0
1594105200000,0.0008417,0.0008421,0.0008393,0.0008417,2488108.0
1594108800000,0.0008425,0.0008426,0.000841,0.000841,3729206.0
1594112400000,0.000841,0.0008425,0.0008394,0.0008401,3020919.0
1594116000000,0.0008427,0.0008427,0.0008398,0.0008425,878284.0
1594119600000,0.0008423,0.0008437,0.0008402,0.0008437,2019586.0
1594123200000,0.0008411,0.0008427,0.0008407,0.000842,2327960.0
1594126800000,0.0008412,0.0008438,0.0008412,0.0008438,443320.0
1594130400000,0.000844,0.0008443,0.0008407,0.0008407,4140860.0
1594134000000,0.0008407,0.0008444,0.0008407,0.0008411,452626.0
1594137600000,0.0008411,0.000844,0.0008402,0.0008402,969715.0
1594141200000,0.0008405,0.0008437,0.0008403,0.0008437,587351.0
1594144800000,0.0008406,0.0008437,0.0008406,0.0008431,3077587.0
1594148400000,0.0008408,0.000843,0.0008397,0.0008427,8187644.0
1594152000000,0.0008416,0.0008416,0.0008394,0.0008394,1693157.0
1594155600000,0.0008424,0.0008424,0.0008415,0.0008415,99112.0
1594159200000,0.0008415,0.0008415,0.0008415,0.0008415,110404.0
1594162800000,0.0008415,0.0008415,0.0008396,0.0008415,1693013.0
1594166400000,0.0008415,0.0008415,0.0008403,0.0008403,174788.0
1594170000000,0.0008414,0.0008415,0.0008392,0.0008415,1922497.0
1594173600000,0.000841,0.0008415,0.0008389,0.0008402,7247238.0
1594177200000,0.0008415,0.0008415,0.0008408,0.0008415,2076530.0
1594180800000,0.0008415,0.0008415,0.0008408,0.0008415,5180749.0
1594184400000,0.0008409,0.0008415,0.0008409,0.0008411,8361819.0
1594188000000,0.0008415,0.0008415,0.0008411,0.0008415,755950.0
1594191600000,0.0008415,0.0008415,0.0008411,0.0008411,1106502.0
1594195200000,0.0008411,0.0008424,0.0008411,0.0008411,1524228.0
1594198800000,0.0008411,0.0008425,0.0008401,0.0008401,1208437.0
1594202400000,0.0008416,0.0008416,0.0008416,0.0008416,59410.0
1594206000000,0.0008416,0.0008422,0.0008404,0.0008422,3691700.0
1594209600000,0.0008422,0.0008429,0.0008404,0.0008428,1528003.0
1594213200000,0.0008427,0.0008428,0.0008403,0.0008403,747144.0
1594216800000,0.0008433,0.000844,0.0008409,0.0008409,999410.0
1594220400000,0.0008409,0.0008435,0.0008409,0.0008435,316009.0
1594224000000,0.0008436,0.0008441,0.0008428,0.0008428,1255977.0
1594227600000,0.0008428,0.0008441,0.0008413,0.0008441,1065869.0
1594231200000,0.0008441,0.0008441,0.0008441,0.0008441,361378.0
1594234800000,0.0008441,0.0008441,0.000842,0.0008441,537221.0
1594238400000,0.0008439,0.0008441,0.0008439,0.0008441,446806.0
1594242000000,0.0008441,0.0008441,0.0008426,0.0008441,188836.0
1594245600000,0.0008441,0.0008441,0.000844,0.000844,473015.0
1594249200000,0.000844,0.0008441,0.0008423,0.0008441,306754.0
1594252800000,0.0008441,0.0008441,0.0008441,0.0008441,1516452.0
1594256400000,0.0008433,0.0008433,0.0008433,0.0008433,196395.0
1594260000000,0.0008441,0.0008441,0.0008433,0.0008441,486692.0
1594263600000,0.0008433,0.0008436,0.0008432,0.0008436,304203.0
1594267200000,0.0008441,0.0008444,0.0008436,0.0008442,1102433.0
1594270800000,0.0008446,0.0008446,0.0008442,0.0008445,791488.0
1594274400000,0.0008436,0.000844,0.0008402,0.0008405,5163581.0
1594278000000,0.0008441,0.0008443,0.0008403,0.000844,3585335.0
1594281600000,0.0008439,0.000844,0.0008439,0.0008439,358690.0
1594285200000,0.000844,0.000844,0.000844,0.000844,95466.0
1594288800000,0.0008414,0.0008439,0.0008414,0.0008439,134979.0
1594292400000,0.0008439,0.0008439,0.0008439,0.0008439,70880.0
1594296000000,0.0008439,0.0008439,0.0008435,0.0008439,1143794.0
1594299600000,0.0008439,0.0008445,0.0008435,0.0008441,2870845.0
1594303200000,0.0008435,0.0008435,0.0008435,0.0008435,566902.0
1594306800000,0.000841,0.0008437,0.00084,0.00084,1933086.0
1594310400000,0.0008426,0.0008429,0.00084,0.0008429,425130.0
1594314000000,0.0008429,0.0008432,0.0008396,0.0008396,2103350.0
1594317600000,0.0008396,0.0008396,0.0008396,0.0008396,23936.0
1594321200000,0.00084,0.0008429,0.00084,0.000842,24407.0
1594324800000,0.000842,0.0008429,0.0008396,0.0008429,1791908.0
1594328400000,0.0008431,0.0008431,0.0008428,0.0008428,549179.0
1594332000000,0.0008428,0.0008428,0.0008428,0.0008428,16493.0
1594335600000,0.0008431,0.0008431,0.0008431,0.0008431,21717.0
1594339200000,0.0008396,0.0008403,0.0008389,0.0008389,1648930.0
1594342800000,0.000839,0.00084,0.000839,0.00084,226655.0
1594346400000,0.00084,0.0008402,0.0008364,0.0008397,2821531.0
1594350000000,0.0008396,0.0008396,0.0008384,0.0008384,1123814.0
1594353600000,0.0008384,0.0008384,0.0008359,0.0008362,250795.0
1594357200000,0.0008362,0.0008387,0.0008362,0.0008378,735290.0
1594360800000,0.0008365,0.0008388,0.0008365,0.0008388,457696.0
1594364400000,0.0008365,0.0008402,0.0008365,0.0008402,505423.0
1594368000000,0.0008365,0.0008408,0.0008365,0.0008408,1377284.0
1594371600000,0.0008408,0.0008408,0.0008371,0.0008371,65000.0
1594375200000,0.0008407,0.0008409,0.0008407,0.0008408,79408.0
1594378800000,0.0008408,0.0008408,0.0008366,0.0008368,2074469.0
1594382400000,0.0008371,0.0008371,0.0008371,0.0008371,20042.0
1594386000000,0.0008403,0.0008405,0.0008372,0.0008372,450672.0
1594389600000,0.0008375,0.0008415,0.0008373,0.0008405,577433.0
1594393200000,0.0008406,0.0008406,0.0008406,0.0008406,576423.0
1594396800000,0.0008371,0.0008371,0.0008366,0.0008366,118899.0
1594400400000,0.0008367,0.0008404,0.0008366,0.0008366,229794.0
1594404000000,0.0008404,0.0008404,0.0008366,0.0008399,436942.0
1594407600000,0.0008368,0.0008368,0.0008367,0.0008367,141747.0
1594411200000,0.0008399,0.0008407,0.0008399,0.0008405,1825121.0
1594414800000,0.0008403,0.0008403,0.000837,0.000837,605413.0
1594418400000,0.0008401,0.0008401,0.0008368,0.0008401,135222.0
1594422000000,0.0008401,0.0008407,0.0008401,0.0008407,366651.0
1594425600000,0.0008404,0.0008406,0.0008388,0.0008406,322618.0
1594429200000,0.0008368,0.0008408,0.0008367,0.000837,1307567.0
1594432800000,0.0008407,0.0008409,0.000837,0.0008371,254491.0
1594436400000,0.0008406,0.0008414,0.0008401,0.0008414,22609052.0
1594440000000,0.0008367,0.0008407,0.0008332,0.0008407,23938562.0
1594443600000,0.0008407,0.0008409,0.0008407,0.0008407,2019034.0
1594447200000,0.0008412,0.0008412,0.00084,0.0008407,894618.0
1594450800000,0.0008407,0.000841,0.0008366,0.0008405,413154.0
1594454400000,0.0008407,0.0008407,0.0008395,0.0008407,554066.0
1594458000000,0.0008409,0.0008412,0.0008367,0.0008367,3593016.0
1594461600000,0.0008408,0.0008408,0.0008407,0.0008407,35719.0
1594465200000,0.0008407,0.0008407,0.0008407,0.0008407,3551.0
1594468800000,0.0008407,0.000841,0.0008407,0.000841,361721.0
1594472400000,0.000841,0.0008411,0.000841,0.0008411,774939.0
1594476000000,0.0008411,0.0008411,0.0008375,0.00084,211603.0
1594479600000,0.00084,0.00084,0.00084,0.00084,56332.0
1594483200000,0.0008411,0.0008411,0.000839,0.000839,65086.0
1594486800000,0.000839,0.0008411,0.000839,0.0008411,31899.0
1594490400000,0.0008411,0.0008411,0.0008411,0.0008411,42137.0
1594494000000,0.000841,0.0008413,0.000841,0.0008413,336239.0
1594497600000,0.000839,0.0008413,0.000839,0.0008413,67128.0
1594501200000,0.0008413,0.0008413,0.000841,0.0008413,1111027.0
1594504800000,0.0008413,0.0008413,0.0008413,0.0008413,0.0
1594508400000,0.0008413,0.0008414,0.0008411,0.0008414,851774.0
1594512000000,0.0008414,0.0008414,0.0008414,0.0008414,118849.0
1594515600000,0.0008414,0.0008416,0.000839,0.0008413,1250861.0
1594519200000,0.000839,0.0008412,0.000839,0.000839,321907.0
1594522800000,0.000839,0.000839,0.000839,0.000839,0.0
1594526400000,0.000839,0.000839,0.000839,0.000839,0.0
1594530000000,0.0008407,0.0008407,0.0008407,0.0008407,17842.0
1594533600000,0.000839,0.000842,0.000839,0.0008418,1579498.0
1594537200000,0.0008417,0.0008417,0.0008416,0.0008416,45874.0
1594540800000,0.0008416,0.0008417,0.0008408,0.0008408,427361.0
1594544400000,0.0008408,0.0008408,0.0008391,0.0008391,155611.0
1594548000000,0.00084,0.0008417,0.00084,0.00084,292144.0
1594551600000,0.0008415,0.0008416,0.0008414,0.0008416,689113.0
1594555200000,0.0008416,0.0008416,0.00084,0.00084,3224529.0
1594558800000,0.00084,0.0008417,0.00084,0.00084,3924346.0
1594562400000,0.00084,0.0008417,0.00084,0.0008417,588748.0
1594566000000,0.00084,0.000842,0.00084,0.000842,1768379.0
1594569600000,0.000842,0.000842,0.00084,0.00084,1544989.0
1594573200000,0.000842,0.000842,0.00084,0.00084,1376466.0
1594576800000,0.000842,0.000842,0.000842,0.000842,341008.0
1594580400000,0.000841,0.000841,0.00084,0.00084,250485.0
1594584000000,0.00084,0.000842,0.00084,0.000842,331051.0
1594587600000,0.0008419,0.000842,0.0008419,0.000842,464385.0
1594591200000,0.000842,0.000842,0.00084,0.00084,3808985.0
1594594800000,0.00084,0.00084,0.00084,0.00084,52385.0
1594598400000,0.00084,0.00084,0.00084,0.00084,70000.0
1594602000000,0.00084,0.000842,0.000839,0.000842,2185696.0
1594605600000,0.000842,0.000842,0.000842,0.000842,257289.0
1594609200000,0.000842,0.000842,0.000838,0.000838,1441665.0
1594612800000,0.000841,0.000842,0.000841,0.000842,63467.0
1594616400000,0.000841,0.000841,0.0008377,0.0008377,124307.0
1594620000000,0.0008411,0.0008411,0.0008411,0.0008411,31456.0
1594623600000,0.0008411,0.0008413,0.0008377,0.0008377,1307752.0
1594627200000,0.0008377,0.000841,0.000836,0.0008408,1645580.0
1594630800000,0.0008409,0.0008409,0.0008354,0.0008395,1029572.0
1594634400000,0.0008396,0.0008409,0.0008396,0.0008409,282273.0
1594638000000,0.0008409,0.000841,0.0008408,0.000841,331773.0
1594641600000,0.000841,0.000842,0.000841,0.000842,941470.0
1594645200000,0.0008409,0.0008418,0.0008408,0.0008418,414512.0
1594648800000,0.00084,0.000842,0.00084,0.000842,416287.0
1594652400000,0.0008415,0.0008415,0.0008371,0.0008415,146354.0
1594656000000,0.0008415,0.0008415,0.0008415,0.0008415,13071.0
1594659600000,0.000842,0.000842,0.0008388,0.0008388,231245.0
1594663200000,0.0008388,0.000842,0.0008388,0.0008419,159055.0
1594666800000,0.0008419,0.0008419,0.0008371,0.0008371,656510.0
1594670400000,0.0008371,0.0008371,0.0008366,0.0008366,373573.0
1594674000000,0.0008365,0.0008388,0.0008365,0.0008388,175572.0
1594677600000,0.0008387,0.0008387,0.0008387,0.0008387,156342.0
1594681200000,0.0008388,0.0008411,0.0008388,0.0008411,60750.0
1594684800000,0.0008404,0.000841,0.0008394,0.0008394,697353.0
1594688400000,0.0008392,0.0008392,0.0008264,0.0008264,23552803.0
1594692000000,0.0008264,0.0008283,0.0008264,0.0008268,2804672.0
1594695600000,0.0008268,0.0008286,0.0008268,0.0008284,1520902.0
1594699200000,0.0008283,0.0008284,0.0008271,0.0008284,8780369.0
1594702800000,0.0008285,0.0008287,0.000828,0.000828,933180.0
1594706400000,0.0008281,0.00083,0.0008281,0.00083,5997389.0
1594710000000,0.00083,0.00083,0.0008289,0.000829,862253.0
1594713600000,0.0008288,0.00083,0.0008288,0.00083,1058871.0
1594717200000,0.00083,0.00083,0.00083,0.00083,149639.0
1594720800000,0.00083,0.00083,0.0008289,0.0008289,570148.0
1594724400000,0.00083,0.0008307,0.0008284,0.0008289,2486248.0
1594728000000,0.0008286,0.0008304,0.0008283,0.0008295,9781024.0
1594731600000,0.0008289,0.0008289,0.0008288,0.0008288,83832.0
1594735200000,0.0008281,0.0008295,0.0008281,0.0008295,224211.0
1594738800000,0.0008295,0.0008301,0.0008283,0.0008286,730357.0
1594742400000,0.0008288,0.0008291,0.0008288,0.0008291,605811.0
1594746000000,0.0008291,0.0008312,0.0008291,0.0008309,1235605.0
1594749600000,0.0008308,0.0008308,0.0008306,0.0008306,586514.0
1594753200000,0.0008304,0.0008304,0.0008304,0.0008304,405774.0
1594756800000,0.0008306,0.0008306,0.0008302,0.0008302,93474.0
1594760400000,0.0008305,0.0008305,0.0008302,0.0008302,2740714.0
1594764000000,0.0008305,0.0008305,0.0008288,0.0008288,75314.0
1594767600000,0.0008288,0.0008305,0.0008288,0.0008305,28068.0
1594771200000,0.000832,0.0008336,0.000832,0.0008336,177977.0
1594774800000,0.0008336,0.0008343,0.0008334,0.0008334,46236.0
1594778400000,0.0008317,0.0008334,0.0008317,0.0008331,301747.0
1594782000000,0.0008328,0.0008328,0.000831,0.000831,1450404.0
1594785600000,0.000831,0.000831,0.000831,0.000831,0.0
1594789200000,0.0008325,0.000834,0.0008321,0.0008339,208454.0
1594792800000,0.000834,0.0008342,0.0008333,0.0008333,1215969.0
1594796400000,0.0008315,0.0008336,0.0008312,0.0008336,2783937.0
1594800000000,0.0008331,0.0008337,0.0008331,0.0008337,240762.0
1594803600000,0.0008337,0.0008339,0.0008337,0.0008339,4179026.0
1594807200000,0.0008334,0.0008334,0.0008317,0.0008324,4864696.0
1594810800000,0.0008326,0.0008326,0.0008326,0.0008326,270585.0
1594814400000,0.0008334,0.0008345,0.0008329,0.0008344,4765126.0
1594818000000,0.0008332,0.0008332,0.0008332,0.0008332,2005050.0
1594821600000,0.0008332,0.0008338,0.0008322,0.0008322,326333.0
1594825200000,0.0008322,0.0008338,0.0008316,0.0008335,1405436.0
1594828800000,0.0008332,0.0008332,0.0008315,0.0008328,677049.0
1594832400000,0.0008318,0.0008328,0.0008306,0.0008328,6571318.0
1594836000000,0.0008328,0.0008328,0.0008322,0.0008322,70820.0
1594839600000,0.000832,0.000832,0.000832,0.000832,19982.0
1594843200000,0.000834,0.000834,0.000834,0.000834,196262.0
1594846800000,0.0008332,0.000834,0.000832,0.000832,3362215.0
1594850400000,0.0008339,0.0008339,0.0008322,0.0008322,131818.0
1594854000000,0.0008322,0.0008322,0.0008322,0.0008322,98158.0
1594857600000,0.0008333,0.0008341,0.0008333,0.0008341,3136841.0
1594861200000,0.0008319,0.0008331,0.0008319,0.0008331,1806313.0
1594864800000,0.000832,0.0008323,0.0008316,0.0008316,2817247.0
1594868400000,0.0008316,0.0008316,0.0008316,0.0008316,14773.0
1594872000000,0.0008316,0.0008318,0.00083,0.0008306,1149380.0
1594875600000,0.00083,0.0008307,0.0008295,0.0008295,2421613.0
1594879200000,0.0008296,0.0008304,0.0008296,0.0008301,802743.0
1594882800000,0.0008306,0.0008323,0.0008306,0.0008323,697008.0
1594886400000,0.0008323,0.0008323,0.0008323,0.0008323,290766.0
1594890000000,0.0008314,0.0008323,0.0008304,0.000832,3052256.0
1594893600000,0.0008322,0.0008323,0.0008304,0.0008307,504421.0
1594897200000,0.0008324,0.0008324,0.0008311,0.0008315,1412853.0
1594900800000,0.0008316,0.0008316,0.0008316,0.0008316,12199.0
1594904400000,0.0008324,0.0008324,0.0008313,0.0008324,4919783.0
1594908000000,0.0008324,0.0008324,0.000831,0.000831,953361.0
1594911600000,0.0008328,0.0008329,0.0008328,0.0008329,635825.0
1594915200000,0.0008329,0.0008329,0.0008324,0.0008324,389275.0
1594918800000,0.0008324,0.0008324,0.000832,0.000832,217076.0
1594922400000,0.0008304,0.0008311,0.0008304,0.0008311,144314.0
1594926000000,0.0008311,0.0008317,0.0008304,0.0008317,318293.0
1594929600000,0.0008314,0.0008314,0.0008304,0.0008304,452431.0
1594933200000,0.0008312,0.0008312,0.0008297,0.0008312,864875.0
1594936800000,0.0008292,0.0008315,0.0008292,0.0008314,530025.0
1594940400000,0.0008302,0.0008318,0.0008302,0.0008318,303713.0
1594944000000,0.0008318,0.0008318,0.0008302,0.0008302,470940.0
1594947600000,0.0008302,0.0008311,0.0008302,0.0008309,1138010.0
1594951200000,0.0008309,0.0008319,0.0008294,0.0008316,640124.0
1594954800000,0.0008314,0.0008319,0.0008303,0.0008319,525048.0
1594958400000,0.0008308,0.0008322,0.0008295,0.0008316,7080081.0
1594962000000,0.0008301,0.0008319,0.0008301,0.0008319,336550.0
1594965600000,0.0008318,0.0008329,0.0008294,0.0008329,1332534.0
1594969200000,0.0008329,0.0008329,0.0008329,0.0008329,0.0
1594972800000,0.000832,0.0008344,0.0008317,0.0008317,507560.0
1594976400000,0.0008344,0.0008344,0.0008324,0.0008326,396939.0
1594980000000,0.0008326,0.000834,0.000832,0.0008327,373208.0
1594983600000,0.0008339,0.000834,0.0008339,0.000834,442960.0
1594987200000,0.000834,0.000834,0.0008324,0.0008332,1638614.0
1594990800000,0.000834,0.000834,0.0008323,0.0008324,431967.0
1594994400000,0.000834,0.000834,0.000834,0.000834,15000.0
1594998000000,0.000834,0.000834,0.000834,0.000834,2138289.0
1595001600000,0.000834,0.0008348,0.000834,0.0008348,1281214.0
1595005200000,0.0008348,0.0008348,0.0008348,0.0008348,0.0
1595008800000,0.0008344,0.0008344,0.0008329,0.0008329,58416.0
1595012400000,0.0008344,0.0008348,0.0008344,0.0008348,689995.0
1595016000000,0.0008351,0.0008351,0.0008332,0.0008335,1905648.0
1595019600000,0.0008342,0.0008342,0.0008342,0.0008342,4338.0
1595023200000,0.0008335,0.0008335,0.0008335,0.0008335,58953.0
1595026800000,0.0008335,0.0008335,0.0008331,0.0008331,195364.0
1595030400000,0.0008331,0.0008331,0.0008331,0.0008331,0.0
1595034000000,0.0008331,0.0008331,0.0008331,0.0008331,0.0
1595037600000,0.0008331,0.0008348,0.0008331,0.0008331,687722.0
1595041200000,0.0008328,0.0008348,0.0008328,0.0008331,202615.0
1595044800000,0.000833,0.0008345,0.000833,0.0008345,92012.0
1595048400000,0.000833,0.0008348,0.000833,0.0008348,480508.0
1595052000000,0.000835,0.000835,0.0008334,0.0008334,464284.0
1595055600000,0.0008334,0.0008362,0.0008333,0.000835,1257633.0
1595059200000,0.0008347,0.0008348,0.0008334,0.0008348,498621.0
1595062800000,0.0008352,0.0008355,0.0008352,0.0008355,1118384.0
1595066400000,0.0008352,0.0008355,0.000834,0.000834,465881.0
1595070000000,0.000834,0.000836,0.0008338,0.0008343,3254860.0
1595073600000,0.0008362,0.0008362,0.0008362,0.0008362,25378.0
1595077200000,0.0008362,0.0008366,0.0008362,0.0008366,25409.0
1595080800000,0.0008345,0.0008345,0.0008345,0.0008345,115741.0
1595084400000,0.0008344,0.0008366,0.0008344,0.0008366,81556.0
1595088000000,0.0008343,0.0008378,0.0008339,0.0008366,6777884.0
1595091600000,0.0008344,0.0008371,0.0008344,0.0008361,473819.0
1595095200000,0.000837,0.000837,0.0008341,0.0008366,2975518.0
1595098800000,0.0008344,0.0008373,0.0008343,0.0008366,1058699.0
1595102400000,0.0008366,0.0008373,0.0008366,0.0008373,1246660.0
1595106000000,0.0008373,0.0008373,0.0008373,0.0008373,361479.0
1595109600000,0.0008366,0.0008373,0.0008366,0.0008373,1062390.0
1595113200000,0.0008366,0.0008366,0.0008343,0.0008344,1053818.0
1595116800000,0.0008366,0.0008373,0.0008366,0.0008373,187187.0
1595120400000,0.000837,0.0008373,0.000837,0.0008373,1724086.0
1595124000000,0.0008373,0.0008373,0.0008373,0.0008373,10335.0
1595127600000,0.0008373,0.0008373,0.0008373,0.0008373,4214.0
1595131200000,0.0008373,0.0008373,0.0008349,0.0008373,293464.0
1595134800000,0.0008373,0.0008373,0.0008352,0.0008352,635481.0
1595138400000,0.0008353,0.0008388,0.0008353,0.0008388,86316.0
1595142000000,0.0008368,0.0008387,0.0008368,0.0008387,1304038.0
1595145600000,0.0008384,0.0008384,0.0008368,0.0008384,844331.0
1595149200000,0.0008384,0.0008384,0.0008345,0.0008383,1091897.0
1595152800000,0.0008383,0.0008383,0.0008383,0.0008383,0.0
1595156400000,0.0008383,0.0008387,0.0008346,0.0008384,290136.0
1595160000000,0.0008345,0.0008366,0.0008343,0.0008343,1255263.0
1595163600000,0.0008343,0.0008384,0.0008343,0.0008366,790445.0
1595167200000,0.0008344,0.0008344,0.0008343,0.0008343,1198472.0
1595170800000,0.0008343,0.0008366,0.0008343,0.0008366,121787.0
1595174400000,0.0008366,0.0008366,0.0008366,0.0008366,14240.0
1595178000000,0.0008366,0.0008366,0.0008366,0.0008366,0.0
1595181600000,0.0008381,0.0008384,0.0008344,0.0008381,1067519.0
1595185200000,0.0008378,0.0008378,0.0008339,0.0008342,475789.0
1595188800000,0.000835,0.0008365,0.000835,0.0008365,445088.0
1595192400000,0.0008366,0.0008379,0.0008344,0.0008379,348307.0
1595196000000,0.0008382,0.0008382,0.0008345,0.000838,48229.0
1595199600000,0.0008345,0.000838,0.0008345,0.000838,364312.0
1595203200000,0.0008386,0.0008388,0.0008348,0.0008366,465282.0
1595206800000,0.0008366,0.0008388,0.0008343,0.0008384,323006.0
1595210400000,0.0008384,0.0008394,0.0008336,0.0008394,3397639.0
1595214000000,0.0008394,0.0008394,0.0008345,0.0008394,1345024.0
1595217600000,0.0008393,0.0008394,0.0008393,0.0008394,1250893.0
1595221200000,0.0008404,0.0008405,0.0008367,0.0008367,565898.0
1595224800000,0.0008367,0.0008367,0.0008351,0.0008351,15042128.0
1595228400000,0.0008352,0.0008353,0.0008352,0.0008352,1087505.0
1595232000000,0.0008367,0.0008396,0.0008341,0.0008387,640858.0
1595235600000,0.0008387,0.0008387,0.0008354,0.0008354,2981469.0
1595239200000,0.000835,0.0008354,0.000835,0.0008352,1019972.0
1595242800000,0.0008353,0.0008386,0.0008353,0.0008386,1880448.0
1595246400000,0.0008376,0.0008376,0.0008375,0.0008375,113426.0
1595250000000,0.0008352,0.0008352,0.0008352,0.0008352,1430665.0
1595253600000,0.0008375,0.0008386,0.000835,0.0008386,332679.0
1595257200000,0.0008386,0.0008403,0.0008386,0.0008386,5364265.0
1595260800000,0.0008386,0.0008401,0.0008366,0.0008398,508944.0
1595264400000,0.0008398,0.0008398,0.0008351,0.0008351,87388.0
1595268000000,0.0008352,0.0008352,0.0008352,0.0008352,549521.0
1595271600000,0.0008353,0.0008388,0.0008353,0.0008363,2580559.0
1595275200000,0.0008388,0.0008388,0.0008364,0.0008364,167025.0
1595278800000,0.0008364,0.0008364,0.0008364,0.0008364,0.0
1595282400000,0.0008366,0.0008388,0.0008366,0.0008388,1236286.0
1595286000000,0.0008388,0.0008401,0.0008364,0.0008364,5140987.0
1595289600000,0.0008388,0.0008401,0.0008384,0.0008385,17233093.0
1595293200000,0.00084,0.0008401,0.0008394,0.0008394,1620762.0
1595296800000,0.0008394,0.0008401,0.0008394,0.0008401,153325.0
1595300400000,0.0008401,0.0008401,0.0008401,0.0008401,72957.0
1595304000000,0.00084,0.0008416,0.0008383,0.0008383,2450393.0
1595307600000,0.0008383,0.0008383,0.0008383,0.0008383,0.0
1595311200000,0.0008396,0.0008396,0.0008386,0.000839,6219169.0
1595314800000,0.0008411,0.0008416,0.0008391,0.0008391,197865.0
1595318400000,0.0008416,0.0008428,0.0008392,0.0008427,5149554.0
1595322000000,0.0008433,0.0008433,0.0008398,0.0008427,674036.0
1595325600000,0.0008401,0.0008427,0.0008401,0.0008402,1360900.0
1595329200000,0.0008425,0.0008425,0.0008403,0.0008403,1599333.0
1595332800000,0.0008427,0.0008427,0.0008402,0.0008402,823555.0
1595336400000,0.0008419,0.0008419,0.0008402,0.0008409,785839.0
1595340000000,0.0008399,0.000841,0.0008399,0.000841,1703789.0
1595343600000,0.0008403,0.000841,0.0008402,0.0008409,955508.0
1595347200000,0.000841,0.0008424,0.0008409,0.0008424,785013.0
1595350800000,0.0008424,0.0008424,0.0008402,0.0008402,136012.0
1595354400000,0.000842,0.000843,0.000842,0.000843,1034228.0
1595358000000,0.0008414,0.0008414,0.0008412,0.0008412,517830.0
1595361600000,0.0008411,0.0008435,0.0008406,0.0008411,4512218.0
1595365200000,0.000843,0.0008438,0.0008407,0.0008412,2221074.0
1595368800000,0.0008435,0.0008435,0.0008435,0.0008435,982593.0
1595372400000,0.0008435,0.0008444,0.0008435,0.0008442,7512989.0
1595376000000,0.0008441,0.0008445,0.0008412,0.0008412,314185.0
1595379600000,0.0008413,0.000844,0.0008413,0.0008422,619476.0
1595383200000,0.0008436,0.0008445,0.0008421,0.0008421,184419.0
1595386800000,0.0008421,0.0008449,0.0008421,0.0008449,363001.0
1595390400000,0.0008448,0.0008448,0.0008415,0.0008415,518178.0
1595394000000,0.0008412,0.0008456,0.0008411,0.000842,844094.0
1595397600000,0.0008421,0.0008421,0.0008409,0.0008409,474361.0
1595401200000,0.0008412,0.0008439,0.0008404,0.0008404,1824049.0
1595404800000,0.0008404,0.000842,0.0008402,0.0008413,6488610.0
1595408400000,0.0008426,0.0008426,0.000842,0.000842,3702490.0
1595412000000,0.0008404,0.000842,0.0008402,0.000842,1332110.0
1595415600000,0.000842,0.000843,0.000842,0.000843,536206.0
1595419200000,0.000843,0.000843,0.0008393,0.0008429,11303159.0
1595422800000,0.0008429,0.0008429,0.0008397,0.0008429,449719.0
1595426400000,0.0008429,0.0008429,0.0008429,0.0008429,46158.0
1595430000000,0.0008422,0.0008422,0.0008394,0.0008401,744750.0
1595433600000,0.0008418,0.0008426,0.0008418,0.0008423,80045.0
1595437200000,0.0008423,0.0008423,0.000842,0.000842,874629.0
1595440800000,0.0008416,0.0008423,0.0008416,0.0008423,63427.0
1595444400000,0.0008423,0.0008423,0.0008403,0.0008423,157123.0
1595448000000,0.0008423,0.0008423,0.0008417,0.0008423,302625.0
1595451600000,0.0008417,0.0008417,0.0008403,0.0008403,2173393.0
1595455200000,0.0008418,0.0008423,0.000837,0.0008423,6830306.0
1595458800000,0.0008423,0.0008426,0.0008375,0.0008423,2780116.0
1595462400000,0.0008423,0.0008428,0.0008388,0.0008388,864306.0
1595466000000,0.000838,0.0008382,0.000838,0.0008382,197138.0
1595469600000,0.0008411,0.0008421,0.0008411,0.0008421,495354.0
1595473200000,0.0008421,0.0008433,0.0008388,0.0008411,291931.0
1595476800000,0.0008411,0.0008433,0.0008411,0.0008433,88130.0
1595480400000,0.0008433,0.0008433,0.0008388,0.0008433,3825298.0
1595484000000,0.0008433,0.0008436,0.0008405,0.0008433,150594.0
1595487600000,0.0008416,0.0008444,0.0008411,0.0008444,846091.0
1595491200000,0.0008444,0.0008447,0.0008444,0.0008447,486457.0
1595494800000,0.0008447,0.0008447,0.0008426,0.0008426,901775.0
1595498400000,0.0008412,0.0008446,0.0008412,0.0008416,2199584.0
1595502000000,0.000843,0.000843,0.0008416,0.0008416,479549.0
1595505600000,0.0008417,0.0008426,0.0008392,0.0008426,671355.0
1595509200000,0.0008393,0.0008432,0.0008393,0.0008431,269350.0
1595512800000,0.0008431,0.0008442,0.0008389,0.0008442,1270176.0
1595516400000,0.0008411,0.0008445,0.0008402,0.0008444,3877655.0
1595520000000,0.0008445,0.000845,0.0008426,0.0008426,851176.0
1595523600000,0.0008426,0.0008447,0.0008426,0.0008447,2577648.0
1595527200000,0.000843,0.0008441,0.000843,0.000843,182930.0
1595530800000,0.000843,0.000843,0.000843,0.000843,735810.0
1595534400000,0.000843,0.0008439,0.000842,0.000842,3300390.0
1595538000000,0.0008446,0.0008446,0.0008394,0.0008394,593973.0
1595541600000,0.0008408,0.0008433,0.0008408,0.0008433,1485784.0
1595545200000,0.0008411,0.0008433,0.00084,0.0008433,33621.0
1595548800000,0.0008433,0.0008433,0.0008433,0.0008433,75171.0
1595552400000,0.0008401,0.0008433,0.0008401,0.0008401,1531408.0
1595556000000,0.0008403,0.0008433,0.0008403,0.0008433,233018.0
1595559600000,0.0008433,0.0008449,0.0008404,0.0008449,560865.0
1595563200000,0.0008449,0.000845,0.0008445,0.000845,6173991.0
1595566800000,0.000845,0.000845,0.0008403,0.0008404,4560613.0
1595570400000,0.0008404,0.0008404,0.0008402,0.0008404,2933960.0
1595574000000,0.0008402,0.000842,0.0008402,0.000842,74765.0
1595577600000,0.000842,0.000842,0.0008402,0.0008403,919663.0
1595581200000,0.0008402,0.000842,0.0008402,0.0008402,1484844.0
1595584800000,0.0008424,0.0008438,0.0008402,0.0008402,515615.0
1595588400000,0.0008403,0.0008429,0.0008402,0.0008429,1315674.0
1595592000000,0.0008403,0.0008403,0.0008403,0.0008403,1115369.0
1595595600000,0.0008429,0.000844,0.0008402,0.0008431,857445.0
1595599200000,0.000843,0.0008432,0.0008398,0.0008398,941289.0
1595602800000,0.0008398,0.0008428,0.0008391,0.0008428,725961.0
1595606400000,0.0008427,0.0008432,0.0008427,0.0008428,6560120.0
1595610000000,0.0008428,0.0008428,0.0008428,0.0008428,1378662.0
1595613600000,0.0008432,0.0008433,0.0008428,0.0008428,217722.0
1595617200000,0.0008428,0.0008428,0.0008428,0.0008428,973744.0
1595620800000,0.0008428,0.000844,0.0008428,0.0008439,848225.0
1595624400000,0.0008439,0.0008439,0.0008391,0.0008427,4689060.0
1595628000000,0.0008391,0.0008435,0.0008386,0.0008386,1868966.0
1595631600000,0.0008439,0.000844,0.0008387,0.0008387,245019.0
1595635200000,0.00084,0.0008411,0.00084,0.0008411,1554850.0
1595638800000,0.0008411,0.0008433,0.00084,0.0008433,600590.0
1595642400000,0.0008429,0.0008433,0.0008429,0.0008433,264919.0
1595646000000,0.0008433,0.0008433,0.0008404,0.0008433,2441713.0
1595649600000,0.0008432,0.0008432,0.0008432,0.0008432,449959.0
1595653200000,0.000843,0.000843,0.0008405,0.000843,231223.0
1595656800000,0.000843,0.000843,0.0008405,0.000843,377098.0
1595660400000,0.000843,0.000843,0.0008403,0.000842,466804.0
1595664000000,0.000842,0.000843,0.000842,0.0008425,229805.0
1595667600000,0.000842,0.000843,0.0008405,0.0008406,2553165.0
1595671200000,0.0008406,0.000843,0.0008406,0.000843,701166.0
1595674800000,0.000843,0.0008431,0.000843,0.000843,544812.0
1595678400000,0.0008415,0.0008415,0.0008415,0.0008415,251571.0
1595682000000,0.0008415,0.0008433,0.0008406,0.000843,7497620.0
1595685600000,0.0008433,0.0008439,0.0008433,0.0008437,666535.0
1595689200000,0.0008413,0.0008439,0.0008412,0.0008439,688461.0
1595692800000,0.000843,0.0008456,0.0008401,0.000845,4565440.0
1595696400000,0.0008433,0.0008452,0.0008401,0.0008405,1626430.0
1595700000000,0.0008433,0.000845,0.0008414,0.0008414,476670.0
1595703600000,0.0008411,0.0008452,0.0008407,0.0008446,110380.0
1595707200000,0.0008415,0.0008452,0.0008415,0.0008426,111048.0
1595710800000,0.0008426,0.0008426,0.0008426,0.0008426,0.0
1595714400000,0.0008443,0.0008443,0.0008443,0.0008443,120248.0
1595718000000,0.000843,0.0008443,0.0008415,0.0008415,285463.0
1595721600000,0.0008415,0.0008442,0.0008415,0.0008442,1254060.0
1595725200000,0.0008442,0.0008447,0.0008442,0.0008447,357013.0
1595728800000,0.0008452,0.0008452,0.0008418,0.0008451,937097.0
1595732400000,0.0008451,0.0008455,0.000842,0.0008433,827991.0
1595736000000,0.000845,0.0008464,0.0008421,0.0008421,758260.0
1595739600000,0.0008455,0.0008464,0.0008455,0.0008463,377305.0
1595743200000,0.0008463,0.0008463,0.0008461,0.0008461,769061.0
1595746800000,0.0008434,0.0008464,0.0008415,0.0008415,7625018.0
1595750400000,0.000842,0.000842,0.0008415,0.0008415,482806.0
1595754000000,0.0008454,0.0008454,0.0008454,0.0008454,47234.0
1595757600000,0.0008415,0.0008475,0.00084,0.0008444,8802534.0
1595761200000,0.0008461,0.0008488,0.0008406,0.0008455,6064959.0
1595764800000,0.0008493,0.0008493,0.0008436,0.0008492,1439336.0
1595768400000,0.0008492,0.0008492,0.0008423,0.0008423,2058873.0
1595772000000,0.0008455,0.0008488,0.0008448,0.0008467,376165.0
1595775600000,0.0008465,0.0008465,0.0008458,0.0008464,69058.0
1595779200000,0.0008434,0.0008455,0.0008414,0.0008414,1165786.0
1595782800000,0.0008412,0.0008445,0.0008412,0.0008445,794177.0
1595786400000,0.0008412,0.0008412,0.0008407,0.0008407,1580286.0
1595790000000,0.0008433,0.0008455,0.0008406,0.0008406,944110.0
1595793600000,0.0008433,0.0008433,0.0008386,0.0008411,6887275.0
1595797200000,0.0008433,0.0008438,0.0008411,0.0008438,252908.0
1595800800000,0.0008411,0.0008442,0.0008411,0.0008441,375796.0
1595804400000,0.0008441,0.0008441,0.0008441,0.0008441,531113.0
1595808000000,0.0008441,0.0008455,0.0008401,0.0008401,2366843.0
1595811600000,0.0008433,0.0008455,0.0008411,0.0008455,1471960.0
1595815200000,0.0008433,0.0008448,0.0008433,0.0008448,34490.0
1595818800000,0.0008455,0.0008465,0.0008433,0.0008455,1334947.0
1595822400000,0.0008433,0.0008478,0.0008414,0.0008433,633758.0
1595826000000,0.0008431,0.000848,0.0008431,0.000848,392407.0
1595829600000,0.0008455,0.0008474,0.0008433,0.0008474,457678.0
1595833200000,0.0008469,0.0008469,0.0008433,0.0008435,148571.0
1595836800000,0.0008435,0.0008435,0.0008425,0.0008425,149598.0
1595840400000,0.0008425,0.0008467,0.0008425,0.0008467,124205.0
1595844000000,0.0008428,0.0008469,0.000842,0.0008468,425794.0
1595847600000,0.0008465,0.0008468,0.0008423,0.0008423,315149.0
1595851200000,0.0008423,0.0008469,0.000842,0.000842,779988.0
1595854800000,0.000842,0.000842,0.0008405,0.0008408,1122490.0
1595858400000,0.0008414,0.000845,0.0008405,0.0008414,596705.0
1595862000000,0.0008414,0.0008456,0.0008405,0.0008413,1711070.0
1595865600000,0.0008414,0.0008456,0.0008414,0.0008456,244064.0
1595869200000,0.0008456,0.0008465,0.00084,0.0008465,8941414.0
1595872800000,0.0008465,0.0008521,0.0008419,0.0008507,3467845.0
1595876400000,0.0008507,0.0008527,0.0008507,0.0008524,2740849.0
1595880000000,0.0008524,0.0008524,0.0008461,0.0008521,2512399.0
1595883600000,0.000852,0.0008521,0.0008469,0.0008469,3161562.0
1595887200000,0.0008469,0.0008509,0.0008453,0.000848,816954.0
1595890800000,0.0008509,0.0008526,0.0008468,0.0008468,776682.0
1595894400000,0.0008523,0.0008532,0.000849,0.0008532,2893916.0
1595898000000,0.0008515,0.0008559,0.0008501,0.0008555,638413.0
1595901600000,0.0008524,0.0008557,0.0008491,0.0008548,4595760.0
1595905200000,0.0008548,0.0008551,0.0008468,0.00085,3264962.0
1595908800000,0.0008471,0.0008471,0.0008468,0.0008468,2263648.0
1595912400000,0.0008447,0.0008513,0.0008447,0.0008484,3549579.0
1595916000000,0.0008484,0.0008499,0.000843,0.000844,3401545.0
1595919600000,0.0008441,0.0008441,0.000844,0.000844,399687.0
1595923200000,0.000844,0.000844,0.0008432,0.000844,486532.0
1595926800000,0.0008419,0.0008489,0.0008412,0.0008489,686283.0
1595930400000,0.0008414,0.0008496,0.0008414,0.0008419,1230577.0
1595934000000,0.0008421,0.0008494,0.0008413,0.0008494,2422199.0
1595937600000,0.0008494,0.0008495,0.0008414,0.0008489,312608.0
1595941200000,0.0008489,0.000849,0.000843,0.000843,325799.0
1595944800000,0.0008443,0.000852,0.0008442,0.0008513,2182840.0
1595948400000,0.0008515,0.0008515,0.0008462,0.0008462,239384.0
1595952000000,0.000846,0.0008515,0.0008442,0.0008515,863033.0
1595955600000,0.0008501,0.0008515,0.0008501,0.0008515,206890.0
1595959200000,0.0008515,0.0008515,0.0008515,0.0008515,41104.0
1595962800000,0.0008515,0.0008527,0.0008463,0.0008523,7377877.0
1595966400000,0.000852,0.000852,0.0008454,0.000848,130131.0
1595970000000,0.00085,0.0008525,0.0008465,0.000851,1268044.0
1595973600000,0.0008474,0.0008477,0.0008465,0.0008465,1240955.0
1595977200000,0.000851,0.000851,0.0008494,0.0008494,579303.0
1595980800000,0.000851,0.0008515,0.0008467,0.0008515,757672.0
1595984400000,0.0008515,0.0008521,0.0008454,0.000852,791019.0
1595988000000,0.000852,0.000852,0.0008516,0.000852,179329.0
1595991600000,0.000852,0.000852,0.0008467,0.00085,5134189.0
1595995200000,0.00085,0.000852,0.0008414,0.0008427,2478126.0
1595998800000,0.0008427,0.0008503,0.0008427,0.0008437,876619.0
1596002400000,0.0008503,0.0008512,0.0008442,0.0008512,566712.0
1596006000000,0.0008512,0.0008512,0.0008445,0.0008445,303306.0
1596009600000,0.0008512,0.000852,0.0008512,0.0008519,1103660.0
1596013200000,0.0008501,0.0008501,0.0008475,0.0008475,258589.0
1596016800000,0.000846,0.0008519,0.0008447,0.0008449,810109.0
1596020400000,0.0008449,0.0008518,0.0008449,0.0008518,86734.0
1596024000000,0.000851,0.0008518,0.0008468,0.0008518,598007.0
1596027600000,0.0008468,0.0008468,0.0008447,0.0008448,1253262.0
1596031200000,0.0008469,0.0008515,0.0008449,0.0008449,697437.0
1596034800000,0.000847,0.000849,0.000847,0.000849,225909.0
1596038400000,0.000849,0.0008515,0.0008426,0.0008515,1781288.0
1596042000000,0.0008514,0.0008514,0.0008441,0.0008441,480925.0
1596045600000,0.0008444,0.0008479,0.0008441,0.0008479,1055208.0
1596049200000,0.0008445,0.0008514,0.0008441,0.0008509,693894.0
1596052800000,0.0008442,0.0008514,0.0008442,0.0008446,1131801.0
1596056400000,0.0008446,0.0008496,0.0008441,0.0008441,731336.0
1596060000000,0.0008433,0.0008515,0.0008432,0.0008515,4447845.0
1596063600000,0.0008505,0.000851,0.0008437,0.0008437,582452.0
1596067200000,0.000847,0.0008478,0.0008445,0.0008445,7538611.0
1596070800000,0.0008445,0.000845,0.0008444,0.0008445,8365673.0
1596074400000,0.0008498,0.0008498,0.0008498,0.0008498,1822497.0
1596078000000,0.0008498,0.0008498,0.0008498,0.0008498,131554.0
1596081600000,0.0008498,0.0008498,0.0008443,0.000847,664237.0
1596085200000,0.0008495,0.0008495,0.0008443,0.0008495,3723544.0
1596088800000,0.000846,0.0008495,0.0008433,0.000848,1663561.0
1596092400000,0.000848,0.0008495,0.0008431,0.0008431,2778488.0
1596096000000,0.0008431,0.0008454,0.000843,0.000843,2726243.0
1596099600000,0.000843,0.0008455,0.0008415,0.0008455,3646356.0
1596103200000,0.0008415,0.0008455,0.0008415,0.0008455,2316236.0
1596106800000,0.0008454,0.0008455,0.0008414,0.0008414,2357533.0
1596110400000,0.0008454,0.0008454,0.0008454,0.0008454,84180.0
1596114000000,0.0008454,0.0008454,0.0008414,0.0008453,593541.0
1596117600000,0.0008453,0.0008469,0.0008417,0.0008421,3582596.0
1596121200000,0.0008421,0.0008422,0.0008421,0.0008422,861163.0
1596124800000,0.000845,0.0008469,0.000845,0.0008468,847359.0
1596128400000,0.0008468,0.0008469,0.0008424,0.0008425,408128.0
1596132000000,0.0008467,0.0008469,0.0008467,0.0008468,206040.0
1596135600000,0.0008467,0.0008469,0.000843,0.0008469,567959.0
1596139200000,0.0008469,0.000847,0.0008447,0.0008469,2483151.0
1596142800000,0.0008469,0.0008497,0.000845,0.000845,4088002.0
1596146400000,0.0008453,0.0008453,0.0008452,0.0008452,188245.0
1596150000000,0.0008486,0.0008486,0.0008486,0.0008486,59977.0
1596153600000,0.0008453,0.0008494,0.0008447,0.0008494,916083.0
1596157200000,0.0008494,0.0008495,0.0008489,0.0008491,243322.0
1596160800000,0.0008491,0.0008495,0.0008447,0.0008447,106331.0
1596164400000,0.0008447,0.000848,0.0008447,0.000848,28308.0
1596168000000,0.000848,0.000848,0.000848,0.000848,124061.0
1596171600000,0.0008451,0.000848,0.0008451,0.000848,1780125.0
1596175200000,0.000848,0.000848,0.0008454,0.0008469,286516.0
1596178800000,0.0008469,0.000849,0.0008442,0.0008442,1694730.0
1596182400000,0.0008468,0.000849,0.0008468,0.000849,1293321.0
1596186000000,0.0008451,0.0008478,0.0008435,0.0008477,3663360.0
1596189600000,0.0008473,0.0008493,0.000844,0.0008484,5799786.0
1596193200000,0.0008444,0.0008444,0.0008444,0.0008444,91408.0
1596196800000,0.0008444,0.0008486,0.0008441,0.0008444,2828603.0
1596200400000,0.0008485,0.0008485,0.0008442,0.0008482,881167.0
1596204000000,0.0008442,0.0008442,0.0008442,0.0008442,394290.0
1596207600000,0.0008482,0.0008493,0.0008435,0.0008435,1986742.0
1596211200000,0.0008436,0.0008437,0.0008434,0.0008436,897582.0
1596214800000,0.0008436,0.0008474,0.0008436,0.0008474,99516.0
1596218400000,0.0008475,0.0008491,0.0008475,0.0008491,2462847.0
1596222000000,0.0008476,0.0008492,0.0008431,0.0008491,719755.0
1596225600000,0.0008491,0.0008491,0.0008491,0.0008491,189815.0
1596229200000,0.0008447,0.0008447,0.0008444,0.0008445,734656.0
1596232800000,0.0008444,0.0008444,0.0008418,0.0008418,8071461.0
1596236400000,0.0008439,0.0008466,0.0008439,0.0008466,639180.0
1596240000000,0.0008466,0.0008466,0.0008418,0.0008418,671758.0
1596243600000,0.0008418,0.0008418,0.0008418,0.0008418,355737.0
1596247200000,0.0008467,0.0008467,0.0008467,0.0008467,730570.0
1596250800000,0.0008467,0.000848,0.0008435,0.0008435,567862.0
1596254400000,0.000848,0.000848,0.0008437,0.0008437,537213.0
1596258000000,0.0008438,0.0008478,0.0008437,0.0008437,710725.0
1596261600000,0.0008458,0.0008472,0.0008421,0.0008468,1960365.0
1596265200000,0.0008468,0.0008468,0.0008468,0.0008468,0.0
1596268800000,0.0008423,0.0008467,0.0008423,0.0008425,496523.0
1596272400000,0.0008455,0.0008455,0.0008422,0.0008422,731081.0
1596276000000,0.0008422,0.0008429,0.0008409,0.0008429,3661964.0
1596279600000,0.0008429,0.0008429,0.0008412,0.0008429,482181.0
1596283200000,0.0008429,0.0008429,0.0008414,0.0008414,892273.0
1596286800000,0.0008414,0.0008429,0.0008414,0.0008428,779535.0
1596290400000,0.0008428,0.0008429,0.0008414,0.0008427,696273.0
1596294000000,0.0008415,0.0008429,0.0008403,0.0008429,6807533.0
1596297600000,0.0008429,0.0008433,0.0008402,0.0008402,7958487.0
1596301200000,0.0008432,0.0008444,0.0008408,0.0008444,4068089.0
1596304800000,0.0008444,0.0008444,0.0008404,0.0008404,1820892.0
1596308400000,0.0008444,0.0008471,0.0008444,0.0008454,9706608.0
1596312000000,0.0008456,0.0008471,0.000845,0.000845,1913304.0
1596315600000,0.0008467,0.0008471,0.0008442,0.000847,1015269.0
1596319200000,0.000847,0.0008477,0.0008424,0.0008477,2233788.0
1596322800000,0.0008478,0.0008478,0.0008478,0.0008478,673343.0
1596326400000,0.0008479,0.0008494,0.0008449,0.0008449,573570.0
1596330000000,0.0008449,0.0008449,0.0008448,0.0008448,388838.0
1596333600000,0.0008443,0.0008477,0.0008418,0.0008418,5562565.0
1596337200000,0.0008417,0.0008473,0.0008407,0.0008473,1195082.0
1596340800000,0.000843,0.0008497,0.0008416,0.0008426,33183232.0
1596344400000,0.0008451,0.0008468,0.0008416,0.0008468,2787970.0
1596348000000,0.0008421,0.0008467,0.0008421,0.0008421,830657.0
1596351600000,0.0008421,0.0008421,0.000842,0.000842,2023693.0
1596355200000,0.0008457,0.0008457,0.0008413,0.0008413,7092098.0
1596358800000,0.0008422,0.0008457,0.0008409,0.0008457,14204641.0
1596362400000,0.0008422,0.0008454,0.0008413,0.0008452,10585804.0
1596366000000,0.0008418,0.0008475,0.0008415,0.0008468,4967553.0
1596369600000,0.0008475,0.0008497,0.0008429,0.0008497,4132024.0
1596373200000,0.000843,0.0008488,0.000843,0.0008457,1474117.0
1596376800000,0.0008457,0.0008488,0.0008457,0.0008487,1422691.0
1596380400000,0.0008487,0.0008488,0.0008455,0.0008456,2391984.0
1596384000000,0.0008487,0.0008487,0.0008455,0.0008455,179166.0
1596387600000,0.0008486,0.00085,0.0008486,0.00085,813328.0
1596391200000,0.00085,0.0008509,0.0008459,0.0008509,1085292.0
1596394800000,0.0008509,0.000851,0.0008456,0.0008456,1232614.0
1596398400000,0.0008508,0.0008508,0.0008457,0.0008457,55668.0
1596402000000,0.0008507,0.0008507,0.0008456,0.0008502,719377.0
1596405600000,0.0008481,0.0008481,0.0008456,0.0008456,268139.0
1596409200000,0.0008449,0.0008474,0.000843,0.0008474,726728.0
1596412800000,0.0008474,0.0008474,0.000843,0.000843,71987.0
1596416400000,0.000843,0.0008453,0.0008415,0.0008419,1008880.0
1596420000000,0.0008453,0.0008453,0.0008431,0.0008431,777446.0
1596423600000,0.0008431,0.0008431,0.000842,0.000842,241690.0
1596427200000,0.0008431,0.0008453,0.0008431,0.0008452,3139904.0
1596430800000,0.0008452,0.0008479,0.000843,0.0008478,3701512.0
1596434400000,0.0008478,0.0008481,0.0008412,0.0008412,6291950.0
1596438000000,0.0008451,0.0008462,0.0008451,0.0008462,601731.0
1596441600000,0.0008462,0.0008471,0.0008419,0.0008471,2396991.0
1596445200000,0.0008464,0.000847,0.0008422,0.000847,952770.0
1596448800000,0.0008471,0.0008471,0.0008434,0.0008434,241971.0
1596452400000,0.0008435,0.0008481,0.0008435,0.000848,2863206.0
1596456000000,0.0008446,0.000847,0.0008425,0.000847,229786.0
1596459600000,0.000847,0.000847,0.0008433,0.0008469,527239.0
1596463200000,0.0008433,0.0008482,0.0008425,0.0008482,980373.0
1596466800000,0.0008468,0.0008468,0.0008428,0.0008428,1442754.0
1596470400000,0.0008468,0.0008468,0.0008428,0.0008428,889949.0
1596474000000,0.0008429,0.0008472,0.0008429,0.0008472,683157.0
1596477600000,0.0008461,0.0008472,0.0008461,0.0008462,625703.0
1596481200000,0.0008471,0.0008471,0.000844,0.0008469,717554.0
1596484800000,0.0008469,0.000847,0.0008439,0.000847,133111.0
1596488400000,0.0008439,0.0008472,0.000843,0.000847,944878.0
1596492000000,0.000847,0.0008481,0.0008428,0.000847,1711628.0
1596495600000,0.000847,0.0008482,0.000847,0.0008482,303159.0
1596499200000,0.0008483,0.0008483,0.0008435,0.000847,1236084.0
1596502800000,0.0008442,0.0008472,0.0008442,0.0008472,364548.0
1596506400000,0.0008436,0.000845,0.000843,0.0008445,834422.0
1596510000000,0.0008449,0.000845,0.0008425,0.0008449,5841756.0
1596513600000,0.0008449,0.000845,0.0008425,0.0008449,826916.0
1596517200000,0.0008449,0.0008449,0.0008422,0.0008448,687255.0
1596520800000,0.0008423,0.0008447,0.0008423,0.0008447,373541.0
1596524400000,0.0008448,0.0008448,0.0008422,0.0008424,1357627.0
1596528000000,0.0008424,0.0008448,0.0008415,0.0008448,21386505.0
1596531600000,0.0008448,0.0008448,0.0008413,0.0008413,12640797.0
1596535200000,0.0008447,0.0008449,0.0008411,0.0008411,4417641.0
1596538800000,0.000841,0.0008447,0.00084,0.0008407,18209542.0
1596542400000,0.0008408,0.0008408,0.0008404,0.0008405,680049.0
1596546000000,0.0008405,0.0008441,0.0008403,0.0008404,2721125.0
1596549600000,0.0008404,0.0008451,0.0008404,0.0008451,5678297.0
1596553200000,0.0008412,0.0008412,0.0008412,0.0008412,404896.0
1596556800000,0.0008443,0.0008451,0.0008412,0.0008451,463328.0
1596560400000,0.0008413,0.0008413,0.0008412,0.0008412,293277.0
1596564000000,0.000844,0.0008451,0.0008412,0.0008412,529788.0
1596567600000,0.0008412,0.0008412,0.0008412,0.0008412,0.0
1596571200000,0.0008448,0.0008459,0.0008426,0.0008452,3069441.0
1596574800000,0.0008451,0.0008451,0.0008422,0.0008422,92286.0
1596578400000,0.0008419,0.0008421,0.0008418,0.0008421,2217875.0
1596582000000,0.0008419,0.0008419,0.0008419,0.0008419,35770.0
1596585600000,0.000845,0.000845,0.0008421,0.000843,30781105.0
1596589200000,0.0008457,0.0008462,0.0008457,0.0008459,1113410.0
1596592800000,0.0008439,0.0008461,0.0008437,0.0008437,322392.0
1596596400000,0.0008461,0.0008461,0.0008461,0.0008461,105319.0
1596600000000,0.0008461,0.0008462,0.000845,0.0008462,2125488.0
1596603600000,0.0008462,0.0008462,0.000845,0.000846,788360.0
1596607200000,0.0008444,0.0008458,0.0008444,0.0008457,403692.0
1596610800000,0.0008457,0.0008463,0.0008457,0.0008463,1986864.0
1596614400000,0.0008463,0.0008463,0.0008452,0.0008455,204167.0
1596618000000,0.0008465,0.0008466,0.0008457,0.0008457,364158.0
1596621600000,0.0008454,0.0008454,0.0008451,0.0008451,2441323.0
1596625200000,0.0008451,0.00085,0.0008451,0.0008476,49985538.0
1596628800000,0.0008476,0.0008512,0.0008476,0.0008512,54770485.0
1596632400000,0.0008479,0.0008511,0.0008461,0.0008511,2960724.0
1596636000000,0.00085,0.0008511,0.0008462,0.0008467,250862.0
1596639600000,0.000847,0.0008508,0.000847,0.0008508,3363505.0
1596643200000,0.0008503,0.0008511,0.0008477,0.0008477,3093680.0
1596646800000,0.0008472,0.0008501,0.0008466,0.0008501,3376938.0
1596650400000,0.0008491,0.0008498,0.0008491,0.0008498,76963.0
1596654000000,0.0008467,0.0008484,0.0008461,0.0008461,1699292.0
1596657600000,0.0008463,0.0008493,0.0008463,0.0008493,248169.0
1596661200000,0.0008493,0.0008494,0.0008462,0.0008494,203481.0
1596664800000,0.0008463,0.0008463,0.000846,0.0008463,7859538.0
1596668400000,0.0008479,0.0008479,0.0008472,0.0008472,68312.0
1596672000000,0.0008494,0.0008496,0.0008479,0.0008487,1442232.0
1596675600000,0.0008497,0.0008497,0.0008497,0.0008497,59146.0
1596679200000,0.0008484,0.0008484,0.0008477,0.0008477,802813.0
1596682800000,0.0008497,0.0008497,0.000848,0.000848,566867.0
1596686400000,0.000848,0.000848,0.000847,0.000847,32284482.0
1596690000000,0.000847,0.000847,0.0008465,0.000847,19051821.0
1596693600000,0.000847,0.000847,0.0008454,0.000846,38571626.0
1596697200000,0.000846,0.000846,0.0008445,0.0008445,7989401.0
1596700800000,0.000846,0.000846,0.0008421,0.0008441,22317803.0
1596704400000,0.0008441,0.0008471,0.000842,0.0008451,55577855.0
1596708000000,0.0008458,0.0008458,0.0008429,0.0008429,2919651.0
1596711600000,0.0008429,0.0008439,0.0008429,0.0008438,2049878.0
1596715200000,0.0008439,0.0008457,0.0008428,0.0008455,3168357.0
1596718800000,0.0008455,0.0008455,0.000843,0.0008455,989815.0
1596722400000,0.000843,0.0008457,0.0008428,0.0008457,6167206.0
1596726000000,0.0008457,0.0008471,0.0008431,0.0008471,10330618.0
1596729600000,0.0008471,0.0008517,0.0008437,0.0008452,12879864.0
1596733200000,0.0008452,0.0008496,0.0008452,0.0008496,79209.0
1596736800000,0.0008453,0.0008494,0.0008448,0.0008481,793084.0
1596740400000,0.0008481,0.0008481,0.000844,0.000848,519237.0
1596744000000,0.000848,0.000848,0.0008478,0.0008478,300615.0
1596747600000,0.0008476,0.0008477,0.0008454,0.0008454,6136900.0
1596751200000,0.0008454,0.0008472,0.0008454,0.000847,1947072.0
1596754800000,0.000847,0.0008475,0.0008467,0.0008474,1656020.0
1596758400000,0.0008475,0.0008477,0.0008467,0.0008477,1222120.0
1596762000000,0.0008477,0.0008477,0.0008477,0.0008477,153301.0
1596765600000,0.0008477,0.0008489,0.000845,0.0008489,1595764.0
1596769200000,0.0008478,0.0008483,0.0008452,0.0008453,311448.0
