1651636800000,5.39e-05,6.964e-05,3.953e-05,4.515e-05,1668523.6
1651640400000,4.39e-05,4.831e-05,4.367e-05,4.43e-05,105925.4
1651644000000,4.542e-05,4.797e-05,4.212e-05,4.33e-05,309386.3
1651647600000,4.341e-05,4.441e-05,4.016e-05,4.078e-05,251525.1
1651651200000,4.139e-05,4.291e-05,3.596e-05,4.226e-05,726585.6
1651654800000,4.168e-05,4.333e-05,4.118e-05,4.197e-05,215557.1
1651658400000,4.196e-05,4.261e-05,4.017e-05,4.059e-05,405501.9
1651662000000,4.063e-05,4.443e-05,3.964e-05,4.124e-05,482287.9
1651665600000,4.136e-05,4.196e-05,4.025e-05,4.187e-05,225537.1
1651669200000,4.186e-05,4.281e-05,4.127e-05,4.186e-05,299396.9
1651672800000,4.191e-05,4.218e-05,4.018e-05,4.138e-05,672595.9
1651676400000,4.137e-05,4.155e-05,3.81e-05,4.033e-05,612082.3
1651680000000,4.027e-05,4.073e-05,3.728e-05,3.892e-05,626871.0
1651683600000,3.883e-05,3.959e-05,3.81e-05,3.844e-05,150020.8
1651687200000,3.849e-05,3.953e-05,3.827e-05,3.894e-05,109452.8
1651690800000,3.89e-05,4.093e-05,3.846e-05,4.048e-05,89558.9
1651694400000,4.025e-05,4.093e-05,3.946e-05,4.059e-05,376987.8
1651698000000,4.058e-05,4.212e-05,4.02e-05,4.15e-05,267247.3
1651701600000,4.151e-05,4.245e-05,4.008e-05,4.015e-05,271310.4
1651705200000,4.025e-05,4.215e-05,4.024e-05,4.112e-05,166939.7
1651708800000,4.111e-05,4.113e-05,3.979e-05,4.051e-05,83682.2
1651712400000,4.05e-05,4.079e-05,3.915e-05,3.967e-05,144297.8
1651716000000,3.968e-05,4.053e-05,3.953e-05,3.99e-05,65283.0
1651719600000,3.991e-05,4.217e-05,3.986e-05,4.208e-05,169100.2
1651723200000,4.19e-05,4.19e-05,4.023e-05,4.102e-05,164366.8
1651726800000,4.082e-05,4.111e-05,4.025e-05,4.025e-05,82824.7
1651730400000,4.024e-05,4.034e-05,3.864e-05,3.892e-05,270968.3
1651734000000,3.887e-05,3.99e-05,3.868e-05,3.936e-05,105978.3
1651737600000,3.932e-05,4.052e-05,3.905e-05,3.976e-05,78363.9
1651741200000,3.974e-05,3.98e-05,3.933e-05,3.977e-05,57677.6
1651744800000,3.974e-05,3.974e-05,3.83e-05,3.887e-05,61767.9
1651748400000,3.886e-05,3.894e-05,3.662e-05,3.675e-05,325272.5
1651752000000,3.674e-05,3.742e-05,3.585e-05,3.715e-05,274120.0
1651755600000,3.735e-05,3.746e-05,3.591e-05,3.671e-05,478748.4
1651759200000,3.67e-05,3.704e-05,3.552e-05,3.674e-05,206719.1
1651762800000,3.675e-05,3.697e-05,3.281e-05,3.348e-05,1164445.4
1651766400000,3.349e-05,3.464e-05,3.34e-05,3.435e-05,553662.7
1651770000000,3.444e-05,3.472e-05,3.389e-05,3.415e-05,108573.4
1651773600000,3.414e-05,3.438e-05,3.346e-05,3.364e-05,242888.7
1651777200000,3.381e-05,3.454e-05,3.265e-05,3.426e-05,366150.2
1651780800000,3.427e-05,3.468e-05,3.354e-05,3.447e-05,112635.7
1651784400000,3.446e-05,3.488e-05,3.444e-05,3.48e-05,86777.9
1651788000000,3.482e-05,3.489e-05,3.401e-05,3.42e-05,266830.3
1651791600000,3.437e-05,3.492e-05,3.417e-05,3.449e-05,149976.0
1651795200000,3.45e-05,3.455e-05,3.266e-05,3.282e-05,177276.4
1651798800000,3.281e-05,3.335e-05,3.24e-05,3.247e-05,129570.9
1651802400000,3.246e-05,3.385e-05,3.246e-05,3.343e-05,160337.0
1651806000000,3.35e-05,3.365e-05,3.269e-05,3.301e-05,95528.6
1651809600000,3.299e-05,3.369e-05,3.255e-05,3.3e-05,111906.8
1651813200000,3.301e-05,3.335e-05,3.281e-05,3.335e-05,92293.5
1651816800000,3.337e-05,3.354e-05,3.237e-05,3.262e-05,165482.5
1651820400000,3.279e-05,3.302e-05,3.122e-05,3.214e-05,346967.6
1651824000000,3.215e-05,3.229e-05,3.136e-05,3.2e-05,188228.2
1651827600000,3.204e-05,3.254e-05,3.169e-05,3.252e-05,175635.4
1651831200000,3.253e-05,3.268e-05,3.186e-05,3.205e-05,84545.4
1651834800000,3.204e-05,3.261e-05,3.104e-05,3.181e-05,550226.8
1651838400000,3.191e-05,3.217e-05,3.095e-05,3.171e-05,213157.3
1651842000000,3.172e-05,3.238e-05,3.154e-05,3.197e-05,149603.4
1651845600000,3.194e-05,3.279e-05,3.174e-05,3.261e-05,114831.0
1651849200000,3.258e-05,3.32e-05,3.249e-05,3.286e-05,99458.8
1651852800000,3.284e-05,3.313e-05,3.215e-05,3.287e-05,75691.8
1651856400000,3.286e-05,3.334e-05,3.232e-05,3.233e-05,113826.0
1651860000000,3.236e-05,3.27e-05,3.227e-05,3.248e-05,38323.2
1651863600000,3.247e-05,3.27e-05,3.234e-05,3.241e-05,59997.1
1651867200000,3.24e-05,3.268e-05,3.206e-05,3.22e-05,43765.2
1651870800000,3.232e-05,3.235e-05,3.186e-05,3.212e-05,51215.2
1651874400000,3.211e-05,3.289e-05,3.209e-05,3.257e-05,63515.7
1651878000000,3.259e-05,3.317e-05,3.236e-05,3.314e-05,49553.4
1651881600000,3.312e-05,3.312e-05,3.244e-05,3.302e-05,73565.3
1651885200000,3.301e-05,3.369e-05,3.285e-05,3.342e-05,47156.0
1651888800000,3.34e-05,3.56e-05,3.332e-05,3.439e-05,319655.3
1651892400000,3.438e-05,3.449e-05,3.353e-05,3.408e-05,145581.9
1651896000000,3.407e-05,3.474e-05,3.378e-05,3.472e-05,78307.0
1651899600000,3.485e-05,3.492e-05,3.367e-05,3.373e-05,141851.5
1651903200000,3.378e-05,3.401e-05,3.325e-05,3.333e-05,162605.7
1651906800000,3.333e-05,3.353e-05,3.265e-05,3.339e-05,131200.5
1651910400000,3.318e-05,3.332e-05,3.212e-05,3.247e-05,86748.7
1651914000000,3.268e-05,3.302e-05,3.231e-05,3.268e-05,88855.3
1651917600000,3.267e-05,3.299e-05,3.234e-05,3.269e-05,50568.4
1651921200000,3.268e-05,3.33e-05,3.251e-05,3.292e-05,91204.3
1651924800000,3.294e-05,3.298e-05,3.233e-05,3.254e-05,47039.7
1651928400000,3.26e-05,3.266e-05,3.163e-05,3.19e-05,157668.5
1651932000000,3.189e-05,3.236e-05,3.188e-05,3.235e-05,74225.5
1651935600000,3.21e-05,3.235e-05,3.162e-05,3.172e-05,160069.1
1651939200000,3.173e-05,3.271e-05,3.103e-05,3.189e-05,375183.3
1651942800000,3.19e-05,3.221e-05,3.17e-05,3.201e-05,73903.3
1651946400000,3.179e-05,3.237e-05,3.178e-05,3.179e-05,59851.5
1651950000000,3.2e-05,3.205e-05,3.17e-05,3.19e-05,53158.1
1651953600000,3.187e-05,3.206e-05,3.164e-05,3.189e-05,45114.9
1651957200000,3.185e-05,3.187e-05,3.141e-05,3.152e-05,55998.7
1651960800000,3.153e-05,3.173e-05,3.014e-05,3.058e-05,249077.1
1651964400000,3.047e-05,3.107e-05,3.046e-05,3.083e-05,189339.6
1651968000000,3.087e-05,3.141e-05,3.064e-05,3.108e-05,117317.9
1651971600000,3.109e-05,3.139e-05,2.969e-05,2.993e-05,184934.1
1651975200000,2.997e-05,3.031e-05,2.936e-05,3.018e-05,269182.2
1651978800000,3.017e-05,3.042e-05,2.953e-05,3.01e-05,423556.5
1651982400000,3.008e-05,3.062e-05,2.987e-05,3.038e-05,87195.0
1651986000000,3.047e-05,3.063e-05,3.003e-05,3.024e-05,54948.4
1651989600000,3.027e-05,3.112e-05,3.006e-05,3.109e-05,122407.0
1651993200000,3.108e-05,3.12e-05,2.98e-05,2.988e-05,74544.4
1651996800000,2.989e-05,3.034e-05,2.972e-05,2.996e-05,59769.9
1652000400000,3e-05,3.035e-05,2.974e-05,3.031e-05,75597.3
1652004000000,3.03e-05,3.112e-05,2.962e-05,3.049e-05,248899.0
1652007600000,3.043e-05,3.095e-05,2.985e-05,3.073e-05,186426.6
1652011200000,3.072e-05,3.096e-05,3.025e-05,3.033e-05,99951.4
1652014800000,3.032e-05,3.05e-05,3.001e-05,3.001e-05,46190.1
1652018400000,3.013e-05,3.035e-05,2.979e-05,3.015e-05,58681.7
1652022000000,3.018e-05,3.035e-05,2.977e-05,3.008e-05,73414.0
1652025600000,3.007e-05,3.048e-05,2.982e-05,3.037e-05,61358.9
1652029200000,3.042e-05,3.064e-05,2.845e-05,2.918e-05,542699.5
1652032800000,2.905e-05,3.05e-05,2.904e-05,2.94e-05,110255.2
1652036400000,2.932e-05,3.002e-05,2.892e-05,2.923e-05,61323.0
1652040000000,2.922e-05,3.002e-05,2.905e-05,2.962e-05,76475.4
1652043600000,2.961e-05,3.02e-05,2.924e-05,3.002e-05,57039.4
1652047200000,2.999e-05,3.01e-05,2.935e-05,2.964e-05,50352.5
1652050800000,2.959e-05,3.007e-05,2.925e-05,2.973e-05,162289.1
1652054400000,2.976e-05,3.051e-05,2.951e-05,3.05e-05,134742.9
1652058000000,3.064e-05,3.066e-05,3.001e-05,3.004e-05,181530.5
1652061600000,3.008e-05,3.032e-05,2.849e-05,2.875e-05,186005.3
1652065200000,2.881e-05,2.998e-05,2.86e-05,2.92e-05,167886.7
1652068800000,2.914e-05,2.997e-05,2.86e-05,2.972e-05,152601.2
1652072400000,2.937e-05,2.956e-05,2.866e-05,2.869e-05,95829.6
1652076000000,2.872e-05,2.91e-05,2.84e-05,2.881e-05,131629.5
1652079600000,2.88e-05,2.936e-05,2.861e-05,2.884e-05,105637.2
1652083200000,2.883e-05,2.905e-05,2.795e-05,2.878e-05,127601.5
1652086800000,2.865e-05,2.892e-05,2.831e-05,2.832e-05,75654.2
1652090400000,2.833e-05,2.88e-05,2.686e-05,2.687e-05,345689.6
1652094000000,2.687e-05,2.805e-05,2.685e-05,2.776e-05,88339.8
1652097600000,2.764e-05,2.765e-05,2.643e-05,2.75e-05,154581.5
1652101200000,2.751e-05,2.803e-05,2.664e-05,2.716e-05,143668.8
1652104800000,2.712e-05,2.782e-05,2.682e-05,2.688e-05,62291.0
1652108400000,2.687e-05,2.725e-05,2.646e-05,2.708e-05,190653.4
1652112000000,2.695e-05,2.718e-05,2.572e-05,2.595e-05,58917.9
1652115600000,2.634e-05,2.699e-05,2.557e-05,2.66e-05,185558.2
1652119200000,2.683e-05,2.698e-05,2.526e-05,2.539e-05,339758.1
1652122800000,2.529e-05,2.585e-05,2.515e-05,2.546e-05,263522.1
1652126400000,2.537e-05,2.611e-05,2.522e-05,2.589e-05,510475.8
1652130000000,2.606e-05,2.626e-05,2.533e-05,2.537e-05,63103.8
1652133600000,2.538e-05,2.635e-05,2.514e-05,2.546e-05,72096.0
1652137200000,2.542e-05,2.593e-05,2.41e-05,2.417e-05,378969.9
1652140800000,2.435e-05,2.442e-05,2.152e-05,2.383e-05,285521.8
1652144400000,2.355e-05,2.427e-05,2.283e-05,2.307e-05,215216.4
1652148000000,2.355e-05,2.4e-05,2.273e-05,2.307e-05,283478.8
1652151600000,2.274e-05,2.301e-05,2.176e-05,2.22e-05,359845.3
1652155200000,2.208e-05,2.283e-05,2.127e-05,2.26e-05,334329.4
1652158800000,2.251e-05,2.447e-05,2.226e-05,2.293e-05,306615.5
1652162400000,2.311e-05,2.39e-05,2.295e-05,2.34e-05,239710.5
1652166000000,2.341e-05,2.4e-05,2.309e-05,2.332e-05,164626.4
1652169600000,2.329e-05,2.409e-05,2.297e-05,2.338e-05,139960.2
1652173200000,2.333e-05,2.437e-05,2.298e-05,2.373e-05,2049601.4
1652176800000,2.411e-05,2.581e-05,2.341e-05,2.44e-05,617867.9
1652180400000,2.456e-05,2.565e-05,2.437e-05,2.474e-05,341890.8
1652184000000,2.459e-05,2.594e-05,2.431e-05,2.553e-05,147879.6
1652187600000,2.547e-05,2.581e-05,2.448e-05,2.518e-05,51426.3
1652191200000,2.46e-05,2.553e-05,2.409e-05,2.428e-05,878539.6
1652194800000,2.438e-05,2.523e-05,2.425e-05,2.501e-05,89311.7
1652198400000,2.5e-05,2.536e-05,2.449e-05,2.506e-05,44004.5
1652202000000,2.456e-05,2.559e-05,2.456e-05,2.509e-05,93495.6
1652205600000,2.484e-05,2.555e-05,2.454e-05,2.51e-05,325198.5
1652209200000,2.477e-05,2.504e-05,2.424e-05,2.424e-05,74025.3
1652212800000,2.425e-05,2.446e-05,2.344e-05,2.357e-05,239327.5
1652216400000,2.358e-05,2.369e-05,2.16e-05,2.166e-05,365685.3
1652220000000,2.178e-05,2.267e-05,2.05e-05,2.108e-05,203870.2
1652223600000,2.102e-05,2.213e-05,2.091e-05,2.201e-05,204941.6
1652227200000,2.194e-05,2.281e-05,2.149e-05,2.237e-05,179206.1
1652230800000,2.222e-05,2.288e-05,2.115e-05,2.117e-05,147290.8
1652234400000,2.144e-05,2.215e-05,2.09e-05,2.171e-05,416298.5
1652238000000,2.164e-05,2.206e-05,2.114e-05,2.127e-05,72055.5
1652241600000,2.126e-05,2.184e-05,2.027e-05,2.051e-05,242708.6
1652245200000,2.054e-05,2.054e-05,1.932e-05,1.937e-05,461065.0
1652248800000,1.942e-05,1.967e-05,1.716e-05,1.724e-05,446846.3
1652252400000,1.714e-05,1.84e-05,1.558e-05,1.592e-05,868029.5
1652256000000,1.591e-05,1.71e-05,1.572e-05,1.682e-05,71192.0
1652259600000,1.691e-05,1.699e-05,1.589e-05,1.699e-05,196933.1
1652263200000,1.65e-05,1.8e-05,1.604e-05,1.604e-05,932157.5
1652266800000,1.615e-05,1.673e-05,1.534e-05,1.543e-05,582387.2
1652270400000,1.505e-05,1.638e-05,1.257e-05,1.29e-05,896203.6
1652274000000,1.246e-05,1.607e-05,1.239e-05,1.55e-05,262144.7
1652277600000,1.536e-05,1.61e-05,1.413e-05,1.576e-05,798111.2
1652281200000,1.592e-05,1.623e-05,1.448e-05,1.541e-05,78868.3
1652284800000,1.535e-05,1.638e-05,1.515e-05,1.566e-05,282521.9
1652288400000,1.562e-05,1.567e-05,1.48e-05,1.482e-05,305603.7
1652292000000,1.526e-05,1.526e-05,1.48e-05,1.508e-05,280819.9
1652295600000,1.488e-05,1.509e-05,1.379e-05,1.431e-05,1128013.8
1652299200000,1.44e-05,1.513e-05,1.345e-05,1.422e-05,494186.3
1652302800000,1.412e-05,1.472e-05,1.339e-05,1.435e-05,88759.1
1652306400000,1.354e-05,1.442e-05,1.335e-05,1.393e-05,227419.5
1652310000000,1.428e-05,1.499e-05,1.353e-05,1.466e-05,218936.1
1652313600000,1.403e-05,1.471e-05,1.385e-05,1.425e-05,137838.5
1652317200000,1.389e-05,1.464e-05,1.349e-05,1.373e-05,61330.2
1652320800000,1.339e-05,1.362e-05,1.273e-05,1.279e-05,106799.2
1652324400000,1.291e-05,1.293e-05,1.219e-05,1.227e-05,172858.3
1652328000000,1.232e-05,1.284e-05,1.137e-05,1.194e-05,664032.5
1652331600000,1.19e-05,1.352e-05,1.108e-05,1.167e-05,717400.6
1652335200000,1.17e-05,1.222e-05,1.108e-05,1.18e-05,489884.7
1652338800000,1.176e-05,1.216e-05,1.059e-05,1.154e-05,345453.4
1652342400000,1.177e-05,1.207e-05,1.125e-05,1.19e-05,213624.4
1652346000000,1.231e-05,1.244e-05,1.136e-05,1.197e-05,476495.5
1652349600000,1.198e-05,1.245e-05,1.147e-05,1.237e-05,208390.6
1652353200000,1.238e-05,1.392e-05,1.206e-05,1.341e-05,429910.4
1652356800000,1.345e-05,1.514e-05,1.289e-05,1.328e-05,877422.4
1652360400000,1.332e-05,1.37e-05,1.29e-05,1.345e-05,153019.4
1652364000000,1.338e-05,1.43e-05,1.223e-05,1.353e-05,719893.2
1652367600000,1.352e-05,1.411e-05,1.326e-05,1.334e-05,304221.7
1652371200000,1.334e-05,1.389e-05,1.264e-05,1.389e-05,611102.6
1652374800000,1.385e-05,1.429e-05,1.346e-05,1.425e-05,111664.7
1652378400000,1.427e-05,1.443e-05,1.35e-05,1.351e-05,93641.8
1652382000000,1.375e-05,1.397e-05,1.301e-05,1.329e-05,146831.7
1652385600000,1.33e-05,1.399e-05,1.317e-05,1.325e-05,118787.5
1652389200000,1.326e-05,1.334e-05,1.241e-05,1.249e-05,55810.3
1652392800000,1.252e-05,1.325e-05,1.237e-05,1.267e-05,41209.8
1652396400000,1.32e-05,1.337e-05,1.286e-05,1.337e-05,115301.7
1652400000000,1.335e-05,1.352e-05,1.265e-05,1.294e-05,169870.0
1652403600000,1.295e-05,1.504e-05,1.295e-05,1.349e-05,434497.8
1652407200000,1.35e-05,1.542e-05,1.346e-05,1.444e-05,313107.4
1652410800000,1.415e-05,1.494e-05,1.399e-05,1.464e-05,187138.1
1652414400000,1.465e-05,1.532e-05,1.454e-05,1.485e-05,189557.5
1652418000000,1.47e-05,1.581e-05,1.437e-05,1.516e-05,89344.3
1652421600000,1.514e-05,1.716e-05,1.499e-05,1.595e-05,1496978.7
1652425200000,1.593e-05,1.638e-05,1.541e-05,1.602e-05,155611.9
1652428800000,1.538e-05,1.589e-05,1.448e-05,1.588e-05,258708.6
1652432400000,1.593e-05,1.716e-05,1.569e-05,1.618e-05,913065.5
1652436000000,1.622e-05,1.653e-05,1.517e-05,1.537e-05,504467.4
1652439600000,1.562e-05,1.605e-05,1.539e-05,1.55e-05,100923.1
1652443200000,1.561e-05,1.587e-05,1.441e-05,1.52e-05,1083328.8
1652446800000,1.514e-05,1.539e-05,1.489e-05,1.508e-05,139674.6
1652450400000,1.506e-05,1.554e-05,1.473e-05,1.546e-05,258314.3
1652454000000,1.512e-05,1.603e-05,1.47e-05,1.542e-05,1518908.3
1652457600000,1.543e-05,1.608e-05,1.502e-05,1.573e-05,317540.6
1652461200000,1.526e-05,1.567e-05,1.487e-05,1.556e-05,107993.8
1652464800000,1.542e-05,1.556e-05,1.465e-05,1.499e-05,71200.0
1652468400000,1.498e-05,1.577e-05,1.474e-05,1.574e-05,175402.2
1652472000000,1.578e-05,1.697e-05,1.537e-05,1.633e-05,227824.8
1652475600000,1.625e-05,1.716e-05,1.617e-05,1.645e-05,559964.2
1652479200000,1.646e-05,1.716e-05,1.599e-05,1.686e-05,211419.9
1652482800000,1.689e-05,1.718e-05,1.589e-05,1.647e-05,540229.0
1652486400000,1.645e-05,1.721e-05,1.602e-05,1.719e-05,382179.6
1652490000000,1.72e-05,1.738e-05,1.666e-05,1.72e-05,186091.5
1652493600000,1.721e-05,1.794e-05,1.684e-05,1.779e-05,270303.0
1652497200000,1.759e-05,1.79e-05,1.704e-05,1.713e-05,135500.7
1652500800000,1.712e-05,1.787e-05,1.598e-05,1.605e-05,125418.1
1652504400000,1.606e-05,1.705e-05,1.604e-05,1.675e-05,252700.1
1652508000000,1.672e-05,1.748e-05,1.664e-05,1.664e-05,920776.4
1652511600000,1.665e-05,1.695e-05,1.663e-05,1.682e-05,47653.5
1652515200000,1.683e-05,1.738e-05,1.626e-05,1.694e-05,86666.8
1652518800000,1.747e-05,1.766e-05,1.632e-05,1.667e-05,549447.4
1652522400000,1.664e-05,1.714e-05,1.573e-05,1.714e-05,209288.9
1652526000000,1.617e-05,1.715e-05,1.532e-05,1.604e-05,280267.3
1652529600000,1.592e-05,1.644e-05,1.569e-05,1.636e-05,92075.1
1652533200000,1.625e-05,1.637e-05,1.559e-05,1.564e-05,213838.2
1652536800000,1.574e-05,1.621e-05,1.557e-05,1.6e-05,91355.6
1652540400000,1.61e-05,1.642e-05,1.587e-05,1.624e-05,74927.8
1652544000000,1.631e-05,1.667e-05,1.61e-05,1.656e-05,94112.6
1652547600000,1.642e-05,1.695e-05,1.635e-05,1.646e-05,157519.6
1652551200000,1.638e-05,1.76e-05,1.625e-05,1.696e-05,187673.1
1652554800000,1.699e-05,1.714e-05,1.642e-05,1.677e-05,74813.9
1652558400000,1.713e-05,1.74e-05,1.687e-05,1.712e-05,59413.1
1652562000000,1.711e-05,1.723e-05,1.664e-05,1.691e-05,33854.3
1652565600000,1.688e-05,1.704e-05,1.607e-05,1.652e-05,257775.8
1652569200000,1.668e-05,1.708e-05,1.651e-05,1.708e-05,59001.9
1652572800000,1.702e-05,1.744e-05,1.637e-05,1.644e-05,37916.3
1652576400000,1.647e-05,1.68e-05,1.646e-05,1.68e-05,61848.6
1652580000000,1.652e-05,1.672e-05,1.636e-05,1.667e-05,36149.9
1652583600000,1.671e-05,1.679e-05,1.65e-05,1.653e-05,43723.8
1652587200000,1.652e-05,1.668e-05,1.64e-05,1.649e-05,29590.9
1652590800000,1.647e-05,1.649e-05,1.616e-05,1.639e-05,32001.9
1652594400000,1.644e-05,1.658e-05,1.619e-05,1.619e-05,46586.7
1652598000000,1.623e-05,1.709e-05,1.623e-05,1.684e-05,49874.1
1652601600000,1.685e-05,1.845e-05,1.675e-05,1.746e-05,126455.8
1652605200000,1.749e-05,1.755e-05,1.705e-05,1.714e-05,41703.4
1652608800000,1.712e-05,1.754e-05,1.706e-05,1.75e-05,45863.1
1652612400000,1.749e-05,1.834e-05,1.746e-05,1.775e-05,91854.4
1652616000000,1.77e-05,1.801e-05,1.688e-05,1.744e-05,143804.8
1652619600000,1.748e-05,1.775e-05,1.739e-05,1.756e-05,165559.6
1652623200000,1.727e-05,1.733e-05,1.666e-05,1.703e-05,89928.7
1652626800000,1.7e-05,1.846e-05,1.691e-05,1.842e-05,595296.8
1652630400000,1.81e-05,1.961e-05,1.772e-05,1.883e-05,306164.5
1652634000000,1.882e-05,1.933e-05,1.809e-05,1.82e-05,124110.7
1652637600000,1.823e-05,1.877e-05,1.791e-05,1.828e-05,43039.1
1652641200000,1.827e-05,1.86e-05,1.799e-05,1.855e-05,40116.7
1652644800000,1.854e-05,2e-05,1.835e-05,1.939e-05,75697.5
1652648400000,1.938e-05,1.974e-05,1.838e-05,1.924e-05,287968.3
1652652000000,1.928e-05,1.983e-05,1.872e-05,1.883e-05,91592.4
1652655600000,1.884e-05,1.957e-05,1.884e-05,1.923e-05,88219.9
1652659200000,1.95e-05,2.164e-05,1.921e-05,2.029e-05,602221.4
1652662800000,2.031e-05,2.121e-05,2.016e-05,2.079e-05,135759.5
1652666400000,2.099e-05,2.12e-05,2.033e-05,2.056e-05,211793.2
1652670000000,2.057e-05,2.127e-05,2.013e-05,2.127e-05,352068.8
1652673600000,2.126e-05,2.146e-05,1.997e-05,1.997e-05,109337.2
1652677200000,2.001e-05,2.082e-05,1.981e-05,2.044e-05,88974.2
1652680800000,2.039e-05,2.089e-05,1.874e-05,1.975e-05,197315.4
1652684400000,1.975e-05,2.071e-05,1.911e-05,1.962e-05,55564.4
1652688000000,1.956e-05,2.046e-05,1.956e-05,1.98e-05,83748.5
1652691600000,1.973e-05,2.007e-05,1.927e-05,1.967e-05,319884.3
1652695200000,1.964e-05,2.086e-05,1.952e-05,2.001e-05,290167.4
1652698800000,2.008e-05,2.147e-05,2.007e-05,2.086e-05,192814.9
1652702400000,2.083e-05,2.109e-05,2.04e-05,2.075e-05,130330.5
1652706000000,2.07e-05,2.084e-05,1.973e-05,2.013e-05,104458.6
1652709600000,2.012e-05,2.021e-05,1.965e-05,1.994e-05,66704.9
1652713200000,1.993e-05,1.999e-05,1.92e-05,1.974e-05,166705.5
1652716800000,1.973e-05,2.24e-05,1.972e-05,2.062e-05,818449.3
1652720400000,2.056e-05,2.076e-05,2.001e-05,2.069e-05,56677.8
1652724000000,2.07e-05,2.093e-05,2.026e-05,2.054e-05,73555.3
1652727600000,2.059e-05,2.152e-05,2.04e-05,2.092e-05,89937.1
1652731200000,2.109e-05,2.151e-05,2.1e-05,2.111e-05,68428.9
1652734800000,2.11e-05,2.12e-05,2.058e-05,2.063e-05,86485.1
1652738400000,2.066e-05,2.105e-05,2.029e-05,2.083e-05,117161.5
1652742000000,2.09e-05,2.115e-05,2.043e-05,2.046e-05,106437.7
1652745600000,2.034e-05,2.142e-05,2.032e-05,2.126e-05,155857.3
1652749200000,2.131e-05,2.131e-05,2.063e-05,2.124e-05,131294.3
1652752800000,2.123e-05,2.153e-05,2.095e-05,2.133e-05,65491.7
1652756400000,2.147e-05,2.17e-05,2.112e-05,2.139e-05,177147.9
1652760000000,2.135e-05,2.136e-05,2.092e-05,2.114e-05,37963.8
1652763600000,2.118e-05,2.269e-05,2.112e-05,2.212e-05,285435.6
1652767200000,2.252e-05,2.252e-05,2.134e-05,2.14e-05,135230.7
1652770800000,2.142e-05,2.245e-05,2.141e-05,2.196e-05,100417.2
1652774400000,2.192e-05,2.201e-05,2.141e-05,2.169e-05,165577.4
1652778000000,2.161e-05,2.177e-05,2.082e-05,2.085e-05,161206.8
1652781600000,2.082e-05,2.165e-05,2.077e-05,2.081e-05,206638.1
1652785200000,2.09e-05,2.125e-05,2.079e-05,2.095e-05,104038.2
1652788800000,2.094e-05,2.134e-05,2.078e-05,2.13e-05,98972.0
1652792400000,2.12e-05,2.137e-05,2.066e-05,2.118e-05,130578.7
1652796000000,2.116e-05,2.131e-05,2.09e-05,2.109e-05,104059.0
1652799600000,2.108e-05,2.12e-05,2.069e-05,2.069e-05,43234.4
1652803200000,2.07e-05,2.113e-05,2.057e-05,2.097e-05,71330.2
1652806800000,2.098e-05,2.105e-05,2.073e-05,2.085e-05,75935.6
1652810400000,2.086e-05,2.12e-05,2.083e-05,2.099e-05,67589.7
1652814000000,2.098e-05,2.107e-05,2.053e-05,2.081e-05,106706.7
1652817600000,2.075e-05,2.094e-05,2.048e-05,2.067e-05,51895.5
1652821200000,2.069e-05,2.097e-05,2.056e-05,2.085e-05,38209.1
1652824800000,2.084e-05,2.173e-05,2.072e-05,2.135e-05,131726.6
1652828400000,2.138e-05,2.16e-05,2.111e-05,2.124e-05,89090.6
1652832000000,2.125e-05,2.166e-05,2.119e-05,2.133e-05,48800.9
1652835600000,2.142e-05,2.155e-05,2.1e-05,2.137e-05,75423.9
1652839200000,2.11e-05,2.128e-05,2.091e-05,2.123e-05,63751.4
1652842800000,2.122e-05,2.128e-05,2.087e-05,2.099e-05,105551.7
1652846400000,2.098e-05,2.179e-05,2.042e-05,2.116e-05,262898.8
1652850000000,2.109e-05,2.183e-05,2.104e-05,2.155e-05,59610.3
1652853600000,2.156e-05,2.186e-05,2.124e-05,2.126e-05,55824.0
1652857200000,2.123e-05,2.179e-05,2.103e-05,2.133e-05,144535.9
1652860800000,2.132e-05,2.147e-05,2.093e-05,2.112e-05,98533.8
1652864400000,2.113e-05,2.125e-05,2.056e-05,2.064e-05,162476.9
1652868000000,2.065e-05,2.102e-05,2.056e-05,2.087e-05,51717.0
1652871600000,2.1e-05,2.143e-05,2.07e-05,2.105e-05,99576.5
1652875200000,2.104e-05,2.111e-05,1.986e-05,2.025e-05,1105278.7
1652878800000,2.023e-05,2.109e-05,1.982e-05,2.024e-05,578463.0
1652882400000,2.03e-05,2.101e-05,1.94e-05,2.01e-05,1515870.3
1652886000000,2.009e-05,2.027e-05,1.924e-05,1.973e-05,207894.9
1652889600000,1.963e-05,1.978e-05,1.9e-05,1.923e-05,103658.6
1652893200000,1.927e-05,1.991e-05,1.927e-05,1.953e-05,146836.4
1652896800000,1.965e-05,1.98e-05,1.908e-05,1.937e-05,108255.9
1652900400000,1.939e-05,1.987e-05,1.913e-05,1.982e-05,220504.4
1652904000000,1.975e-05,1.988e-05,1.918e-05,1.921e-05,118717.4
1652907600000,1.92e-05,2.02e-05,1.913e-05,1.997e-05,70898.5
1652911200000,1.991e-05,2.01e-05,1.968e-05,1.979e-05,92758.2
1652914800000,1.972e-05,2.013e-05,1.943e-05,1.953e-05,108367.1
1652918400000,1.957e-05,2.027e-05,1.933e-05,1.955e-05,226235.8
1652922000000,1.961e-05,2.029e-05,1.96e-05,2.019e-05,157428.1
1652925600000,2.027e-05,2.028e-05,1.863e-05,1.911e-05,199195.6
1652929200000,1.91e-05,2.028e-05,1.91e-05,2.002e-05,190156.2
1652932800000,2.011e-05,2.051e-05,1.946e-05,2.05e-05,121746.7
1652936400000,2.049e-05,2.091e-05,2.003e-05,2.018e-05,283495.5
1652940000000,2.013e-05,2.125e-05,1.966e-05,2.085e-05,219172.9
1652943600000,2.084e-05,4.193e-05,2.075e-05,3.745e-05,2637956.5
1652947200000,3.761e-05,4.81e-05,3.497e-05,3.55e-05,6834423.8
1652950800000,3.54e-05,3.8e-05,3.244e-05,3.49e-05,2299211.7
1652954400000,3.507e-05,3.984e-05,3.302e-05,3.327e-05,1505917.6
1652958000000,3.318e-05,3.436e-05,2.934e-05,3.045e-05,699708.3
1652961600000,3.044e-05,3.4e-05,2.873e-05,2.912e-05,1338870.5
1652965200000,2.912e-05,2.998e-05,2.682e-05,2.852e-05,419687.3
1652968800000,2.832e-05,3.287e-05,2.706e-05,3.109e-05,518236.9
1652972400000,3.127e-05,3.32e-05,2.64e-05,2.696e-05,665457.7
1652976000000,2.706e-05,3.295e-05,2.698e-05,3.295e-05,884673.3
1652979600000,3.265e-05,3.95e-05,3.155e-05,3.65e-05,2224082.7
1652983200000,3.668e-05,4.053e-05,3.383e-05,3.514e-05,1629113.0
1652986800000,3.532e-05,3.986e-05,3.3e-05,3.683e-05,1132221.4
1652990400000,3.682e-05,4.214e-05,3.396e-05,3.847e-05,1757692.1
1652994000000,3.833e-05,3.973e-05,3.633e-05,3.745e-05,844037.9
1652997600000,3.748e-05,3.802e-05,3.364e-05,3.508e-05,315505.9
1653001200000,3.509e-05,4.039e-05,3.344e-05,3.598e-05,3212962.7
1653004800000,3.599e-05,3.798e-05,3.448e-05,3.505e-05,450020.7
1653008400000,3.509e-05,3.56e-05,3.189e-05,3.197e-05,334844.3
1653012000000,3.189e-05,3.49e-05,3.125e-05,3.281e-05,351402.9
1653015600000,3.314e-05,3.369e-05,3.091e-05,3.091e-05,250275.7
1653019200000,3.092e-05,3.206e-05,3e-05,3.096e-05,250552.2
1653022800000,3.095e-05,3.281e-05,2.806e-05,2.83e-05,1299754.8
1653026400000,2.829e-05,3.096e-05,2.787e-05,2.956e-05,708938.6
1653030000000,2.958e-05,3.181e-05,2.845e-05,2.849e-05,327477.0
1653033600000,2.844e-05,3.042e-05,2.758e-05,2.758e-05,626202.0
1653037200000,2.794e-05,2.849e-05,2.72e-05,2.781e-05,234507.7
1653040800000,2.78e-05,2.797e-05,2.71e-05,2.732e-05,184528.5
1653044400000,2.731e-05,2.768e-05,2.631e-05,2.685e-05,116867.5
1653048000000,2.649e-05,2.744e-05,2.621e-05,2.679e-05,259190.0
1653051600000,2.698e-05,2.855e-05,2.698e-05,2.78e-05,346701.9
1653055200000,2.779e-05,2.809e-05,2.6e-05,2.613e-05,628269.9
1653058800000,2.626e-05,2.783e-05,2.583e-05,2.783e-05,827394.4
1653062400000,2.765e-05,2.781e-05,2.582e-05,2.636e-05,367011.7
1653066000000,2.659e-05,2.725e-05,2.627e-05,2.666e-05,52914.5
1653069600000,2.66e-05,2.811e-05,2.651e-05,2.722e-05,121481.1
1653073200000,2.744e-05,2.769e-05,2.688e-05,2.701e-05,65998.1
1653076800000,2.709e-05,2.821e-05,2.683e-05,2.757e-05,187909.1
1653080400000,2.75e-05,2.9e-05,2.704e-05,2.736e-05,415154.7
1653084000000,2.739e-05,2.839e-05,2.709e-05,2.839e-05,131714.0
1653087600000,2.834e-05,2.834e-05,2.753e-05,2.785e-05,49659.5
1653091200000,2.784e-05,2.906e-05,2.751e-05,2.774e-05,367740.8
1653094800000,2.725e-05,2.817e-05,2.673e-05,2.757e-05,208382.0
1653098400000,2.756e-05,2.828e-05,2.662e-05,2.823e-05,129165.1
1653102000000,2.772e-05,2.817e-05,2.714e-05,2.739e-05,69663.5
1653105600000,2.74e-05,2.778e-05,2.67e-05,2.684e-05,79742.2
1653109200000,2.687e-05,2.777e-05,2.674e-05,2.74e-05,73501.3
1653112800000,2.739e-05,2.76e-05,2.679e-05,2.745e-05,76658.1
1653116400000,2.744e-05,2.744e-05,2.596e-05,2.66e-05,294256.5
1653120000000,2.659e-05,2.696e-05,2.6e-05,2.623e-05,85195.5
1653123600000,2.622e-05,2.649e-05,2.543e-05,2.584e-05,87514.0
1653127200000,2.583e-05,2.634e-05,2.556e-05,2.597e-05,44448.0
1653130800000,2.596e-05,2.647e-05,2.577e-05,2.586e-05,63990.7
1653134400000,2.585e-05,2.644e-05,2.576e-05,2.626e-05,46191.6
1653138000000,2.628e-05,2.669e-05,2.578e-05,2.589e-05,56852.9
1653141600000,2.588e-05,2.655e-05,2.588e-05,2.592e-05,45887.3
1653145200000,2.591e-05,2.658e-05,2.54e-05,2.551e-05,58523.7
1653148800000,2.555e-05,2.683e-05,2.555e-05,2.682e-05,48464.6
1653152400000,2.683e-05,2.683e-05,2.58e-05,2.58e-05,48777.3
1653156000000,2.579e-05,2.62e-05,2.554e-05,2.572e-05,45543.1
1653159600000,2.571e-05,2.571e-05,2.467e-05,2.469e-05,251391.5
1653163200000,2.463e-05,2.527e-05,2.459e-05,2.506e-05,110856.4
1653166800000,2.505e-05,2.577e-05,2.492e-05,2.505e-05,191232.0
1653170400000,2.504e-05,2.546e-05,2.487e-05,2.507e-05,46233.7
1653174000000,2.506e-05,2.568e-05,2.498e-05,2.524e-05,43477.6
1653177600000,2.566e-05,2.566e-05,2.411e-05,2.463e-05,185940.5
1653181200000,2.464e-05,2.488e-05,2.404e-05,2.404e-05,53402.3
1653184800000,2.403e-05,2.436e-05,2.283e-05,2.336e-05,231642.6
1653188400000,2.343e-05,2.408e-05,2.332e-05,2.351e-05,108227.6
1653192000000,2.363e-05,2.406e-05,2.331e-05,2.365e-05,48695.3
1653195600000,2.366e-05,2.4e-05,2.336e-05,2.374e-05,59793.4
1653199200000,2.373e-05,2.442e-05,2.354e-05,2.437e-05,78677.6
1653202800000,2.438e-05,2.442e-05,2.378e-05,2.39e-05,41608.2
1653206400000,2.393e-05,2.543e-05,2.387e-05,2.494e-05,131072.5
1653210000000,2.495e-05,2.617e-05,2.408e-05,2.57e-05,260083.1
1653213600000,2.568e-05,2.568e-05,2.434e-05,2.48e-05,125265.1
1653217200000,2.473e-05,2.487e-05,2.344e-05,2.359e-05,162450.1
1653220800000,2.358e-05,2.408e-05,2.319e-05,2.38e-05,124761.2
1653224400000,2.381e-05,2.454e-05,2.36e-05,2.406e-05,133986.1
1653228000000,2.407e-05,2.532e-05,2.406e-05,2.481e-05,245753.4
1653231600000,2.482e-05,2.515e-05,2.402e-05,2.456e-05,192331.4
1653235200000,2.42e-05,2.475e-05,2.389e-05,2.41e-05,72150.2
1653238800000,2.428e-05,2.516e-05,2.388e-05,2.493e-05,72410.4
1653242400000,2.478e-05,2.508e-05,2.472e-05,2.506e-05,45033.1
1653246000000,2.507e-05,2.535e-05,2.454e-05,2.475e-05,56284.8
1653249600000,2.477e-05,2.584e-05,2.441e-05,2.508e-05,227308.0
1653253200000,2.48e-05,2.492e-05,2.448e-05,2.449e-05,48554.6
1653256800000,2.448e-05,2.486e-05,2.434e-05,2.442e-05,56219.9
1653260400000,2.443e-05,2.501e-05,2.427e-05,2.469e-05,44296.3
1653264000000,2.467e-05,2.473e-05,2.38e-05,2.442e-05,54218.7
1653267600000,2.449e-05,2.593e-05,2.441e-05,2.482e-05,115948.4
1653271200000,2.482e-05,2.544e-05,2.434e-05,2.535e-05,206565.0
1653274800000,2.54e-05,2.59e-05,2.497e-05,2.505e-05,193522.8
1653278400000,2.513e-05,2.579e-05,2.49e-05,2.555e-05,38835.0
1653282000000,2.572e-05,2.964e-05,2.529e-05,2.606e-05,1532957.3
1653285600000,2.605e-05,2.632e-05,2.487e-05,2.535e-05,278587.6
1653289200000,2.536e-05,2.602e-05,2.482e-05,2.482e-05,305534.8
1653292800000,2.487e-05,2.547e-05,2.48e-05,2.523e-05,182211.0
1653296400000,2.504e-05,2.532e-05,2.467e-05,2.488e-05,99229.5
1653300000000,2.493e-05,2.51e-05,2.436e-05,2.492e-05,86594.6
1653303600000,2.491e-05,2.5e-05,2.459e-05,2.469e-05,69522.6
1653307200000,2.459e-05,2.478e-05,2.419e-05,2.446e-05,84911.4
1653310800000,2.447e-05,2.447e-05,2.378e-05,2.427e-05,174313.9
1653314400000,2.426e-05,2.443e-05,2.395e-05,2.427e-05,57677.2
1653318000000,2.426e-05,2.52e-05,2.381e-05,2.417e-05,250357.5
1653321600000,2.448e-05,2.475e-05,2.413e-05,2.427e-05,76620.9
1653325200000,2.438e-05,2.452e-05,2.367e-05,2.405e-05,287783.7
1653328800000,2.404e-05,2.466e-05,2.281e-05,2.425e-05,477652.1
1653332400000,2.405e-05,2.44e-05,2.353e-05,2.434e-05,109715.5
1653336000000,2.446e-05,2.464e-05,2.388e-05,2.418e-05,70528.6
1653339600000,2.413e-05,2.496e-05,2.401e-05,2.465e-05,121083.1
1653343200000,2.455e-05,2.464e-05,2.353e-05,2.399e-05,69905.0
1653346800000,2.4e-05,2.474e-05,2.327e-05,2.376e-05,94986.7
1653350400000,2.371e-05,2.402e-05,2.313e-05,2.401e-05,107446.6
1653354000000,2.436e-05,2.478e-05,2.404e-05,2.418e-05,123590.6
1653357600000,2.423e-05,2.544e-05,2.372e-05,2.412e-05,398335.8
1653361200000,2.41e-05,2.458e-05,2.4e-05,2.427e-05,66343.7
1653364800000,2.424e-05,2.468e-05,2.422e-05,2.427e-05,54442.9
1653368400000,2.428e-05,2.439e-05,2.387e-05,2.394e-05,47013.5
1653372000000,2.396e-05,2.433e-05,2.386e-05,2.408e-05,53400.1
1653375600000,2.44e-05,2.454e-05,2.378e-05,2.431e-05,63845.3
1653379200000,2.429e-05,2.447e-05,2.379e-05,2.422e-05,80878.3
1653382800000,2.404e-05,2.413e-05,2.318e-05,2.362e-05,135909.1
1653386400000,2.361e-05,2.417e-05,2.345e-05,2.379e-05,51655.9
1653390000000,2.38e-05,2.391e-05,2.333e-05,2.348e-05,44114.4
1653393600000,2.347e-05,2.387e-05,2.296e-05,2.374e-05,231449.5
1653397200000,2.377e-05,2.422e-05,2.35e-05,2.352e-05,76555.8
1653400800000,2.359e-05,2.378e-05,2.222e-05,2.278e-05,308134.8
1653404400000,2.277e-05,2.359e-05,2.258e-05,2.305e-05,71703.5
1653408000000,2.304e-05,2.362e-05,2.279e-05,2.319e-05,111196.9
1653411600000,2.318e-05,2.319e-05,2.28e-05,2.287e-05,40882.8
1653415200000,2.29e-05,2.351e-05,2.269e-05,2.34e-05,51666.7
1653418800000,2.332e-05,2.347e-05,2.288e-05,2.295e-05,61045.5
1653422400000,2.304e-05,2.322e-05,2.286e-05,2.3e-05,44098.3
1653426000000,2.317e-05,2.451e-05,2.295e-05,2.33e-05,126604.5
1653429600000,2.331e-05,2.398e-05,2.322e-05,2.363e-05,44715.4
1653433200000,2.367e-05,2.388e-05,2.347e-05,2.358e-05,46368.0
1653436800000,2.355e-05,2.393e-05,2.347e-05,2.379e-05,42616.8
1653440400000,2.377e-05,2.409e-05,2.333e-05,2.345e-05,54254.9
1653444000000,2.341e-05,2.38e-05,2.33e-05,2.353e-05,47029.8
1653447600000,2.358e-05,2.49e-05,2.337e-05,2.454e-05,93573.6
1653451200000,2.465e-05,2.638e-05,2.362e-05,2.387e-05,468016.7
1653454800000,2.371e-05,2.403e-05,2.353e-05,2.367e-05,77993.7
1653458400000,2.371e-05,2.388e-05,2.324e-05,2.328e-05,57315.1
1653462000000,2.329e-05,2.341e-05,2.281e-05,2.33e-05,63793.3
1653465600000,2.329e-05,2.348e-05,2.305e-05,2.341e-05,40925.4
1653469200000,2.34e-05,2.355e-05,2.295e-05,2.335e-05,45322.3
1653472800000,2.316e-05,2.353e-05,2.301e-05,2.33e-05,125942.9
1653476400000,2.329e-05,2.349e-05,2.312e-05,2.323e-05,61188.6
1653480000000,2.314e-05,2.346e-05,2.3e-05,2.325e-05,66119.4
1653483600000,2.322e-05,2.359e-05,2.292e-05,2.324e-05,72427.1
1653487200000,2.327e-05,2.359e-05,2.312e-05,2.335e-05,43865.7
1653490800000,2.34e-05,2.379e-05,2.324e-05,2.343e-05,44294.0
1653494400000,2.362e-05,2.428e-05,2.35e-05,2.411e-05,43269.1
1653498000000,2.409e-05,2.42e-05,2.353e-05,2.366e-05,99174.1
1653501600000,2.351e-05,2.418e-05,2.351e-05,2.383e-05,46829.4
1653505200000,2.384e-05,2.407e-05,2.372e-05,2.407e-05,62730.9
1653508800000,2.399e-05,2.429e-05,2.386e-05,2.393e-05,39004.5
1653512400000,2.392e-05,2.459e-05,2.378e-05,2.459e-05,68187.2
1653516000000,2.459e-05,2.581e-05,2.391e-05,2.404e-05,253699.8
1653519600000,2.403e-05,2.448e-05,2.391e-05,2.403e-05,41083.0
1653523200000,2.404e-05,2.443e-05,2.348e-05,2.355e-05,138395.6
1653526800000,2.364e-05,2.457e-05,2.341e-05,2.424e-05,76754.2
1653530400000,2.433e-05,2.479e-05,2.427e-05,2.473e-05,52349.6
1653534000000,2.472e-05,2.472e-05,2.401e-05,2.409e-05,65766.5
1653537600000,2.408e-05,2.425e-05,2.379e-05,2.401e-05,37991.0
1653541200000,2.409e-05,2.589e-05,2.394e-05,2.471e-05,203724.5
1653544800000,2.469e-05,2.528e-05,2.425e-05,2.458e-05,135843.4
1653548400000,2.46e-05,2.492e-05,2.43e-05,2.467e-05,63546.4
1653552000000,2.494e-05,2.681e-05,2.47e-05,2.501e-05,1315129.3
1653555600000,2.515e-05,2.61e-05,2.473e-05,2.498e-05,204320.4
1653559200000,2.499e-05,2.569e-05,2.497e-05,2.528e-05,98693.1
1653562800000,2.518e-05,2.568e-05,2.445e-05,2.48e-05,197117.8
1653566400000,2.479e-05,2.525e-05,2.45e-05,2.464e-05,111544.9
1653570000000,2.458e-05,2.538e-05,2.384e-05,2.466e-05,215595.8
1653573600000,2.47e-05,2.536e-05,2.451e-05,2.527e-05,61418.0
1653577200000,2.537e-05,2.553e-05,2.457e-05,2.504e-05,98025.4
1653580800000,2.507e-05,2.532e-05,2.389e-05,2.44e-05,103828.8
1653584400000,2.436e-05,2.482e-05,2.393e-05,2.401e-05,52978.2
1653588000000,2.398e-05,2.481e-05,2.393e-05,2.426e-05,96166.1
1653591600000,2.431e-05,2.488e-05,2.411e-05,2.457e-05,52845.7
1653595200000,2.461e-05,2.495e-05,2.42e-05,2.421e-05,47711.8
1653598800000,2.428e-05,2.493e-05,2.424e-05,2.468e-05,43351.4
1653602400000,2.493e-05,2.495e-05,2.445e-05,2.475e-05,67351.4
1653606000000,2.476e-05,2.5e-05,2.448e-05,2.498e-05,41387.7
1653609600000,2.497e-05,2.537e-05,2.475e-05,2.52e-05,84391.4
1653613200000,2.521e-05,2.67e-05,2.504e-05,2.67e-05,124277.7
1653616800000,2.686e-05,2.69e-05,2.561e-05,2.6e-05,61579.7
1653620400000,2.595e-05,2.61e-05,2.561e-05,2.593e-05,43872.9
1653624000000,2.605e-05,2.644e-05,2.568e-05,2.621e-05,175975.2
1653627600000,2.62e-05,2.63e-05,2.545e-05,2.589e-05,224118.5
1653631200000,2.574e-05,2.591e-05,2.506e-05,2.58e-05,158834.5
1653634800000,2.57e-05,2.595e-05,2.54e-05,2.557e-05,148479.9
1653638400000,2.558e-05,2.595e-05,2.519e-05,2.566e-05,82356.0
1653642000000,2.552e-05,2.571e-05,2.513e-05,2.541e-05,93468.9
1653645600000,2.543e-05,2.575e-05,2.515e-05,2.55e-05,108650.8
1653649200000,2.549e-05,2.57e-05,2.519e-05,2.567e-05,173978.9
1653652800000,2.584e-05,2.681e-05,2.475e-05,2.523e-05,293743.9
1653656400000,2.5e-05,2.54e-05,2.5e-05,2.539e-05,16666.7
1653660000000,2.523e-05,2.539e-05,2.504e-05,2.534e-05,22208.8
1653663600000,2.564e-05,2.569e-05,2.515e-05,2.525e-05,24454.6
1653667200000,2.529e-05,2.529e-05,2.494e-05,2.523e-05,69509.6
1653670800000,2.54e-05,2.54e-05,2.434e-05,2.49e-05,138580.0
1653674400000,2.524e-05,2.524e-05,2.464e-05,2.47e-05,38028.9
1653678000000,2.501e-05,2.501e-05,2.501e-05,2.501e-05,60.1
1653681600000,2.506e-05,2.554e-05,2.506e-05,2.552e-05,60116.9
1653685200000,2.558e-05,2.563e-05,2.558e-05,2.563e-05,11854.9
1653688800000,2.563e-05,2.563e-05,2.563e-05,2.563e-05,0.0
1653692400000,2.563e-05,2.594e-05,2.56e-05,2.594e-05,15227.7
1653696000000,2.54e-05,2.583e-05,2.539e-05,2.58e-05,8290.6
1653699600000,2.603e-05,2.65e-05,2.598e-05,2.634e-05,63268.5
1653703200000,2.655e-05,2.68e-05,2.628e-05,2.667e-05,100414.4
1653706800000,2.667e-05,2.775e-05,2.654e-05,2.681e-05,130121.8
1653710400000,2.68e-05,2.68e-05,2.582e-05,2.582e-05,39057.3
1653714000000,2.631e-05,2.632e-05,2.631e-05,2.632e-05,16529.3
1653717600000,2.631e-05,2.673e-05,2.602e-05,2.667e-05,86464.9
1653721200000,2.659e-05,2.671e-05,2.611e-05,2.625e-05,27630.8
1653724800000,2.626e-05,2.626e-05,2.622e-05,2.624e-05,2664.7
1653728400000,2.597e-05,2.614e-05,2.585e-05,2.601e-05,35330.4
1653732000000,2.613e-05,2.639e-05,2.604e-05,2.625e-05,2897.1
1653735600000,2.6e-05,2.6e-05,2.567e-05,2.574e-05,19189.7
1653739200000,2.594e-05,2.643e-05,2.543e-05,2.598e-05,489207.4
1653742800000,2.599e-05,2.628e-05,2.578e-05,2.62e-05,527923.3
1653746400000,2.619e-05,2.63e-05,2.583e-05,2.603e-05,132904.3
1653750000000,2.577e-05,2.579e-05,2.524e-05,2.567e-05,45684.1
1653753600000,2.537e-05,2.572e-05,2.537e-05,2.572e-05,14080.5
1653757200000,2.571e-05,2.588e-05,2.571e-05,2.588e-05,13586.9
1653760800000,2.567e-05,2.59e-05,2.563e-05,2.59e-05,1496.7
1653764400000,2.591e-05,2.591e-05,2.553e-05,2.553e-05,1673.0
1653768000000,2.571e-05,2.576e-05,2.547e-05,2.548e-05,15308.3
1653771600000,2.568e-05,2.568e-05,2.565e-05,2.565e-05,624.3
1653775200000,2.568e-05,2.568e-05,2.568e-05,2.568e-05,63.9
1653778800000,2.565e-05,2.599e-05,2.565e-05,2.599e-05,2462.0
1653782400000,2.566e-05,2.583e-05,2.5e-05,2.527e-05,103090.4
1653786000000,2.551e-05,2.552e-05,2.431e-05,2.502e-05,53259.8
1653789600000,2.502e-05,2.502e-05,2.433e-05,2.464e-05,55350.6
1653793200000,2.487e-05,2.496e-05,2.453e-05,2.496e-05,4258.7
1653796800000,2.477e-05,2.484e-05,2.432e-05,2.477e-05,38168.8
1653800400000,2.46e-05,2.46e-05,2.458e-05,2.458e-05,134.3
1653804000000,2.49e-05,2.491e-05,2.484e-05,2.484e-05,1127.6
1653807600000,2.477e-05,2.477e-05,2.477e-05,2.477e-05,57.3
1653811200000,2.482e-05,2.482e-05,2.438e-05,2.469e-05,3869.4
1653814800000,2.486e-05,2.488e-05,2.445e-05,2.474e-05,82286.4
1653818400000,2.446e-05,2.468e-05,2.415e-05,2.456e-05,103969.7
1653822000000,2.455e-05,2.461e-05,2.439e-05,2.447e-05,38643.2
1653825600000,2.447e-05,2.479e-05,2.447e-05,2.479e-05,3726.7
1653829200000,2.45e-05,2.471e-05,2.45e-05,2.47e-05,18668.2
1653832800000,2.486e-05,2.487e-05,2.486e-05,2.487e-05,15133.8
1653836400000,2.489e-05,2.533e-05,2.466e-05,2.533e-05,65722.9
1653840000000,2.554e-05,2.554e-05,2.554e-05,2.554e-05,55.9
1653843600000,2.569e-05,2.569e-05,2.496e-05,2.512e-05,15457.1
1653847200000,2.509e-05,2.509e-05,2.497e-05,2.503e-05,716.0
1653850800000,2.518e-05,2.529e-05,2.516e-05,2.529e-05,6069.1
1653854400000,2.543e-05,2.547e-05,2.533e-05,2.533e-05,17872.5
1653858000000,2.544e-05,2.544e-05,2.486e-05,2.486e-05,1000.1
1653861600000,2.534e-05,2.534e-05,2.534e-05,2.534e-05,6496.8
1653865200000,2.502e-05,2.529e-05,2.486e-05,2.529e-05,53925.8
1653868800000,2.507e-05,2.551e-05,2.498e-05,2.498e-05,10229.9
1653872400000,2.503e-05,2.535e-05,2.503e-05,2.535e-05,6612.5
1653876000000,2.536e-05,2.579e-05,2.498e-05,2.498e-05,43572.5
1653879600000,2.486e-05,2.488e-05,2.451e-05,2.451e-05,10374.3
1653883200000,2.47e-05,2.493e-05,2.47e-05,2.493e-05,682.3
1653886800000,2.466e-05,2.492e-05,2.46e-05,2.478e-05,32062.0
1653890400000,2.479e-05,2.553e-05,2.449e-05,2.51e-05,139512.2
1653894000000,2.5e-05,2.545e-05,2.479e-05,2.484e-05,153154.9
1653897600000,2.482e-05,2.496e-05,2.455e-05,2.465e-05,101169.3
1653901200000,2.464e-05,2.483e-05,2.43e-05,2.432e-05,231976.8
1653904800000,2.431e-05,2.473e-05,2.426e-05,2.46e-05,57044.8
1653908400000,2.471e-05,2.487e-05,2.433e-05,2.437e-05,94845.5
1653912000000,2.436e-05,2.476e-05,2.426e-05,2.443e-05,77623.1
1653915600000,2.442e-05,2.468e-05,2.422e-05,2.439e-05,56364.4
1653919200000,2.438e-05,2.465e-05,2.429e-05,2.46e-05,65547.6
1653922800000,2.459e-05,2.466e-05,2.424e-05,2.434e-05,67776.0
1653926400000,2.433e-05,2.45e-05,2.408e-05,2.429e-05,60412.2
1653930000000,2.425e-05,2.446e-05,2.409e-05,2.437e-05,67099.8
1653933600000,2.434e-05,2.457e-05,2.427e-05,2.438e-05,64949.0
1653937200000,2.436e-05,2.448e-05,2.418e-05,2.432e-05,54086.3
1653940800000,2.431e-05,2.453e-05,2.406e-05,2.411e-05,62999.3
1653944400000,2.412e-05,2.437e-05,2.38e-05,2.418e-05,89871.9
1653948000000,2.389e-05,2.43e-05,2.371e-05,2.4e-05,66908.0
1653951600000,2.399e-05,2.435e-05,2.385e-05,2.428e-05,67652.8
1653955200000,2.427e-05,2.44e-05,2.365e-05,2.372e-05,192264.2
1653958800000,2.368e-05,2.402e-05,2.361e-05,2.371e-05,96063.8
1653962400000,2.367e-05,2.392e-05,2.345e-05,2.392e-05,112035.2
1653966000000,2.398e-05,2.432e-05,2.371e-05,2.399e-05,123610.5
1653969600000,2.398e-05,2.447e-05,2.385e-05,2.417e-05,80161.9
1653973200000,2.423e-05,2.428e-05,2.366e-05,2.394e-05,126148.1
1653976800000,2.386e-05,2.392e-05,2.351e-05,2.383e-05,71357.9
1653980400000,2.381e-05,2.469e-05,2.359e-05,2.405e-05,122549.3
1653984000000,2.406e-05,2.48e-05,2.4e-05,2.476e-05,197768.7
1653987600000,2.467e-05,2.498e-05,2.429e-05,2.445e-05,86383.8
1653991200000,2.429e-05,2.449e-05,2.395e-05,2.429e-05,115590.7
1653994800000,2.43e-05,2.436e-05,2.387e-05,2.401e-05,85058.6
1653998400000,2.4e-05,2.424e-05,2.36e-05,2.402e-05,162116.6
1654002000000,2.413e-05,2.46e-05,2.369e-05,2.393e-05,122770.6
1654005600000,2.396e-05,2.422e-05,2.378e-05,2.382e-05,73023.1
1654009200000,2.383e-05,2.433e-05,2.323e-05,2.37e-05,399869.8
1654012800000,2.369e-05,2.433e-05,2.359e-05,2.43e-05,114315.4
1654016400000,2.428e-05,2.441e-05,2.401e-05,2.415e-05,84310.4
1654020000000,2.417e-05,2.445e-05,2.4e-05,2.417e-05,134415.6
1654023600000,2.416e-05,2.451e-05,2.404e-05,2.44e-05,96916.2
1654027200000,2.441e-05,2.46e-05,2.426e-05,2.442e-05,69331.7
1654030800000,2.449e-05,2.462e-05,2.418e-05,2.434e-05,71889.6
1654034400000,2.435e-05,2.446e-05,2.417e-05,2.421e-05,71260.4
1654038000000,2.423e-05,2.45e-05,2.407e-05,2.442e-05,77922.4
1654041600000,2.441e-05,2.487e-05,2.43e-05,2.449e-05,207681.1
1654045200000,2.451e-05,2.473e-05,2.418e-05,2.433e-05,226528.9
1654048800000,2.432e-05,2.463e-05,2.418e-05,2.431e-05,296563.7
1654052400000,2.429e-05,2.437e-05,2.379e-05,2.387e-05,119199.6
1654056000000,2.388e-05,2.427e-05,2.376e-05,2.384e-05,109333.5
1654059600000,2.385e-05,2.414e-05,2.363e-05,2.402e-05,117886.4
1654063200000,2.399e-05,2.542e-05,2.375e-05,2.391e-05,581663.3
1654066800000,2.39e-05,2.474e-05,2.377e-05,2.396e-05,493615.4
1654070400000,2.399e-05,2.407e-05,2.369e-05,2.397e-05,132241.5
1654074000000,2.399e-05,2.425e-05,2.39e-05,2.395e-05,62587.1
1654077600000,2.394e-05,2.424e-05,2.39e-05,2.402e-05,61435.9
1654081200000,2.405e-05,2.416e-05,2.389e-05,2.393e-05,102927.2
1654084800000,2.401e-05,2.412e-05,2.359e-05,2.377e-05,113962.0
1654088400000,2.376e-05,2.391e-05,2.357e-05,2.371e-05,111152.9
1654092000000,2.372e-05,2.424e-05,2.371e-05,2.373e-05,121777.5
1654095600000,2.382e-05,2.404e-05,2.356e-05,2.393e-05,167698.5
1654099200000,2.4e-05,2.408e-05,2.362e-05,2.388e-05,116582.6
1654102800000,2.387e-05,2.406e-05,2.342e-05,2.348e-05,158579.9
1654106400000,2.352e-05,2.38e-05,2.338e-05,2.373e-05,77170.6
1654110000000,2.372e-05,2.429e-05,2.347e-05,2.387e-05,121741.9
1654113600000,2.39e-05,2.42e-05,2.366e-05,2.394e-05,77784.3
1654117200000,2.387e-05,2.435e-05,2.378e-05,2.431e-05,95603.4
1654120800000,2.432e-05,2.432e-05,2.364e-05,2.378e-05,93434.0
1654124400000,2.372e-05,2.411e-05,2.347e-05,2.409e-05,67740.0
1654128000000,2.374e-05,2.411e-05,2.366e-05,2.394e-05,86352.9
1654131600000,2.399e-05,2.412e-05,2.355e-05,2.359e-05,61468.2
1654135200000,2.361e-05,2.385e-05,2.344e-05,2.373e-05,119147.0
1654138800000,2.376e-05,2.381e-05,2.344e-05,2.362e-05,60392.4
1654142400000,2.355e-05,2.359e-05,2.283e-05,2.342e-05,247251.4
1654146000000,2.346e-05,2.364e-05,2.296e-05,2.321e-05,122132.9
1654149600000,2.32e-05,2.342e-05,2.303e-05,2.317e-05,154323.3
1654153200000,2.328e-05,2.356e-05,2.318e-05,2.356e-05,76097.5
1654156800000,2.355e-05,2.36e-05,2.331e-05,2.35e-05,109453.6
1654160400000,2.345e-05,2.376e-05,2.343e-05,2.375e-05,137199.2
1654164000000,2.373e-05,2.411e-05,2.347e-05,2.383e-05,106938.6
1654167600000,2.384e-05,2.391e-05,2.351e-05,2.382e-05,100890.9
1654171200000,2.388e-05,2.512e-05,2.358e-05,2.389e-05,667824.8
1654174800000,2.39e-05,2.412e-05,2.363e-05,2.401e-05,153476.0
1654178400000,2.395e-05,2.448e-05,2.383e-05,2.431e-05,136849.3
1654182000000,2.43e-05,2.453e-05,2.399e-05,2.411e-05,99193.7
1654185600000,2.412e-05,2.431e-05,2.392e-05,2.401e-05,67312.2
1654189200000,2.4e-05,2.41e-05,2.324e-05,2.368e-05,519635.0
1654192800000,2.367e-05,2.384e-05,2.352e-05,2.37e-05,127690.8
1654196400000,2.379e-05,2.393e-05,2.362e-05,2.365e-05,68399.5
1654200000000,2.364e-05,2.402e-05,2.352e-05,2.384e-05,147208.6
1654203600000,2.39e-05,2.4e-05,2.342e-05,2.379e-05,99975.8
1654207200000,2.38e-05,2.414e-05,2.359e-05,2.41e-05,61609.8
1654210800000,2.402e-05,2.434e-05,2.38e-05,2.401e-05,106092.6
1654214400000,2.399e-05,2.414e-05,2.373e-05,2.387e-05,82145.7
1654218000000,2.385e-05,2.422e-05,2.363e-05,2.408e-05,111509.3
1654221600000,2.408e-05,2.42e-05,2.386e-05,2.403e-05,79114.5
1654225200000,2.402e-05,2.456e-05,2.382e-05,2.397e-05,147462.0
1654228800000,2.399e-05,2.63e-05,2.39e-05,2.63e-05,664290.8
1654232400000,2.63e-05,2.722e-05,2.494e-05,2.593e-05,888522.9
1654236000000,2.601e-05,2.618e-05,2.479e-05,2.546e-05,368871.2
1654239600000,2.545e-05,2.633e-05,2.513e-05,2.63e-05,197048.2
1654243200000,2.629e-05,2.639e-05,2.553e-05,2.579e-05,129179.3
1654246800000,2.58e-05,2.593e-05,2.526e-05,2.581e-05,127979.2
1654250400000,2.585e-05,2.608e-05,2.484e-05,2.518e-05,295509.2
1654254000000,2.515e-05,2.55e-05,2.478e-05,2.507e-05,224587.0
1654257600000,2.504e-05,2.532e-05,2.486e-05,2.507e-05,206966.4
1654261200000,2.506e-05,2.531e-05,2.479e-05,2.492e-05,154398.1
1654264800000,2.485e-05,2.528e-05,2.438e-05,2.45e-05,138817.3
1654268400000,2.449e-05,2.46e-05,2.435e-05,2.441e-05,83521.3
1654272000000,2.448e-05,2.496e-05,2.442e-05,2.47e-05,280270.7
1654275600000,2.467e-05,2.491e-05,2.466e-05,2.484e-05,107574.4
1654279200000,2.483e-05,2.518e-05,2.477e-05,2.495e-05,100617.0
1654282800000,2.491e-05,2.505e-05,2.474e-05,2.479e-05,97584.6
1654286400000,2.482e-05,2.522e-05,2.455e-05,2.512e-05,191843.1
1654290000000,2.513e-05,2.513e-05,2.453e-05,2.468e-05,102858.8
1654293600000,2.474e-05,2.478e-05,2.454e-05,2.47e-05,81518.8
1654297200000,2.471e-05,2.484e-05,2.453e-05,2.475e-05,61173.9
1654300800000,2.472e-05,2.478e-05,2.439e-05,2.449e-05,62143.0
1654304400000,2.448e-05,2.484e-05,2.439e-05,2.477e-05,219610.7
1654308000000,2.473e-05,2.475e-05,2.44e-05,2.461e-05,134345.8
1654311600000,2.46e-05,2.487e-05,2.454e-05,2.486e-05,66294.7
1654315200000,2.488e-05,2.505e-05,2.461e-05,2.481e-05,77675.8
1654318800000,2.482e-05,2.491e-05,2.439e-05,2.452e-05,66110.2
1654322400000,2.453e-05,2.467e-05,2.444e-05,2.453e-05,108255.4
1654326000000,2.452e-05,2.468e-05,2.449e-05,2.468e-05,63987.3
1654329600000,2.466e-05,2.483e-05,2.463e-05,2.477e-05,69588.1
1654333200000,2.476e-05,2.513e-05,2.46e-05,2.483e-05,202251.1
1654336800000,2.484e-05,2.496e-05,2.429e-05,2.439e-05,147962.5
1654340400000,2.438e-05,2.452e-05,2.429e-05,2.434e-05,95696.8
1654344000000,2.433e-05,2.461e-05,2.42e-05,2.435e-05,74613.2
1654347600000,2.438e-05,2.514e-05,2.428e-05,2.473e-05,163505.8
1654351200000,2.474e-05,2.494e-05,2.454e-05,2.455e-05,139270.0
1654354800000,2.464e-05,2.509e-05,2.44e-05,2.477e-05,236656.8
1654358400000,2.481e-05,2.501e-05,2.458e-05,2.477e-05,108334.7
1654362000000,2.476e-05,2.507e-05,2.453e-05,2.473e-05,346911.5
1654365600000,2.472e-05,2.489e-05,2.455e-05,2.466e-05,113876.9
1654369200000,2.465e-05,2.486e-05,2.454e-05,2.457e-05,70243.2
1654372800000,2.461e-05,2.478e-05,2.454e-05,2.456e-05,64688.1
1654376400000,2.457e-05,2.476e-05,2.418e-05,2.433e-05,97917.0
1654380000000,2.432e-05,2.516e-05,2.392e-05,2.406e-05,572754.9
1654383600000,2.411e-05,2.433e-05,2.407e-05,2.431e-05,32318.5
1654387200000,2.433e-05,2.436e-05,2.418e-05,2.436e-05,8631.4
1654390800000,2.44e-05,2.452e-05,2.419e-05,2.433e-05,18210.2
1654394400000,2.433e-05,2.433e-05,2.356e-05,2.357e-05,230443.4
1654398000000,2.353e-05,2.378e-05,2.345e-05,2.378e-05,30664.5
1654401600000,2.367e-05,2.381e-05,2.367e-05,2.381e-05,58406.3
1654405200000,2.38e-05,2.383e-05,2.361e-05,2.371e-05,47412.2
1654408800000,2.373e-05,2.382e-05,2.361e-05,2.379e-05,132453.4
1654412400000,2.378e-05,2.417e-05,2.36e-05,2.396e-05,144274.2
1654416000000,2.395e-05,2.432e-05,2.39e-05,2.412e-05,136174.8
1654419600000,2.41e-05,2.415e-05,2.388e-05,2.413e-05,120247.2
1654423200000,2.425e-05,2.427e-05,2.4e-05,2.423e-05,74584.6
1654426800000,2.425e-05,2.432e-05,2.394e-05,2.411e-05,84473.9
1654430400000,2.41e-05,2.427e-05,2.406e-05,2.414e-05,124455.8
1654434000000,2.415e-05,2.415e-05,2.393e-05,2.4e-05,76244.5
1654437600000,2.403e-05,2.425e-05,2.397e-05,2.417e-05,236788.6
1654441200000,2.416e-05,2.418e-05,2.381e-05,2.388e-05,134487.5
1654444800000,2.388e-05,2.432e-05,2.371e-05,2.39e-05,169395.9
1654448400000,2.394e-05,2.394e-05,2.357e-05,2.371e-05,75877.3
1654452000000,2.374e-05,2.402e-05,2.337e-05,2.384e-05,112472.1
1654455600000,2.382e-05,2.391e-05,2.356e-05,2.386e-05,119155.1
1654459200000,2.384e-05,2.393e-05,2.343e-05,2.368e-05,218953.5
1654462800000,2.367e-05,2.372e-05,2.349e-05,2.352e-05,86508.0
1654466400000,2.353e-05,2.378e-05,2.343e-05,2.368e-05,187497.7
1654470000000,2.371e-05,2.394e-05,2.363e-05,2.363e-05,75178.4
1654473600000,2.364e-05,2.395e-05,2.352e-05,2.379e-05,168926.5
1654477200000,2.378e-05,2.382e-05,2.34e-05,2.347e-05,259189.6
1654480800000,2.346e-05,2.413e-05,2.346e-05,2.366e-05,193872.0
1654484400000,2.367e-05,2.377e-05,2.335e-05,2.357e-05,135104.8
1654488000000,2.356e-05,2.526e-05,2.331e-05,2.463e-05,735716.8
1654491600000,2.455e-05,2.472e-05,2.399e-05,2.443e-05,389928.3
1654495200000,2.444e-05,2.444e-05,2.374e-05,2.382e-05,216731.9
1654498800000,2.378e-05,2.385e-05,2.327e-05,2.344e-05,166608.3
1654502400000,2.351e-05,2.358e-05,2.328e-05,2.355e-05,154971.1
1654506000000,2.356e-05,2.376e-05,2.328e-05,2.331e-05,124029.6
1654509600000,2.335e-05,2.348e-05,2.306e-05,2.331e-05,271269.2
1654513200000,2.329e-05,2.337e-05,2.309e-05,2.333e-05,100882.0
1654516800000,2.336e-05,2.349e-05,2.32e-05,2.341e-05,162632.3
1654520400000,2.342e-05,2.362e-05,2.323e-05,2.344e-05,147529.7
1654524000000,2.343e-05,2.362e-05,2.333e-05,2.348e-05,128489.4
1654527600000,2.349e-05,2.393e-05,2.343e-05,2.359e-05,202713.1
1654531200000,2.36e-05,2.402e-05,2.35e-05,2.393e-05,82615.7
1654534800000,2.389e-05,2.41e-05,2.376e-05,2.382e-05,158486.5
1654538400000,2.383e-05,2.409e-05,2.373e-05,2.396e-05,87581.3
1654542000000,2.385e-05,2.385e-05,2.36e-05,2.373e-05,97509.1
1654545600000,2.372e-05,2.388e-05,2.354e-05,2.381e-05,105522.4
1654549200000,2.384e-05,2.402e-05,2.352e-05,2.363e-05,1217966.6
1654552800000,2.362e-05,2.389e-05,2.358e-05,2.362e-05,85568.0
1654556400000,2.367e-05,2.383e-05,2.354e-05,2.354e-05,124524.4
1654560000000,2.357e-05,2.43e-05,2.338e-05,2.414e-05,154470.5
1654563600000,2.422e-05,2.488e-05,2.382e-05,2.442e-05,178872.5
1654567200000,2.446e-05,2.579e-05,2.432e-05,2.563e-05,127886.5
1654570800000,2.573e-05,2.736e-05,2.462e-05,2.482e-05,883575.1
1654574400000,2.483e-05,2.486e-05,2.452e-05,2.461e-05,112784.4
1654578000000,2.458e-05,2.469e-05,2.406e-05,2.442e-05,83819.0
1654581600000,2.453e-05,2.46e-05,2.408e-05,2.416e-05,71713.7
1654585200000,2.417e-05,2.439e-05,2.41e-05,2.415e-05,58105.5
1654588800000,2.408e-05,2.437e-05,2.401e-05,2.434e-05,88421.0
1654592400000,2.433e-05,2.438e-05,2.387e-05,2.419e-05,105152.9
1654596000000,2.418e-05,2.423e-05,2.4e-05,2.412e-05,66367.3
1654599600000,2.411e-05,2.416e-05,2.394e-05,2.404e-05,99864.6
1654603200000,2.403e-05,2.42e-05,2.399e-05,2.401e-05,75358.3
1654606800000,2.399e-05,2.419e-05,2.394e-05,2.401e-05,86671.8
1654610400000,2.404e-05,2.416e-05,2.393e-05,2.41e-05,85726.0
1654614000000,2.411e-05,2.442e-05,2.388e-05,2.399e-05,170028.7
1654617600000,2.4e-05,2.414e-05,2.394e-05,2.394e-05,62397.4
1654621200000,2.402e-05,2.423e-05,2.392e-05,2.411e-05,62364.0
1654624800000,2.412e-05,2.425e-05,2.402e-05,2.409e-05,101015.6
1654628400000,2.407e-05,2.429e-05,2.356e-05,2.387e-05,193603.7
1654632000000,2.375e-05,2.418e-05,2.364e-05,2.403e-05,94527.6
1654635600000,2.401e-05,2.426e-05,2.384e-05,2.39e-05,83217.4
1654639200000,2.398e-05,2.438e-05,2.372e-05,2.413e-05,205781.3
1654642800000,2.408e-05,2.427e-05,2.371e-05,2.381e-05,227285.3
1654646400000,2.402e-05,2.402e-05,2.35e-05,2.387e-05,130986.6
1654650000000,2.386e-05,2.389e-05,2.358e-05,2.369e-05,115873.0
1654653600000,2.389e-05,2.462e-05,2.385e-05,2.4e-05,243615.5
1654657200000,2.399e-05,2.435e-05,2.379e-05,2.398e-05,122499.3
1654660800000,2.402e-05,2.423e-05,2.389e-05,2.415e-05,86852.6
1654664400000,2.412e-05,2.463e-05,2.408e-05,2.438e-05,132805.2
1654668000000,2.428e-05,2.431e-05,2.397e-05,2.405e-05,126183.8
1654671600000,2.403e-05,2.418e-05,2.393e-05,2.411e-05,96912.5
1654675200000,2.406e-05,2.429e-05,2.382e-05,2.382e-05,133168.2
1654678800000,2.386e-05,2.392e-05,2.357e-05,2.366e-05,121262.6
1654682400000,2.362e-05,2.379e-05,2.349e-05,2.369e-05,91655.6
1654686000000,2.366e-05,2.385e-05,2.352e-05,2.375e-05,106963.7
1654689600000,2.374e-05,2.384e-05,2.35e-05,2.361e-05,95593.6
1654693200000,2.36e-05,2.379e-05,2.354e-05,2.363e-05,106827.8
1654696800000,2.373e-05,2.373e-05,2.348e-05,2.371e-05,94319.9
1654700400000,2.366e-05,2.372e-05,2.353e-05,2.368e-05,67976.7
1654704000000,2.365e-05,2.392e-05,2.354e-05,2.385e-05,67349.9
1654707600000,2.383e-05,2.389e-05,2.364e-05,2.377e-05,83802.0
1654711200000,2.375e-05,2.392e-05,2.366e-05,2.371e-05,58871.0
1654714800000,2.372e-05,2.379e-05,2.355e-05,2.365e-05,60793.7
1654718400000,2.36e-05,2.37e-05,2.337e-05,2.348e-05,85912.7
1654722000000,2.347e-05,2.368e-05,2.341e-05,2.355e-05,61773.0
1654725600000,2.345e-05,2.372e-05,2.339e-05,2.371e-05,108010.7
1654729200000,2.369e-05,2.382e-05,2.345e-05,2.349e-05,90176.0
1654732800000,2.35e-05,2.367e-05,2.342e-05,2.344e-05,54347.8
1654736400000,2.345e-05,2.359e-05,2.34e-05,2.354e-05,51706.9
1654740000000,2.353e-05,2.358e-05,2.311e-05,2.341e-05,219386.7
1654743600000,2.343e-05,2.354e-05,2.335e-05,2.353e-05,58834.3
1654747200000,2.354e-05,2.37e-05,2.345e-05,2.359e-05,113119.7
1654750800000,2.358e-05,2.369e-05,2.348e-05,2.355e-05,88268.9
1654754400000,2.356e-05,2.37e-05,2.354e-05,2.364e-05,65591.5
1654758000000,2.365e-05,2.395e-05,2.359e-05,2.383e-05,74599.0
1654761600000,2.382e-05,2.394e-05,2.36e-05,2.36e-05,159427.6
1654765200000,2.36e-05,2.374e-05,2.329e-05,2.347e-05,194929.2
1654768800000,2.348e-05,2.361e-05,2.33e-05,2.33e-05,235516.6
1654772400000,2.333e-05,2.345e-05,2.322e-05,2.323e-05,77999.8
1654776000000,2.324e-05,2.34e-05,2.316e-05,2.34e-05,99256.0
1654779600000,2.342e-05,2.393e-05,2.335e-05,2.367e-05,176276.1
1654783200000,2.374e-05,2.381e-05,2.35e-05,2.362e-05,83386.7
1654786800000,2.352e-05,2.383e-05,2.351e-05,2.377e-05,88548.2
1654790400000,2.378e-05,2.398e-05,2.347e-05,2.352e-05,156694.8
1654794000000,2.351e-05,2.359e-05,2.336e-05,2.35e-05,124815.5
1654797600000,2.353e-05,2.359e-05,2.343e-05,2.35e-05,69511.9
1654801200000,2.348e-05,2.361e-05,2.34e-05,2.348e-05,60004.0
1654804800000,2.347e-05,2.351e-05,2.329e-05,2.331e-05,99236.8
1654808400000,2.336e-05,2.352e-05,2.325e-05,2.333e-05,135303.3
1654812000000,2.332e-05,2.344e-05,2.321e-05,2.344e-05,59125.9
1654815600000,2.343e-05,2.619e-05,2.33e-05,2.552e-05,1175793.8
1654819200000,2.539e-05,2.539e-05,2.379e-05,2.404e-05,603593.7
1654822800000,2.403e-05,2.451e-05,2.403e-05,2.442e-05,158363.1
1654826400000,2.441e-05,2.441e-05,2.414e-05,2.43e-05,112471.3
1654830000000,2.432e-05,2.449e-05,2.417e-05,2.437e-05,127135.0
1654833600000,2.441e-05,2.459e-05,2.419e-05,2.421e-05,108533.3
1654837200000,2.419e-05,2.439e-05,2.401e-05,2.404e-05,194935.0
1654840800000,2.403e-05,2.454e-05,2.403e-05,2.415e-05,166144.5
1654844400000,2.413e-05,2.416e-05,2.398e-05,2.404e-05,118448.9
1654848000000,2.403e-05,2.407e-05,2.388e-05,2.397e-05,73305.3
1654851600000,2.394e-05,2.412e-05,2.356e-05,2.39e-05,270778.2
1654855200000,2.391e-05,2.396e-05,2.378e-05,2.39e-05,59260.0
1654858800000,2.391e-05,2.405e-05,2.389e-05,2.403e-05,121603.7
1654862400000,2.401e-05,2.415e-05,2.378e-05,2.401e-05,265619.2
1654866000000,2.4e-05,2.429e-05,2.363e-05,2.372e-05,196146.9
1654869600000,2.371e-05,2.395e-05,2.359e-05,2.385e-05,119866.3
1654873200000,2.389e-05,2.408e-05,2.38e-05,2.401e-05,125383.8
1654876800000,2.405e-05,2.51e-05,2.375e-05,2.42e-05,341913.3
1654880400000,2.421e-05,2.436e-05,2.41e-05,2.423e-05,112945.2
1654884000000,2.418e-05,2.44e-05,2.409e-05,2.42e-05,144460.1
1654887600000,2.417e-05,2.5e-05,2.417e-05,2.459e-05,215801.1
1654891200000,2.461e-05,2.521e-05,2.444e-05,2.507e-05,150097.1
1654894800000,2.512e-05,2.523e-05,2.475e-05,2.482e-05,139710.5
1654898400000,2.481e-05,2.486e-05,2.458e-05,2.481e-05,117572.7
1654902000000,2.48e-05,2.494e-05,2.469e-05,2.489e-05,62968.1
1654905600000,2.49e-05,2.499e-05,2.48e-05,2.48e-05,70506.5
1654909200000,2.482e-05,2.496e-05,2.455e-05,2.459e-05,86988.7
1654912800000,2.458e-05,2.476e-05,2.454e-05,2.47e-05,68674.4
1654916400000,2.469e-05,2.492e-05,2.464e-05,2.488e-05,69618.6
1654920000000,2.489e-05,2.496e-05,2.472e-05,2.475e-05,71668.1
1654923600000,2.478e-05,2.48e-05,2.46e-05,2.465e-05,63933.2
1654927200000,2.471e-05,2.471e-05,2.452e-05,2.452e-05,64374.2
1654930800000,2.454e-05,2.474e-05,2.445e-05,2.462e-05,77752.6
1654934400000,2.463e-05,2.557e-05,2.456e-05,2.557e-05,164602.4
1654938000000,2.557e-05,2.623e-05,2.51e-05,2.538e-05,288667.0
1654941600000,2.537e-05,2.552e-05,2.513e-05,2.517e-05,208607.7
1654945200000,2.515e-05,2.585e-05,2.501e-05,2.532e-05,315457.2
1654948800000,2.535e-05,2.585e-05,2.479e-05,2.539e-05,206148.7
1654952400000,2.538e-05,2.549e-05,2.475e-05,2.495e-05,120377.0
1654956000000,2.506e-05,2.529e-05,2.493e-05,2.515e-05,149202.7
1654959600000,2.508e-05,2.524e-05,2.442e-05,2.459e-05,301242.3
1654963200000,2.461e-05,2.464e-05,2.415e-05,2.448e-05,119884.5
1654966800000,2.447e-05,2.471e-05,2.436e-05,2.455e-05,184955.0
1654970400000,2.461e-05,2.489e-05,2.447e-05,2.469e-05,94515.4
1654974000000,2.471e-05,2.489e-05,2.467e-05,2.474e-05,63199.5
1654977600000,2.478e-05,2.483e-05,2.44e-05,2.457e-05,173289.6
1654981200000,2.46e-05,2.48e-05,2.453e-05,2.463e-05,79293.7
1654984800000,2.457e-05,2.464e-05,2.44e-05,2.447e-05,83245.0
1654988400000,2.454e-05,2.48e-05,2.448e-05,2.469e-05,68836.0
1654992000000,2.47e-05,2.485e-05,2.462e-05,2.477e-05,68183.8
1654995600000,2.472e-05,2.492e-05,2.355e-05,2.355e-05,175883.7
1654999200000,2.356e-05,2.411e-05,2.286e-05,2.319e-05,194149.0
1655002800000,2.318e-05,2.345e-05,2.293e-05,2.311e-05,155539.0
1655006400000,2.317e-05,2.323e-05,2.304e-05,2.316e-05,105766.9
1655010000000,2.317e-05,2.344e-05,2.301e-05,2.343e-05,135412.4
1655013600000,2.341e-05,2.359e-05,2.328e-05,2.355e-05,99407.9
1655017200000,2.356e-05,2.358e-05,2.32e-05,2.338e-05,96218.4
1655020800000,2.339e-05,2.346e-05,2.326e-05,2.337e-05,100622.6
1655024400000,2.338e-05,2.414e-05,2.326e-05,2.332e-05,122001.5
1655028000000,2.331e-05,2.353e-05,2.327e-05,2.353e-05,74490.1
1655031600000,2.359e-05,2.359e-05,2.315e-05,2.326e-05,84799.3
1655035200000,2.323e-05,2.333e-05,2.289e-05,2.3e-05,120448.3
1655038800000,2.299e-05,2.302e-05,2.257e-05,2.284e-05,237638.0
1655042400000,2.283e-05,2.292e-05,2.229e-05,2.282e-05,337420.0
1655046000000,2.283e-05,2.318e-05,2.28e-05,2.296e-05,200036.8
1655049600000,2.298e-05,2.313e-05,2.247e-05,2.292e-05,177376.9
1655053200000,2.291e-05,2.318e-05,2.283e-05,2.306e-05,123094.1
1655056800000,2.307e-05,2.311e-05,2.281e-05,2.283e-05,75915.9
1655060400000,2.285e-05,2.302e-05,2.275e-05,2.299e-05,88285.9
1655064000000,2.298e-05,2.3e-05,2.289e-05,2.3e-05,57265.5
1655067600000,2.306e-05,2.319e-05,2.3e-05,2.311e-05,70047.8
1655071200000,2.31e-05,2.313e-05,2.247e-05,2.262e-05,92379.5
1655074800000,2.261e-05,2.269e-05,2.199e-05,2.263e-05,116628.1
1655078400000,2.26e-05,2.26e-05,2.148e-05,2.16e-05,229311.3
1655082000000,2.171e-05,2.231e-05,2.115e-05,2.137e-05,394606.1
1655085600000,2.146e-05,2.16e-05,2.123e-05,2.136e-05,94987.5
1655089200000,2.142e-05,2.179e-05,2.086e-05,2.179e-05,361663.2
1655092800000,2.178e-05,2.193e-05,2.126e-05,2.156e-05,197058.4
1655096400000,2.159e-05,2.18e-05,2.12e-05,2.164e-05,138933.1
1655100000000,2.166e-05,2.234e-05,2.138e-05,2.181e-05,423320.3
1655103600000,2.182e-05,2.2e-05,2.106e-05,2.144e-05,290778.3
1655107200000,2.145e-05,2.212e-05,2.12e-05,2.173e-05,301401.3
1655110800000,2.172e-05,2.193e-05,2.131e-05,2.179e-05,374983.2
1655114400000,2.178e-05,2.212e-05,2.146e-05,2.201e-05,270203.8
1655118000000,2.202e-05,2.24e-05,2.183e-05,2.206e-05,308586.5
1655121600000,2.224e-05,2.24e-05,2.18e-05,2.206e-05,192143.9
1655125200000,2.207e-05,2.232e-05,2.18e-05,2.201e-05,158884.4
1655128800000,2.202e-05,2.253e-05,2.199e-05,2.225e-05,272851.0
1655132400000,2.233e-05,2.32e-05,2.221e-05,2.309e-05,201081.6
1655136000000,2.31e-05,2.33e-05,2.206e-05,2.24e-05,325424.3
1655139600000,2.241e-05,2.258e-05,2.228e-05,2.242e-05,124066.5
1655143200000,2.241e-05,2.264e-05,2.214e-05,2.231e-05,99585.8
1655146800000,2.232e-05,2.266e-05,2.227e-05,2.244e-05,80879.7
1655150400000,2.245e-05,2.249e-05,2.192e-05,2.195e-05,178396.3
1655154000000,2.196e-05,2.22e-05,2.181e-05,2.211e-05,138736.5
1655157600000,2.206e-05,2.208e-05,2.143e-05,2.184e-05,208107.2
1655161200000,2.183e-05,2.311e-05,2.134e-05,2.249e-05,266746.7
1655164800000,2.245e-05,2.279e-05,2.219e-05,2.267e-05,163502.6
1655168400000,2.266e-05,2.278e-05,2.22e-05,2.259e-05,164331.5
1655172000000,2.258e-05,2.34e-05,2.247e-05,2.328e-05,330675.0
1655175600000,2.32e-05,2.329e-05,2.287e-05,2.313e-05,173625.1
1655179200000,2.306e-05,2.332e-05,2.266e-05,2.267e-05,133365.6
1655182800000,2.271e-05,2.311e-05,2.246e-05,2.271e-05,289598.5
1655186400000,2.27e-05,2.306e-05,2.266e-05,2.294e-05,123004.2
1655190000000,2.286e-05,2.298e-05,2.256e-05,2.285e-05,70587.7
1655193600000,2.286e-05,2.308e-05,2.251e-05,2.306e-05,185127.6
1655197200000,2.307e-05,2.338e-05,2.253e-05,2.326e-05,185120.3
1655200800000,2.322e-05,2.466e-05,2.313e-05,2.381e-05,157928.2
1655204400000,2.391e-05,2.391e-05,2.309e-05,2.334e-05,246430.4
1655208000000,2.337e-05,2.414e-05,2.326e-05,2.36e-05,197829.5
1655211600000,2.36e-05,2.379e-05,2.314e-05,2.331e-05,215374.5
1655215200000,2.334e-05,2.932e-05,2.327e-05,2.604e-05,1472888.6
1655218800000,2.624e-05,2.624e-05,2.35e-05,2.365e-05,568702.9
1655222400000,2.353e-05,2.445e-05,2.325e-05,2.38e-05,269448.6
1655226000000,2.381e-05,2.438e-05,2.33e-05,2.344e-05,314727.5
1655229600000,2.346e-05,2.358e-05,2.321e-05,2.332e-05,127628.8
1655233200000,2.335e-05,2.364e-05,2.326e-05,2.326e-05,150059.1
1655236800000,2.332e-05,2.486e-05,2.312e-05,2.486e-05,443039.9
1655240400000,2.486e-05,2.497e-05,2.367e-05,2.386e-05,289471.2
1655244000000,2.382e-05,2.412e-05,2.379e-05,2.406e-05,93472.9
1655247600000,2.412e-05,2.448e-05,2.37e-05,2.399e-05,221902.7
1655251200000,2.398e-05,2.406e-05,2.367e-05,2.393e-05,221147.7
1655254800000,2.394e-05,2.404e-05,2.372e-05,2.394e-05,95910.3
1655258400000,2.4e-05,2.738e-05,2.4e-05,2.534e-05,456928.2
1655262000000,2.532e-05,2.548e-05,2.443e-05,2.481e-05,242466.4
1655265600000,2.482e-05,2.539e-05,2.466e-05,2.524e-05,202523.0
1655269200000,2.523e-05,2.592e-05,2.495e-05,2.583e-05,271840.7
1655272800000,2.585e-05,2.671e-05,2.512e-05,2.661e-05,359936.4
1655276400000,2.669e-05,2.689e-05,2.534e-05,2.57e-05,434328.9
1655280000000,2.569e-05,2.661e-05,2.56e-05,2.653e-05,546090.1
1655283600000,2.651e-05,2.721e-05,2.609e-05,2.669e-05,133941.8
1655287200000,2.67e-05,2.686e-05,2.6e-05,2.642e-05,273937.8
1655290800000,2.632e-05,2.65e-05,2.574e-05,2.62e-05,179726.6
1655294400000,2.606e-05,2.659e-05,2.56e-05,2.647e-05,194140.5
1655298000000,2.65e-05,2.66e-05,2.547e-05,2.576e-05,229488.7
1655301600000,2.565e-05,2.596e-05,2.542e-05,2.569e-05,221526.1
1655305200000,2.562e-05,2.577e-05,2.512e-05,2.523e-05,225935.7
1655308800000,2.524e-05,2.591e-05,2.513e-05,2.554e-05,230231.3
1655312400000,2.553e-05,2.609e-05,2.514e-05,2.546e-05,293163.9
1655316000000,2.545e-05,2.661e-05,2.362e-05,2.465e-05,392306.1
1655319600000,2.46e-05,2.514e-05,2.436e-05,2.506e-05,200731.9
1655323200000,2.505e-05,2.518e-05,2.425e-05,2.45e-05,272794.1
1655326800000,2.449e-05,2.475e-05,2.413e-05,2.459e-05,164152.5
1655330400000,2.458e-05,2.564e-05,2.446e-05,2.553e-05,350437.6
1655334000000,2.547e-05,2.558e-05,2.51e-05,2.512e-05,115441.5
1655337600000,2.51e-05,2.548e-05,2.5e-05,2.522e-05,141080.9
1655341200000,2.517e-05,2.529e-05,2.485e-05,2.501e-05,114765.7
1655344800000,2.502e-05,2.517e-05,2.486e-05,2.508e-05,84541.9
1655348400000,2.507e-05,2.559e-05,2.507e-05,2.535e-05,76039.9
1655352000000,2.536e-05,2.547e-05,2.515e-05,2.517e-05,93597.6
1655355600000,2.526e-05,2.531e-05,2.483e-05,2.507e-05,242413.0
1655359200000,2.51e-05,2.524e-05,2.466e-05,2.473e-05,74997.7
1655362800000,2.474e-05,2.545e-05,2.474e-05,2.514e-05,124761.5
1655366400000,2.513e-05,2.532e-05,2.506e-05,2.515e-05,88327.0
1655370000000,2.517e-05,2.54e-05,2.472e-05,2.52e-05,173364.4
1655373600000,2.521e-05,2.56e-05,2.513e-05,2.555e-05,153841.7
1655377200000,2.544e-05,2.552e-05,2.496e-05,2.547e-05,134186.2
1655380800000,2.54e-05,2.582e-05,2.519e-05,2.544e-05,169819.1
1655384400000,2.543e-05,2.575e-05,2.521e-05,2.56e-05,139433.1
1655388000000,2.559e-05,2.564e-05,2.514e-05,2.532e-05,186809.5
1655391600000,2.526e-05,2.552e-05,2.502e-05,2.547e-05,124201.0
1655395200000,2.546e-05,2.573e-05,2.531e-05,2.561e-05,109691.4
1655398800000,2.562e-05,2.603e-05,2.515e-05,2.525e-05,121216.6
1655402400000,2.53e-05,2.546e-05,2.511e-05,2.513e-05,229649.4
1655406000000,2.512e-05,2.524e-05,2.493e-05,2.515e-05,113672.7
1655409600000,2.518e-05,2.528e-05,2.478e-05,2.523e-05,137077.1
1655413200000,2.518e-05,2.523e-05,2.469e-05,2.494e-05,88594.8
1655416800000,2.495e-05,2.534e-05,2.478e-05,2.533e-05,136115.4
1655420400000,2.529e-05,2.563e-05,2.513e-05,2.519e-05,96247.2
1655424000000,2.517e-05,2.54e-05,2.495e-05,2.517e-05,130675.3
1655427600000,2.525e-05,2.545e-05,2.495e-05,2.497e-05,130175.1
1655431200000,2.499e-05,2.54e-05,2.497e-05,2.527e-05,89615.5
1655434800000,2.53e-05,2.559e-05,2.52e-05,2.541e-05,102847.9
1655438400000,2.54e-05,2.564e-05,2.526e-05,2.551e-05,82179.4
1655442000000,2.548e-05,2.592e-05,2.548e-05,2.558e-05,86434.6
1655445600000,2.561e-05,2.656e-05,2.547e-05,2.655e-05,256885.3
1655449200000,2.654e-05,2.66e-05,2.577e-05,2.598e-05,171913.2
1655452800000,2.588e-05,2.613e-05,2.575e-05,2.586e-05,85098.1
1655456400000,2.596e-05,2.608e-05,2.577e-05,2.585e-05,86723.9
1655460000000,2.581e-05,2.634e-05,2.572e-05,2.609e-05,157730.3
1655463600000,2.61e-05,2.631e-05,2.583e-05,2.595e-05,137022.0
1655467200000,2.589e-05,2.629e-05,2.567e-05,2.598e-05,190392.8
1655470800000,2.599e-05,2.65e-05,2.591e-05,2.609e-05,246426.8
1655474400000,2.601e-05,2.644e-05,2.599e-05,2.62e-05,168665.1
1655478000000,2.622e-05,2.664e-05,2.616e-05,2.62e-05,117444.8
1655481600000,2.625e-05,2.684e-05,2.615e-05,2.638e-05,415948.0
1655485200000,2.636e-05,2.658e-05,2.63e-05,2.656e-05,109800.1
1655488800000,2.653e-05,2.665e-05,2.64e-05,2.648e-05,105027.0
1655492400000,2.649e-05,2.663e-05,2.637e-05,2.642e-05,92855.8
1655496000000,2.643e-05,2.656e-05,2.626e-05,2.636e-05,171813.1
1655499600000,2.637e-05,2.656e-05,2.615e-05,2.64e-05,99324.0
1655503200000,2.638e-05,2.641e-05,2.593e-05,2.602e-05,137064.5
1655506800000,2.6e-05,2.626e-05,2.596e-05,2.621e-05,122082.6
1655510400000,2.62e-05,2.673e-05,2.611e-05,2.643e-05,98716.1
1655514000000,2.634e-05,2.645e-05,2.607e-05,2.609e-05,136920.5
1655517600000,2.617e-05,2.637e-05,2.594e-05,2.607e-05,84963.4
1655521200000,2.602e-05,2.612e-05,2.594e-05,2.599e-05,80217.2
1655524800000,2.605e-05,2.605e-05,2.597e-05,2.602e-05,61641.1
1655528400000,2.603e-05,2.618e-05,2.597e-05,2.599e-05,71572.8
1655532000000,2.604e-05,2.642e-05,2.53e-05,2.599e-05,344305.5
1655535600000,2.574e-05,2.598e-05,2.555e-05,2.571e-05,326879.6
1655539200000,2.57e-05,2.61e-05,2.566e-05,2.591e-05,210375.2
1655542800000,2.59e-05,2.616e-05,2.59e-05,2.616e-05,147572.7
1655546400000,2.612e-05,2.639e-05,2.611e-05,2.636e-05,101067.3
1655550000000,2.635e-05,2.66e-05,2.601e-05,2.616e-05,307506.3
1655553600000,2.617e-05,2.643e-05,2.611e-05,2.631e-05,87915.1
1655557200000,2.63e-05,2.655e-05,2.619e-05,2.651e-05,82662.9
1655560800000,2.65e-05,2.668e-05,2.647e-05,2.655e-05,83376.8
1655564400000,2.656e-05,2.664e-05,2.63e-05,2.649e-05,84749.0
1655568000000,2.65e-05,2.671e-05,2.641e-05,2.666e-05,117228.3
1655571600000,2.658e-05,2.68e-05,2.637e-05,2.678e-05,123040.3
1655575200000,2.677e-05,2.717e-05,2.667e-05,2.717e-05,254928.7
1655578800000,2.702e-05,2.76e-05,2.69e-05,2.72e-05,151662.4
1655582400000,2.714e-05,2.772e-05,2.708e-05,2.728e-05,304467.9
1655586000000,2.727e-05,2.758e-05,2.668e-05,2.711e-05,133714.0
1655589600000,2.71e-05,2.731e-05,2.606e-05,2.67e-05,101016.0
1655593200000,2.666e-05,2.684e-05,2.634e-05,2.64e-05,94144.2
1655596800000,2.641e-05,2.641e-05,2.6e-05,2.613e-05,72895.0
1655600400000,2.614e-05,2.617e-05,2.58e-05,2.594e-05,90597.6
1655604000000,2.588e-05,2.624e-05,2.588e-05,2.614e-05,159434.2
1655607600000,2.614e-05,2.64e-05,2.607e-05,2.621e-05,99876.4
1655611200000,2.622e-05,2.647e-05,2.614e-05,2.638e-05,147376.4
1655614800000,2.632e-05,2.644e-05,2.603e-05,2.634e-05,163553.5
1655618400000,2.642e-05,2.666e-05,2.624e-05,2.634e-05,142098.9
1655622000000,2.635e-05,2.653e-05,2.622e-05,2.653e-05,102161.6
1655625600000,2.649e-05,2.659e-05,2.623e-05,2.636e-05,100281.3
1655629200000,2.637e-05,2.778e-05,2.608e-05,2.696e-05,362158.7
1655632800000,2.689e-05,2.84e-05,2.585e-05,2.593e-05,404384.7
1655636400000,2.592e-05,2.617e-05,2.57e-05,2.584e-05,144954.6
1655640000000,2.589e-05,2.623e-05,2.572e-05,2.599e-05,145564.8
1655643600000,2.6e-05,2.636e-05,2.594e-05,2.635e-05,101069.4
1655647200000,2.636e-05,2.644e-05,2.616e-05,2.621e-05,79732.7
1655650800000,2.622e-05,2.628e-05,2.574e-05,2.581e-05,138508.2
1655654400000,2.585e-05,2.593e-05,2.554e-05,2.569e-05,117148.6
1655658000000,2.567e-05,2.589e-05,2.566e-05,2.575e-05,71467.5
1655661600000,2.574e-05,2.603e-05,2.52e-05,2.526e-05,102872.5
1655665200000,2.52e-05,2.551e-05,2.5e-05,2.545e-05,130610.8
1655668800000,2.546e-05,2.55e-05,2.453e-05,2.477e-05,152456.9
1655672400000,2.478e-05,2.492e-05,2.449e-05,2.464e-05,103238.0
1655676000000,2.462e-05,2.505e-05,2.45e-05,2.5e-05,209795.1
1655679600000,2.494e-05,2.537e-05,2.487e-05,2.509e-05,160433.9
1655683200000,2.515e-05,2.553e-05,2.513e-05,2.541e-05,133867.1
1655686800000,2.542e-05,2.551e-05,2.531e-05,2.545e-05,96180.7
1655690400000,2.544e-05,2.57e-05,2.535e-05,2.553e-05,97486.2
1655694000000,2.554e-05,2.576e-05,2.533e-05,2.561e-05,161860.3
1655697600000,2.562e-05,2.566e-05,2.542e-05,2.555e-05,91043.6
1655701200000,2.559e-05,2.566e-05,2.511e-05,2.54e-05,236400.9
1655704800000,2.541e-05,2.62e-05,2.541e-05,2.585e-05,163758.9
1655708400000,2.582e-05,2.583e-05,2.548e-05,2.572e-05,105164.5
1655712000000,2.573e-05,2.58e-05,2.526e-05,2.534e-05,84697.3
1655715600000,2.53e-05,2.552e-05,2.512e-05,2.527e-05,170705.0
1655719200000,2.52e-05,2.531e-05,2.468e-05,2.476e-05,200002.8
1655722800000,2.477e-05,2.499e-05,2.471e-05,2.492e-05,162734.2
1655726400000,2.499e-05,2.631e-05,2.495e-05,2.624e-05,255439.4
1655730000000,2.615e-05,2.626e-05,2.574e-05,2.614e-05,145096.6
1655733600000,2.613e-05,2.923e-05,2.588e-05,2.604e-05,1356681.6
1655737200000,2.605e-05,2.62e-05,2.573e-05,2.582e-05,279494.4
1655740800000,2.581e-05,2.606e-05,2.574e-05,2.588e-05,195113.8
1655744400000,2.589e-05,2.607e-05,2.567e-05,2.591e-05,190664.4
1655748000000,2.596e-05,2.609e-05,2.574e-05,2.576e-05,189928.7
1655751600000,2.575e-05,2.621e-05,2.573e-05,2.605e-05,174616.7
1655755200000,2.604e-05,2.619e-05,2.58e-05,2.605e-05,113730.8
1655758800000,2.603e-05,2.65e-05,2.585e-05,2.623e-05,211334.2
1655762400000,2.619e-05,2.648e-05,2.614e-05,2.647e-05,103085.1
1655766000000,2.649e-05,2.66e-05,2.616e-05,2.616e-05,122894.9
1655769600000,2.619e-05,2.699e-05,2.6e-05,2.696e-05,205521.8
1655773200000,2.697e-05,2.7e-05,2.648e-05,2.665e-05,106189.1
1655776800000,2.664e-05,3.172e-05,2.655e-05,3.107e-05,1486272.6
1655780400000,3.105e-05,3.354e-05,2.889e-05,2.969e-05,1837084.9
1655784000000,2.967e-05,2.967e-05,2.841e-05,2.889e-05,259158.4
1655787600000,2.874e-05,2.923e-05,2.819e-05,2.859e-05,235757.0
1655791200000,2.849e-05,3.252e-05,2.819e-05,2.94e-05,757522.5
1655794800000,2.915e-05,2.955e-05,2.775e-05,2.834e-05,337293.9
1655798400000,2.836e-05,2.87e-05,2.747e-05,2.772e-05,223681.6
1655802000000,2.773e-05,2.793e-05,2.725e-05,2.756e-05,153041.1
1655805600000,2.752e-05,2.783e-05,2.729e-05,2.741e-05,163454.5
1655809200000,2.737e-05,2.771e-05,2.715e-05,2.763e-05,163196.2
1655812800000,2.767e-05,2.805e-05,2.724e-05,2.791e-05,132932.8
1655816400000,2.79e-05,2.79e-05,2.713e-05,2.721e-05,142489.9
1655820000000,2.72e-05,2.724e-05,2.682e-05,2.705e-05,192413.0
1655823600000,2.704e-05,2.773e-05,2.701e-05,2.753e-05,168463.9
1655827200000,2.752e-05,2.791e-05,2.744e-05,2.786e-05,85347.2
1655830800000,2.787e-05,2.803e-05,2.754e-05,2.777e-05,127381.6
1655834400000,2.774e-05,2.794e-05,2.768e-05,2.794e-05,111016.1
1655838000000,2.793e-05,2.798e-05,2.771e-05,2.788e-05,139072.5
1655841600000,2.787e-05,2.811e-05,2.761e-05,2.806e-05,86402.4
1655845200000,2.805e-05,2.817e-05,2.766e-05,2.767e-05,109198.8
1655848800000,2.772e-05,2.78e-05,2.679e-05,2.683e-05,154541.5
1655852400000,2.691e-05,2.72e-05,2.679e-05,2.691e-05,91168.2
1655856000000,2.682e-05,2.795e-05,2.681e-05,2.785e-05,156074.6
1655859600000,2.784e-05,2.82e-05,2.755e-05,2.814e-05,115417.6
1655863200000,2.815e-05,2.839e-05,2.788e-05,2.839e-05,95891.6
1655866800000,2.838e-05,2.853e-05,2.786e-05,2.786e-05,122191.8
1655870400000,2.781e-05,2.816e-05,2.774e-05,2.784e-05,143775.6
1655874000000,2.792e-05,2.803e-05,2.776e-05,2.788e-05,94270.0
1655877600000,2.787e-05,2.8e-05,2.751e-05,2.777e-05,105661.6
1655881200000,2.769e-05,2.783e-05,2.727e-05,2.727e-05,129919.8
1655884800000,2.729e-05,2.76e-05,2.724e-05,2.749e-05,79326.3
1655888400000,2.751e-05,2.772e-05,2.742e-05,2.77e-05,126211.1
1655892000000,2.769e-05,2.784e-05,2.75e-05,2.77e-05,91870.9
1655895600000,2.762e-05,2.772e-05,2.748e-05,2.754e-05,64037.4
1655899200000,2.747e-05,2.791e-05,2.737e-05,2.78e-05,85244.3
1655902800000,2.782e-05,2.797e-05,2.74e-05,2.785e-05,82817.1
1655906400000,2.783e-05,2.786e-05,2.74e-05,2.748e-05,80745.9
1655910000000,2.755e-05,2.898e-05,2.721e-05,2.765e-05,233097.9
1655913600000,2.757e-05,2.8e-05,2.757e-05,2.781e-05,96865.2
1655917200000,2.775e-05,2.799e-05,2.773e-05,2.794e-05,116491.4
1655920800000,2.8e-05,2.8e-05,2.775e-05,2.775e-05,81218.8
1655924400000,2.776e-05,2.812e-05,2.775e-05,2.81e-05,89347.6
1655928000000,2.812e-05,2.852e-05,2.801e-05,2.818e-05,135939.2
1655931600000,2.819e-05,2.85e-05,2.813e-05,2.829e-05,78927.9
1655935200000,2.83e-05,2.845e-05,2.809e-05,2.829e-05,66762.3
1655938800000,2.828e-05,2.839e-05,2.826e-05,2.834e-05,105217.1
1655942400000,2.838e-05,2.882e-05,2.814e-05,2.852e-05,86475.0
1655946000000,2.851e-05,2.855e-05,2.806e-05,2.825e-05,115117.0
1655949600000,2.824e-05,2.829e-05,2.778e-05,2.799e-05,80042.5
1655953200000,2.8e-05,2.816e-05,2.787e-05,2.813e-05,67262.3
1655956800000,2.809e-05,2.83e-05,2.802e-05,2.815e-05,73462.5
1655960400000,2.811e-05,2.817e-05,2.801e-05,2.817e-05,60387.7
1655964000000,2.816e-05,2.816e-05,2.767e-05,2.778e-05,117599.6
1655967600000,2.777e-05,2.785e-05,2.727e-05,2.769e-05,175946.0
1655971200000,2.778e-05,2.779e-05,2.747e-05,2.757e-05,117495.3
1655974800000,2.759e-05,3.031e-05,2.751e-05,2.964e-05,403326.7
1655978400000,3e-05,3e-05,2.84e-05,2.903e-05,382442.0
1655982000000,2.905e-05,4.411e-05,2.896e-05,4.281e-05,3539870.7
1655985600000,4.325e-05,5.488e-05,3.82e-05,5.416e-05,4437516.4
1655989200000,5.469e-05,5.511e-05,4.566e-05,4.71e-05,2138403.8
1655992800000,4.712e-05,4.869e-05,4.181e-05,4.37e-05,618199.4
1655996400000,4.361e-05,4.697e-05,4.094e-05,4.321e-05,828293.1
1656000000000,4.362e-05,4.517e-05,4.12e-05,4.158e-05,282967.3
1656003600000,4.144e-05,4.383e-05,4.138e-05,4.231e-05,267408.1
1656007200000,4.23e-05,4.23e-05,3.9e-05,3.968e-05,269920.6
1656010800000,3.97e-05,4.05e-05,3.791e-05,3.831e-05,278421.6
1656014400000,3.832e-05,3.94e-05,3.57e-05,3.94e-05,508121.2
1656018000000,3.944e-05,3.944e-05,3.465e-05,3.581e-05,486699.2
1656021600000,3.585e-05,3.77e-05,3.49e-05,3.511e-05,197698.8
1656025200000,3.51e-05,3.71e-05,3.453e-05,3.7e-05,179027.9
1656028800000,3.71e-05,3.858e-05,3.422e-05,3.591e-05,454488.4
1656032400000,3.577e-05,3.72e-05,3.51e-05,3.67e-05,158108.6
1656036000000,3.674e-05,3.867e-05,3.652e-05,3.665e-05,370333.0
1656039600000,3.656e-05,3.85e-05,3.654e-05,3.748e-05,218358.1
1656043200000,3.74e-05,3.743e-05,3.451e-05,3.514e-05,332307.1
1656046800000,3.51e-05,3.589e-05,3.47e-05,3.479e-05,148848.5
1656050400000,3.471e-05,3.471e-05,3.32e-05,3.402e-05,195000.7
1656054000000,3.408e-05,3.475e-05,3.354e-05,3.416e-05,108903.5
1656057600000,3.415e-05,3.68e-05,3.379e-05,3.379e-05,512918.3
1656061200000,3.386e-05,3.501e-05,3.386e-05,3.394e-05,315657.4
1656064800000,3.4e-05,3.435e-05,3.305e-05,3.32e-05,90150.1
1656068400000,3.325e-05,3.347e-05,3.141e-05,3.2e-05,438387.2
1656072000000,3.21e-05,3.263e-05,3.173e-05,3.232e-05,176035.5
1656075600000,3.233e-05,3.377e-05,3.203e-05,3.33e-05,292620.9
1656079200000,3.322e-05,3.357e-05,3.237e-05,3.285e-05,153193.4
1656082800000,3.287e-05,3.32e-05,3.247e-05,3.275e-05,72984.9
1656086400000,3.28e-05,3.317e-05,3.262e-05,3.306e-05,103815.1
1656090000000,3.302e-05,3.309e-05,3.201e-05,3.27e-05,115161.9
1656093600000,3.271e-05,3.29e-05,3.186e-05,3.187e-05,198743.3
1656097200000,3.187e-05,3.218e-05,3.152e-05,3.166e-05,56372.7
1656100800000,3.165e-05,3.199e-05,3.121e-05,3.19e-05,201795.7
1656104400000,3.189e-05,3.214e-05,3.13e-05,3.147e-05,153822.6
1656108000000,3.138e-05,3.151e-05,3.105e-05,3.118e-05,84529.1
1656111600000,3.126e-05,3.128e-05,3.071e-05,3.125e-05,145815.7
1656115200000,3.111e-05,3.158e-05,3.11e-05,3.137e-05,94744.1
1656118800000,3.129e-05,3.169e-05,3.029e-05,3.079e-05,225591.9
1656122400000,3.072e-05,3.157e-05,3.072e-05,3.148e-05,181084.2
1656126000000,3.146e-05,3.177e-05,3.132e-05,3.145e-05,98911.3
1656129600000,3.147e-05,3.184e-05,3.142e-05,3.144e-05,108396.1
1656133200000,3.148e-05,3.169e-05,3.112e-05,3.138e-05,84045.5
1656136800000,3.135e-05,3.148e-05,3.117e-05,3.126e-05,65720.8
1656140400000,3.122e-05,3.14e-05,3.08e-05,3.087e-05,152212.5
1656144000000,3.088e-05,3.19e-05,3.088e-05,3.116e-05,229817.7
1656147600000,3.11e-05,3.138e-05,3.071e-05,3.123e-05,67103.6
1656151200000,3.135e-05,3.154e-05,3.122e-05,3.148e-05,81276.0
1656154800000,3.144e-05,3.147e-05,3.111e-05,3.134e-05,64363.7
1656158400000,3.134e-05,3.138e-05,3.045e-05,3.101e-05,179307.4
1656162000000,3.09e-05,3.11e-05,3.06e-05,3.092e-05,67360.8
1656165600000,3.097e-05,3.098e-05,3.02e-05,3.068e-05,288128.9
1656169200000,3.065e-05,3.11e-05,3.015e-05,3.015e-05,141131.7
1656172800000,3.017e-05,3.053e-05,2.993e-05,3.053e-05,112699.1
1656176400000,3.054e-05,3.118e-05,3.051e-05,3.08e-05,112956.7
1656180000000,3.079e-05,3.087e-05,3.02e-05,3.039e-05,88929.2
1656183600000,3.037e-05,3.086e-05,3.037e-05,3.053e-05,69565.4
1656187200000,3.059e-05,3.11e-05,3.024e-05,3.043e-05,61489.4
1656190800000,3.039e-05,3.042e-05,2.915e-05,2.966e-05,194093.3
1656194400000,2.972e-05,2.972e-05,2.927e-05,2.952e-05,57020.3
1656198000000,2.954e-05,3.016e-05,2.938e-05,3.011e-05,73909.1
1656201600000,3.006e-05,3.03e-05,2.952e-05,2.964e-05,107447.7
1656205200000,2.963e-05,3.031e-05,2.954e-05,3.022e-05,61125.8
1656208800000,3.021e-05,3.28e-05,3.021e-05,3.106e-05,474718.0
1656212400000,3.099e-05,3.179e-05,3.072e-05,3.135e-05,99036.9
1656216000000,3.136e-05,3.142e-05,3.04e-05,3.076e-05,87576.3
1656219600000,3.085e-05,3.13e-05,3.036e-05,3.123e-05,79829.2
1656223200000,3.127e-05,3.127e-05,2.984e-05,3.047e-05,147813.9
1656226800000,3.048e-05,3.058e-05,3.022e-05,3.024e-05,59208.9
1656230400000,3.036e-05,3.037e-05,3.016e-05,3.029e-05,58471.7
1656234000000,3.025e-05,3.034e-05,2.985e-05,2.985e-05,61846.5
1656237600000,2.986e-05,3.029e-05,2.983e-05,3.025e-05,55987.1
1656241200000,3.027e-05,3.027e-05,2.98e-05,3.003e-05,58956.9
1656244800000,3.007e-05,3.027e-05,2.97e-05,3.027e-05,58018.4
1656248400000,3.028e-05,3.052e-05,3.016e-05,3.052e-05,86263.2
1656252000000,3.051e-05,3.061e-05,3.023e-05,3.023e-05,68055.3
1656255600000,3.031e-05,3.09e-05,3.017e-05,3.026e-05,87828.9
1656259200000,3.037e-05,3.06e-05,3.021e-05,3.051e-05,61468.9
1656262800000,3.057e-05,3.057e-05,2.987e-05,3.006e-05,145086.7
1656266400000,3e-05,3.028e-05,2.987e-05,3.013e-05,99418.7
1656270000000,3.012e-05,3.016e-05,2.977e-05,3.006e-05,65173.5
1656273600000,3.006e-05,3.009e-05,2.98e-05,2.982e-05,160517.9
1656277200000,2.988e-05,3e-05,2.962e-05,2.99e-05,67857.0
1656280800000,2.989e-05,3.027e-05,2.913e-05,2.919e-05,108838.2
1656284400000,2.917e-05,2.962e-05,2.913e-05,2.953e-05,63784.6
1656288000000,2.951e-05,2.974e-05,2.92e-05,2.94e-05,73538.9
1656291600000,2.939e-05,2.955e-05,2.89e-05,2.912e-05,81245.6
1656295200000,2.914e-05,2.947e-05,2.88e-05,2.944e-05,67317.6
1656298800000,2.943e-05,2.956e-05,2.923e-05,2.954e-05,75167.9
1656302400000,2.953e-05,2.97e-05,2.913e-05,2.941e-05,55596.9
1656306000000,2.946e-05,3e-05,2.931e-05,2.949e-05,112645.6
1656309600000,2.946e-05,2.966e-05,2.927e-05,2.94e-05,71988.6
1656313200000,2.939e-05,2.987e-05,2.932e-05,2.967e-05,74228.3
1656316800000,2.977e-05,2.99e-05,2.939e-05,2.961e-05,92284.5
1656320400000,2.954e-05,3.002e-05,2.95e-05,2.979e-05,94937.7
1656324000000,2.983e-05,3.001e-05,2.954e-05,2.995e-05,88126.7
1656327600000,2.999e-05,2.999e-05,2.942e-05,2.957e-05,61518.5
1656331200000,2.959e-05,2.959e-05,2.898e-05,2.92e-05,77749.3
1656334800000,2.921e-05,2.95e-05,2.873e-05,2.906e-05,123065.5
1656338400000,2.912e-05,2.92e-05,2.881e-05,2.899e-05,110887.6
1656342000000,2.898e-05,2.908e-05,2.875e-05,2.891e-05,257837.4
1656345600000,2.898e-05,2.9e-05,2.871e-05,2.877e-05,110411.0
1656349200000,2.878e-05,2.888e-05,2.861e-05,2.863e-05,58977.8
1656352800000,2.868e-05,2.876e-05,2.808e-05,2.851e-05,142884.7
1656356400000,2.845e-05,2.863e-05,2.841e-05,2.852e-05,75137.0
1656360000000,2.86e-05,2.896e-05,2.853e-05,2.889e-05,77861.0
1656363600000,2.893e-05,2.899e-05,2.861e-05,2.887e-05,59079.4
1656367200000,2.888e-05,2.895e-05,2.86e-05,2.895e-05,70517.2
1656370800000,2.896e-05,2.942e-05,2.883e-05,2.892e-05,96432.0
1656374400000,2.893e-05,2.925e-05,2.885e-05,2.9e-05,103732.7
1656378000000,2.896e-05,2.918e-05,2.871e-05,2.888e-05,102694.0
1656381600000,2.889e-05,2.893e-05,2.842e-05,2.858e-05,63502.3
1656385200000,2.865e-05,2.908e-05,2.838e-05,2.842e-05,81934.0
1656388800000,2.844e-05,2.865e-05,2.843e-05,2.849e-05,54710.2
1656392400000,2.848e-05,2.922e-05,2.844e-05,2.891e-05,68564.1
1656396000000,2.898e-05,2.903e-05,2.863e-05,2.876e-05,52139.9
1656399600000,2.881e-05,2.886e-05,2.843e-05,2.846e-05,58683.5
1656403200000,2.847e-05,2.862e-05,2.816e-05,2.827e-05,95422.0
1656406800000,2.828e-05,2.858e-05,2.792e-05,2.821e-05,154900.3
1656410400000,2.822e-05,2.842e-05,2.801e-05,2.82e-05,85863.6
1656414000000,2.824e-05,2.829e-05,2.793e-05,2.814e-05,80085.2
1656417600000,2.817e-05,2.857e-05,2.812e-05,2.852e-05,75305.0
1656421200000,2.855e-05,2.86e-05,2.833e-05,2.857e-05,83177.5
1656424800000,2.85e-05,2.881e-05,2.831e-05,2.859e-05,83574.8
1656428400000,2.862e-05,2.877e-05,2.818e-05,2.847e-05,119100.3
1656432000000,2.841e-05,2.88e-05,2.827e-05,2.838e-05,246338.8
1656435600000,2.837e-05,2.87e-05,2.833e-05,2.867e-05,89124.1
1656439200000,2.863e-05,2.897e-05,2.856e-05,2.881e-05,114067.2
1656442800000,2.88e-05,2.909e-05,2.879e-05,2.907e-05,119462.9
1656446400000,2.901e-05,2.909e-05,2.884e-05,2.899e-05,75243.7
1656450000000,2.897e-05,2.904e-05,2.867e-05,2.873e-05,72613.6
1656453600000,2.867e-05,2.911e-05,2.866e-05,2.909e-05,59840.2
1656457200000,2.906e-05,2.935e-05,2.872e-05,2.878e-05,85886.1
1656460800000,2.877e-05,2.896e-05,2.846e-05,2.852e-05,110360.0
1656464400000,2.85e-05,2.878e-05,2.824e-05,2.87e-05,66111.9
1656468000000,2.872e-05,3.057e-05,2.866e-05,3e-05,351407.0
1656471600000,2.998e-05,2.998e-05,2.943e-05,2.981e-05,181530.0
1656475200000,2.978e-05,3.039e-05,2.93e-05,2.936e-05,102963.1
1656478800000,2.935e-05,3.06e-05,2.931e-05,3.016e-05,105581.6
1656482400000,3.015e-05,3.3e-05,2.976e-05,3.137e-05,672880.3
1656486000000,3.136e-05,3.32e-05,3.088e-05,3.233e-05,303620.6
1656489600000,3.23e-05,3.346e-05,3.16e-05,3.204e-05,238161.5
1656493200000,3.19e-05,3.191e-05,3e-05,3.049e-05,318099.0
1656496800000,3.048e-05,3.179e-05,3.032e-05,3.143e-05,269579.0
1656500400000,3.135e-05,3.218e-05,3.099e-05,3.137e-05,157830.1
1656504000000,3.135e-05,3.22e-05,3.094e-05,3.138e-05,191605.7
1656507600000,3.137e-05,3.229e-05,3.137e-05,3.216e-05,99719.3
1656511200000,3.215e-05,3.231e-05,3.129e-05,3.16e-05,96131.6
1656514800000,3.164e-05,3.199e-05,3.152e-05,3.161e-05,74461.9
1656518400000,3.164e-05,3.199e-05,3.125e-05,3.184e-05,146545.7
1656522000000,3.176e-05,3.243e-05,3.172e-05,3.212e-05,179037.5
1656525600000,3.209e-05,3.239e-05,3.191e-05,3.199e-05,76059.8
1656529200000,3.197e-05,3.223e-05,3.162e-05,3.164e-05,85374.1
1656532800000,3.165e-05,3.227e-05,3.134e-05,3.227e-05,125522.1
1656536400000,3.223e-05,3.248e-05,3.158e-05,3.174e-05,123530.0
1656540000000,3.173e-05,3.226e-05,3.144e-05,3.222e-05,113688.9
1656543600000,3.226e-05,3.23e-05,3.141e-05,3.158e-05,135920.6
1656547200000,3.149e-05,3.208e-05,3.131e-05,3.153e-05,133641.0
1656550800000,3.152e-05,3.186e-05,3.118e-05,3.141e-05,105505.5
1656554400000,3.144e-05,3.154e-05,3.117e-05,3.138e-05,125470.7
1656558000000,3.142e-05,3.195e-05,3.134e-05,3.171e-05,88737.3
1656561600000,3.163e-05,3.165e-05,3.101e-05,3.105e-05,82389.6
1656565200000,3.1e-05,3.107e-05,3.013e-05,3.027e-05,133800.7
1656568800000,3.029e-05,3.049e-05,2.952e-05,2.987e-05,219187.0
1656572400000,2.986e-05,3.018e-05,2.97e-05,3.013e-05,127388.1
1656576000000,3.011e-05,3.042e-05,2.991e-05,3e-05,170291.1
1656579600000,3.001e-05,3.061e-05,2.957e-05,3.051e-05,167365.0
1656583200000,3.052e-05,3.136e-05,3.042e-05,3.136e-05,119286.7
1656586800000,3.14e-05,3.258e-05,3.14e-05,3.174e-05,200792.1
1656590400000,3.175e-05,3.24e-05,3.161e-05,3.231e-05,100246.2
1656594000000,3.233e-05,3.255e-05,3.139e-05,3.191e-05,127865.8
1656597600000,3.183e-05,3.227e-05,3.119e-05,3.191e-05,86771.6
1656601200000,3.185e-05,3.241e-05,3.149e-05,3.158e-05,119920.9
1656604800000,3.155e-05,3.272e-05,3.149e-05,3.27e-05,82023.3
1656608400000,3.261e-05,3.268e-05,3.218e-05,3.24e-05,59907.6
1656612000000,3.239e-05,3.248e-05,3.169e-05,3.169e-05,67602.4
1656615600000,3.17e-05,3.214e-05,3.153e-05,3.178e-05,67359.5
1656619200000,3.179e-05,3.299e-05,3.172e-05,3.222e-05,77163.2
1656622800000,3.223e-05,3.229e-05,3.185e-05,3.214e-05,85832.5
1656626400000,3.203e-05,3.219e-05,3.158e-05,3.203e-05,124195.5
1656630000000,3.202e-05,3.202e-05,3.05e-05,3.129e-05,156480.7
1656633600000,3.13e-05,3.23e-05,3.1e-05,3.116e-05,100160.8
1656637200000,3.117e-05,3.175e-05,3.053e-05,3.104e-05,133920.6
1656640800000,3.11e-05,3.116e-05,3.08e-05,3.09e-05,106712.5
1656644400000,3.086e-05,3.16e-05,3.081e-05,3.139e-05,80809.0
1656648000000,3.12e-05,3.129e-05,3.091e-05,3.116e-05,157159.0
1656651600000,3.115e-05,3.583e-05,3.095e-05,3.545e-05,1323040.9
1656655200000,3.543e-05,3.649e-05,3.277e-05,3.327e-05,1017501.6
1656658800000,3.326e-05,3.337e-05,3.182e-05,3.212e-05,333779.4
1656662400000,3.225e-05,3.227e-05,3.131e-05,3.166e-05,180404.0
1656666000000,3.168e-05,3.19e-05,3.141e-05,3.18e-05,102738.4
1656669600000,3.19e-05,3.215e-05,3.141e-05,3.16e-05,232322.9
1656673200000,3.169e-05,3.195e-05,3.14e-05,3.185e-05,113636.1
1656676800000,3.173e-05,3.203e-05,3.17e-05,3.182e-05,136807.4
1656680400000,3.183e-05,3.203e-05,3.14e-05,3.161e-05,181864.2
1656684000000,3.16e-05,3.17e-05,3.108e-05,3.136e-05,145548.6
1656687600000,3.128e-05,3.148e-05,3.059e-05,3.09e-05,86656.0
1656691200000,3.091e-05,3.14e-05,3.081e-05,3.131e-05,88382.0
1656694800000,3.132e-05,3.135e-05,3.092e-05,3.121e-05,142887.9
1656698400000,3.122e-05,3.14e-05,3.115e-05,3.122e-05,62743.2
1656702000000,3.113e-05,3.135e-05,3.111e-05,3.121e-05,61716.2
1656705600000,3.123e-05,3.141e-05,3.075e-05,3.114e-05,200924.1
1656709200000,3.111e-05,3.168e-05,3.075e-05,3.151e-05,74488.0
1656712800000,3.153e-05,3.153e-05,3.1e-05,3.111e-05,73365.6
1656716400000,3.113e-05,3.158e-05,3.103e-05,3.133e-05,74864.0
1656720000000,3.135e-05,3.152e-05,3.114e-05,3.127e-05,69703.8
1656723600000,3.139e-05,3.153e-05,3.101e-05,3.123e-05,60153.4
1656727200000,3.128e-05,3.304e-05,3.125e-05,3.287e-05,197616.4
1656730800000,3.289e-05,3.296e-05,3.221e-05,3.237e-05,86617.1
1656734400000,3.23e-05,3.3e-05,3.227e-05,3.3e-05,83588.0
1656738000000,3.292e-05,3.585e-05,3.288e-05,3.343e-05,867354.0
1656741600000,3.347e-05,3.347e-05,3.217e-05,3.256e-05,116785.0
1656745200000,3.259e-05,3.26e-05,3.216e-05,3.239e-05,99743.3
1656748800000,3.246e-05,3.264e-05,3.217e-05,3.225e-05,108342.3
1656752400000,3.226e-05,3.26e-05,3.196e-05,3.239e-05,140884.9
1656756000000,3.24e-05,3.258e-05,3.233e-05,3.252e-05,55312.6
1656759600000,3.249e-05,3.261e-05,3.242e-05,3.252e-05,55723.2
1656763200000,3.251e-05,3.283e-05,3.23e-05,3.255e-05,102620.0
1656766800000,3.241e-05,3.33e-05,3.187e-05,3.29e-05,187850.1
1656770400000,3.281e-05,3.325e-05,3.236e-05,3.282e-05,112947.9
1656774000000,3.275e-05,3.314e-05,3.241e-05,3.25e-05,79067.4
1656777600000,3.258e-05,3.258e-05,3.23e-05,3.234e-05,81122.1
1656781200000,3.239e-05,3.3e-05,3.216e-05,3.264e-05,90090.6
1656784800000,3.263e-05,3.269e-05,3.237e-05,3.245e-05,57645.1
1656788400000,3.242e-05,3.416e-05,3.231e-05,3.397e-05,125942.7
1656792000000,3.4e-05,3.47e-05,3.27e-05,3.271e-05,165003.5
1656795600000,3.275e-05,3.276e-05,3.222e-05,3.26e-05,79363.7
1656799200000,3.255e-05,3.265e-05,3.237e-05,3.237e-05,60842.7
1656802800000,3.236e-05,3.249e-05,3.235e-05,3.237e-05,57267.9
1656806400000,3.238e-05,3.276e-05,3.235e-05,3.276e-05,63523.8
1656810000000,3.277e-05,3.354e-05,3.276e-05,3.291e-05,104495.6
1656813600000,3.287e-05,3.327e-05,3.261e-05,3.321e-05,66862.7
1656817200000,3.32e-05,3.328e-05,3.291e-05,3.302e-05,70690.7
1656820800000,3.308e-05,3.309e-05,3.249e-05,3.26e-05,99312.1
1656824400000,3.27e-05,3.278e-05,3.217e-05,3.251e-05,94504.5
1656828000000,3.248e-05,3.258e-05,3.232e-05,3.242e-05,63001.7
1656831600000,3.246e-05,3.269e-05,3.236e-05,3.237e-05,54293.5
1656835200000,3.239e-05,3.257e-05,3.233e-05,3.234e-05,64201.3
1656838800000,3.233e-05,3.256e-05,3.225e-05,3.237e-05,54909.5
1656842400000,3.232e-05,3.253e-05,3.23e-05,3.241e-05,56071.9
1656846000000,3.238e-05,3.25e-05,3.231e-05,3.239e-05,47893.2
1656849600000,3.241e-05,3.35e-05,3.238e-05,3.319e-05,73775.9
1656853200000,3.318e-05,3.348e-05,3.28e-05,3.296e-05,72235.6
1656856800000,3.286e-05,3.299e-05,3.26e-05,3.278e-05,130920.3
1656860400000,3.275e-05,3.302e-05,3.248e-05,3.299e-05,111927.9
1656864000000,3.295e-05,3.323e-05,3.286e-05,3.32e-05,71310.7
1656867600000,3.321e-05,3.36e-05,3.296e-05,3.32e-05,108526.0
1656871200000,3.321e-05,3.321e-05,3.284e-05,3.297e-05,81444.8
1656874800000,3.293e-05,3.299e-05,3.26e-05,3.272e-05,72877.7
1656878400000,3.273e-05,3.273e-05,3.234e-05,3.239e-05,56373.3
1656882000000,3.238e-05,3.249e-05,3.217e-05,3.226e-05,62128.0
1656885600000,3.225e-05,3.303e-05,3.209e-05,3.231e-05,84456.9
1656889200000,3.229e-05,3.247e-05,3.221e-05,3.241e-05,63848.5
