1654164000000,0.003856,0.00555,0.003856,0.005056,944358810.0
1654167600000,0.005075,0.00535,0.004683,0.0051,388646126.0
1654171200000,0.005093,0.005209,0.004706,0.004943,243508401.0
1654174800000,0.004944,0.004958,0.00477,0.004925,103017557.0
1654178400000,0.004925,0.00515,0.004801,0.005126,119039387.0
1654182000000,0.00512,0.0052,0.004849,0.004898,153116610.0
1654185600000,0.004897,0.0049,0.00455,0.00455,128064972.0
1654189200000,0.00455,0.004712,0.00455,0.004659,72837250.0
1654192800000,0.00466,0.00487,0.0046,0.004768,90662139.0
1654196400000,0.004768,0.0048,0.004648,0.004716,42957806.0
1654200000000,0.004713,0.005076,0.004707,0.004849,154435216.0
1654203600000,0.00485,0.00485,0.004717,0.004739,39719459.0
1654207200000,0.00473,0.00476,0.004581,0.004591,33581355.0
1654210800000,0.004589,0.004632,0.004515,0.004522,39868205.0
1654214400000,0.004528,0.004591,0.004409,0.004409,32289521.0
1654218000000,0.004409,0.004422,0.004301,0.004347,27166522.0
1654221600000,0.004366,0.004511,0.004332,0.004345,42010289.0
1654225200000,0.004345,0.004375,0.0042,0.004274,21929349.0
1654228800000,0.004274,0.004305,0.004226,0.00425,11072351.0
1654232400000,0.004243,0.004292,0.004243,0.004268,17426967.0
1654236000000,0.004268,0.0045,0.004268,0.004379,52288892.0
1654239600000,0.00436,0.004439,0.004301,0.004339,26032676.0
1654243200000,0.00434,0.004479,0.00429,0.004294,23847798.0
1654246800000,0.004293,0.004322,0.00418,0.004181,24722118.0
1654250400000,0.004181,0.0043,0.004157,0.00425,31351027.0
1654254000000,0.00425,0.004286,0.004154,0.004264,16996346.0
1654257600000,0.004264,0.00429,0.004141,0.004141,20937090.0
1654261200000,0.004142,0.004227,0.004114,0.004224,17956919.0
1654264800000,0.004224,0.004264,0.004122,0.004202,13202467.0
1654268400000,0.004205,0.004351,0.00419,0.004271,13795736.0
1654272000000,0.004274,0.0043,0.004254,0.00428,5662741.0
1654275600000,0.004279,0.004296,0.00423,0.004259,3737479.0
1654279200000,0.004268,0.00429,0.004247,0.004258,5784801.0
1654282800000,0.004258,0.004363,0.004257,0.004328,10004936.0
1654286400000,0.004323,0.0044,0.00432,0.00439,5056116.0
1654290000000,0.00438,0.004421,0.004311,0.004411,9254735.0
1654293600000,0.004411,0.004411,0.00433,0.004334,6718802.0
1654297200000,0.004348,0.004348,0.004278,0.004302,4442451.0
1654300800000,0.004303,0.004358,0.004276,0.004285,6957193.0
1654304400000,0.004281,0.0043,0.004229,0.004242,2221070.0
1654308000000,0.004242,0.004244,0.004176,0.004189,5488844.0
1654311600000,0.004189,0.004229,0.004177,0.004195,878980.0
1654315200000,0.004205,0.004353,0.004203,0.004331,3004495.0
1654318800000,0.004331,0.00456,0.00432,0.004556,37706515.0
1654322400000,0.004546,0.0048,0.004358,0.004383,74836385.0
1654326000000,0.004371,0.004412,0.004346,0.00435,15441363.0
1654329600000,0.004365,0.004428,0.004343,0.004378,10338610.0
1654333200000,0.004385,0.0044,0.004318,0.004386,10120015.0
1654336800000,0.004387,0.0044,0.004331,0.004331,7641684.0
1654340400000,0.004327,0.004352,0.00426,0.004272,14891629.0
1654344000000,0.004272,0.004278,0.00421,0.004252,6487020.0
1654347600000,0.004252,0.004278,0.00423,0.004278,7883493.0
1654351200000,0.00428,0.0043,0.004229,0.004273,6849183.0
1654354800000,0.004286,0.004295,0.004251,0.004294,3016500.0
1654358400000,0.004277,0.004288,0.004227,0.004269,4674394.0
1654362000000,0.004268,0.00428,0.004243,0.004263,4433076.0
1654365600000,0.004263,0.004286,0.004246,0.004246,2356762.0
1654369200000,0.004245,0.004257,0.004057,0.004121,12836466.0
1654372800000,0.004126,0.00415,0.004111,0.004146,5606119.0
1654376400000,0.004149,0.004149,0.004111,0.004124,3291300.0
1654380000000,0.004124,0.004196,0.004124,0.004161,2483062.0
1654383600000,0.004161,0.004181,0.004126,0.004172,2398706.0
1654387200000,0.004171,0.004186,0.004116,0.004131,2242170.0
1654390800000,0.004135,0.004149,0.004103,0.004118,3780243.0
1654394400000,0.004135,0.004154,0.004118,0.004143,1185609.0
1654398000000,0.004136,0.004197,0.004136,0.004197,733518.0
1654401600000,0.004173,0.004195,0.004107,0.004107,1806542.0
1654405200000,0.004111,0.004141,0.004104,0.004128,1932937.0
1654408800000,0.004127,0.004153,0.004102,0.004109,2994214.0
1654412400000,0.0041,0.004147,0.00409,0.004115,3719675.0
1654416000000,0.004105,0.004135,0.004092,0.004117,1566848.0
1654419600000,0.004094,0.004113,0.004025,0.00406,2754551.0
1654423200000,0.004065,0.004105,0.004053,0.004083,1914390.0
1654426800000,0.004091,0.004109,0.004074,0.004107,2069949.0
1654430400000,0.004092,0.004196,0.004089,0.004139,4500046.0
1654434000000,0.004139,0.004188,0.004069,0.004077,3019789.0
1654437600000,0.004077,0.004144,0.004072,0.00414,1009285.0
1654441200000,0.004139,0.004145,0.004118,0.004132,1971884.0
1654444800000,0.004132,0.004226,0.004127,0.004127,2743170.0
1654448400000,0.004147,0.004224,0.004132,0.004179,5496159.0
1654452000000,0.004178,0.004214,0.004155,0.004155,631523.0
1654455600000,0.004159,0.004288,0.004153,0.004253,2565665.0
1654459200000,0.004277,0.004305,0.004181,0.00419,3877567.0
1654462800000,0.004177,0.004195,0.004125,0.004169,3769258.0
1654466400000,0.004169,0.004365,0.004169,0.004309,4793876.0
1654470000000,0.004284,0.004315,0.004132,0.004183,1603346.0
1654473600000,0.004174,0.00427,0.004174,0.004238,1303583.0
1654477200000,0.004242,0.0043,0.004242,0.004298,758610.0
1654480800000,0.004296,0.004299,0.004263,0.004287,1440974.0
1654484400000,0.004263,0.004321,0.004263,0.00432,1234252.0
1654488000000,0.00432,0.004346,0.004301,0.004332,2518782.0
1654491600000,0.004311,0.004332,0.004235,0.004256,2665477.0
1654495200000,0.004293,0.004349,0.004265,0.004344,1970565.0
1654498800000,0.004329,0.004465,0.004307,0.004451,9728133.0
1654502400000,0.004449,0.004473,0.00434,0.004387,5660654.0
1654506000000,0.004357,0.004422,0.004332,0.004355,1930455.0
1654509600000,0.004377,0.004448,0.004357,0.004371,2220924.0
1654513200000,0.00437,0.004422,0.004368,0.004385,1901513.0
1654516800000,0.004386,0.004409,0.00434,0.004351,3010355.0
1654520400000,0.00434,0.004342,0.004278,0.004279,3668781.0
1654524000000,0.004311,0.004374,0.004297,0.004374,2493337.0
1654527600000,0.004371,0.004374,0.004236,0.004297,3686236.0
1654531200000,0.004311,0.004323,0.004214,0.004303,5070359.0
1654534800000,0.00423,0.004252,0.004201,0.004208,622083.0
1654538400000,0.004217,0.00423,0.004173,0.004208,2070944.0
1654542000000,0.004207,0.004221,0.004181,0.004207,568191.0
1654545600000,0.00422,0.004243,0.004169,0.004211,575229.0
1654549200000,0.004216,0.004248,0.004205,0.004248,353566.0
1654552800000,0.004248,0.004251,0.004236,0.004247,1576801.0
1654556400000,0.004233,0.004256,0.004202,0.004211,1442708.0
1654560000000,0.004254,0.004254,0.004072,0.004123,1106438.0
1654563600000,0.004092,0.004123,0.004053,0.004053,241430.0
1654567200000,0.004055,0.004055,0.004014,0.004034,643131.0
1654570800000,0.004018,0.00408,0.004018,0.004068,363445.0
1654574400000,0.00405,0.0041,0.004048,0.004072,404116.0
1654578000000,0.00407,0.004075,0.004052,0.004062,1483267.0
1654581600000,0.004057,0.004069,0.004055,0.004069,244150.0
1654585200000,0.00407,0.00408,0.00406,0.004061,339729.0
1654588800000,0.004064,0.004134,0.004064,0.004103,677073.0
1654592400000,0.004089,0.004103,0.004071,0.004084,260020.0
1654596000000,0.004086,0.004131,0.004081,0.004102,406490.0
1654599600000,0.004091,0.00414,0.004043,0.004104,1181415.0
1654603200000,0.004104,0.004133,0.004056,0.004072,102038.0
1654606800000,0.004072,0.004158,0.00407,0.004138,603009.0
1654610400000,0.004135,0.004159,0.004059,0.004155,666784.0
1654614000000,0.004147,0.004147,0.004088,0.004115,1440502.0
1654617600000,0.004116,0.004149,0.004094,0.004135,1034851.0
1654621200000,0.004134,0.004155,0.004088,0.004125,1039083.0
1654624800000,0.004125,0.004193,0.004122,0.004147,761478.0
1654628400000,0.004148,0.004231,0.004128,0.004183,2809134.0
1654632000000,0.004229,0.00428,0.004204,0.004231,2539234.0
1654635600000,0.004232,0.004312,0.004208,0.004211,4747489.0
1654639200000,0.004212,0.00428,0.004163,0.00419,5869737.0
1654642800000,0.00419,0.004226,0.004173,0.004197,1622467.0
1654646400000,0.004153,0.004255,0.00412,0.004255,2763266.0
1654650000000,0.004225,0.004337,0.0042,0.004221,2413499.0
1654653600000,0.004235,0.004288,0.004232,0.004254,1178902.0
1654657200000,0.004242,0.004242,0.004124,0.00415,1415668.0
1654660800000,0.004121,0.004196,0.004121,0.004171,416529.0
1654664400000,0.004171,0.004235,0.004168,0.004202,2573706.0
1654668000000,0.004216,0.004234,0.004174,0.004234,629892.0
1654671600000,0.004234,0.004277,0.004173,0.004267,1145337.0
1654675200000,0.004259,0.004298,0.004232,0.004252,2535851.0
1654678800000,0.00426,0.004382,0.004252,0.0043,11130089.0
1654682400000,0.004286,0.00435,0.004279,0.004302,3321850.0
1654686000000,0.004313,0.004313,0.004248,0.004277,2595910.0
1654689600000,0.004259,0.004298,0.004208,0.004223,2148236.0
1654693200000,0.004255,0.004345,0.004216,0.00432,3010035.0
1654696800000,0.00432,0.004435,0.004298,0.004349,6282171.0
1654700400000,0.004349,0.004426,0.004343,0.00437,1153499.0
1654704000000,0.004366,0.004571,0.004351,0.004439,12201352.0
1654707600000,0.004407,0.004536,0.004407,0.0045,5247117.0
1654711200000,0.004499,0.004546,0.004328,0.004353,5211491.0
1654714800000,0.004351,0.00446,0.004301,0.004352,3605353.0
1654718400000,0.004341,0.004368,0.004308,0.004311,987627.0
1654722000000,0.00434,0.00434,0.00427,0.004317,1410978.0
1654725600000,0.004325,0.004363,0.004316,0.004342,362245.0
1654729200000,0.00433,0.004358,0.004281,0.0043,641879.0
1654732800000,0.004272,0.00436,0.004242,0.004283,1534885.0
1654736400000,0.004316,0.00445,0.004316,0.004393,1165858.0
1654740000000,0.004356,0.004356,0.004307,0.004331,2178080.0
1654743600000,0.004309,0.004311,0.004271,0.004275,3623371.0
1654747200000,0.004278,0.004338,0.004269,0.004314,652004.0
1654750800000,0.004336,0.00437,0.004336,0.004341,717067.0
1654754400000,0.00437,0.004496,0.00437,0.004435,5535731.0
1654758000000,0.004435,0.004633,0.004431,0.004598,13636242.0
1654761600000,0.004575,0.004576,0.00446,0.004472,8599908.0
1654765200000,0.004472,0.004523,0.004457,0.004475,3194680.0
1654768800000,0.004472,0.004495,0.004452,0.004473,3181854.0
1654772400000,0.004462,0.00457,0.004445,0.004445,11262372.0
1654776000000,0.004445,0.004459,0.00435,0.004353,5509129.0
1654779600000,0.004353,0.004534,0.004353,0.004495,597385045.0
1654783200000,0.004489,0.004504,0.004405,0.004423,705656251.0
1654786800000,0.004439,0.004679,0.004365,0.004408,500473404.0
1654790400000,0.004409,0.004445,0.004358,0.004366,253994272.0
1654794000000,0.004366,0.00448,0.004355,0.004409,662122560.0
1654797600000,0.004392,0.004415,0.004369,0.004386,493580685.0
1654801200000,0.00438,0.00439,0.004326,0.004326,206023544.0
1654804800000,0.004312,0.00448,0.00427,0.004303,559970914.0
1654808400000,0.004302,0.004363,0.004287,0.004309,435365740.0
1654812000000,0.004309,0.004324,0.004253,0.004292,245067170.0
1654815600000,0.004276,0.004301,0.004225,0.004282,270582351.0
1654819200000,0.004284,0.00434,0.004242,0.004242,752774867.0
1654822800000,0.004245,0.004303,0.004225,0.004283,483577095.0
1654826400000,0.004262,0.004297,0.004259,0.00428,121619526.0
1654830000000,0.004291,0.004367,0.004291,0.004311,87651411.0
1654833600000,0.004305,0.004437,0.004303,0.004385,518708413.0
1654837200000,0.004385,0.004389,0.00433,0.004347,362216040.0
1654840800000,0.004346,0.004375,0.004316,0.004325,409152346.0
1654844400000,0.004335,0.004393,0.00427,0.004285,1482996599.0
1654848000000,0.004284,0.004408,0.004252,0.004303,245727477.0
1654851600000,0.004303,0.004303,0.004161,0.004183,762255470.0
1654855200000,0.004183,0.004236,0.004169,0.004223,182794471.0
1654858800000,0.004214,0.004286,0.004205,0.004266,543350665.0
1654862400000,0.004262,0.004298,0.004108,0.004152,1340885294.0
1654866000000,0.004149,0.00416,0.004038,0.004099,1251299757.0
1654869600000,0.004079,0.004282,0.004057,0.004212,2624536103.0
1654873200000,0.004198,0.004247,0.004113,0.004166,606242284.0
1654876800000,0.004166,0.004196,0.004093,0.004149,786233203.0
1654880400000,0.004138,0.00419,0.0041,0.004139,1408102199.0
1654884000000,0.00413,0.004175,0.004073,0.00411,1061099874.0
1654887600000,0.004124,0.004195,0.004078,0.004167,1396531157.0
1654891200000,0.00415,0.004187,0.004111,0.004149,643204546.0
1654894800000,0.004154,0.00416,0.004102,0.004142,38622902.0
1654898400000,0.004145,0.004154,0.004127,0.004153,26087243.0
1654902000000,0.004149,0.00415,0.0041,0.004119,148275370.0
1654905600000,0.004134,0.004161,0.004121,0.00415,62830681.0
1654909200000,0.004142,0.004172,0.004131,0.004144,123182596.0
1654912800000,0.004151,0.004172,0.004136,0.004169,74415216.0
1654916400000,0.004167,0.004222,0.004167,0.004216,52039905.0
1654920000000,0.004202,0.00425,0.004169,0.004216,197335314.0
1654923600000,0.004214,0.004229,0.004176,0.004181,200505530.0
1654927200000,0.004181,0.004245,0.004162,0.00419,5343781.0
1654930800000,0.004194,0.004287,0.004171,0.004211,3697600.0
1654934400000,0.004211,0.004211,0.004069,0.004069,13530318.0
1654938000000,0.004067,0.004129,0.004047,0.004082,4579403.0
1654941600000,0.004083,0.004131,0.004047,0.004047,4913586.0
1654945200000,0.004049,0.00405,0.003854,0.003882,7699719.0
1654948800000,0.003877,0.003903,0.0038,0.0038,844023118.0
1654952400000,0.0038,0.003875,0.003768,0.00382,1424861020.0
1654956000000,0.003823,0.00384,0.003701,0.003701,602466572.0
1654959600000,0.003701,0.003748,0.003614,0.003674,1934711469.0
1654963200000,0.003665,0.003881,0.003654,0.003785,3757411067.0
1654966800000,0.003789,0.003868,0.003714,0.003773,1602627723.0
1654970400000,0.00375,0.003848,0.003739,0.003824,1143775138.0
1654974000000,0.003824,0.003964,0.003812,0.003873,5841019.0
1654977600000,0.00386,0.003892,0.003814,0.003858,2509835.0
1654981200000,0.003841,0.003879,0.003795,0.003795,2015997.0
1654984800000,0.003829,0.003847,0.003782,0.00383,1457374.0
1654988400000,0.003803,0.003831,0.003742,0.003764,959481.0
1654992000000,0.00378,0.003792,0.003739,0.003773,1228050.0
1654995600000,0.003763,0.003772,0.003656,0.003675,645557.0
1654999200000,0.00364,0.003677,0.00354,0.003543,2636554.0
1655002800000,0.00354,0.003571,0.003509,0.003509,1886377.0
1655006400000,0.003542,0.003571,0.003471,0.003494,1498716.0
1655010000000,0.003456,0.003493,0.003409,0.003479,2454437.0
1655013600000,0.003471,0.003542,0.003443,0.00354,792430.0
1655017200000,0.003517,0.00354,0.003476,0.00354,8360104.0
1655020800000,0.00354,0.003674,0.003504,0.003605,414310387.0
1655024400000,0.003598,0.003683,0.003538,0.003561,680100020.0
1655028000000,0.003539,0.003649,0.003538,0.003568,185988896.0
1655031600000,0.003559,0.003646,0.003536,0.003633,986007707.0
1655035200000,0.003608,0.003694,0.003576,0.003598,904844578.0
1655038800000,0.003582,0.003607,0.003509,0.003524,595867060.0
1655042400000,0.003503,0.00372,0.003464,0.003688,2055737819.0
1655046000000,0.003676,0.00383,0.003668,0.003744,585618489.0
1655049600000,0.003744,0.003824,0.003692,0.0037,7450397.0
1655053200000,0.003701,0.00376,0.003695,0.003709,5031424.0
1655056800000,0.003711,0.003711,0.00369,0.003695,2152478.0
1655060400000,0.003688,0.003699,0.003615,0.003647,3738568.0
1655064000000,0.003659,0.003705,0.003616,0.00362,2828217.0
1655067600000,0.003615,0.00364,0.003615,0.003638,486016.0
1655071200000,0.003617,0.003617,0.003465,0.003474,2701810.0
1655074800000,0.003508,0.003517,0.003399,0.003399,56382843.0
1655078400000,0.003393,0.003475,0.003338,0.003338,99350966.0
1655082000000,0.003334,0.003349,0.003234,0.003263,65813926.0
1655085600000,0.003273,0.003307,0.003165,0.003184,165330458.0
1655089200000,0.003182,0.003284,0.003145,0.003245,140992695.0
1655092800000,0.003233,0.003354,0.003207,0.003221,119989754.0
1655096400000,0.00322,0.003281,0.003159,0.003164,135510514.0
1655100000000,0.00316,0.003232,0.003114,0.003154,94100686.0
1655103600000,0.003151,0.003185,0.003006,0.00306,244456344.0
1655107200000,0.003049,0.003181,0.003013,0.003077,523718581.0
1655110800000,0.003062,0.003239,0.003003,0.00311,3804934757.0
1655114400000,0.003096,0.003198,0.003058,0.003163,5044367200.0
1655118000000,0.003153,0.003178,0.003012,0.003056,2188923552.0
1655121600000,0.003127,0.003181,0.003102,0.003117,7776235.0
1655125200000,0.003116,0.003177,0.003083,0.003168,1437873683.0
1655128800000,0.003169,0.00317,0.003017,0.003063,1048634818.0
1655132400000,0.003074,0.00325,0.003068,0.003224,1550395602.0
1655136000000,0.003212,0.00334,0.003185,0.003266,15215102.0
1655139600000,0.003263,0.00327,0.003175,0.003256,99054676.0
1655143200000,0.003256,0.003339,0.003247,0.0033,781021721.0
1655146800000,0.003286,0.003309,0.003202,0.003245,1081210012.0
1655150400000,0.003246,0.00338,0.003246,0.003268,1705627101.0
1655154000000,0.003267,0.00329,0.003202,0.003202,794463401.0
1655157600000,0.003202,0.00321,0.003117,0.003124,298434050.0
1655161200000,0.00311,0.00314,0.003085,0.003135,398305055.0
1655164800000,0.003135,0.00321,0.0031,0.0031,53911935.0
1655168400000,0.003083,0.003101,0.002986,0.002986,7767775.0
1655172000000,0.002956,0.003082,0.002945,0.003018,3904058.0
1655175600000,0.003026,0.003206,0.003026,0.003176,5358971.0
1655179200000,0.003215,0.003234,0.00309,0.003111,4488177.0
1655182800000,0.003116,0.00331,0.003116,0.003281,3607069.0
1655186400000,0.003281,0.003377,0.003247,0.003377,4797600.0
1655190000000,0.003355,0.003355,0.003282,0.003342,1739121.0
1655193600000,0.003305,0.003305,0.003238,0.003256,6178160.0
1655197200000,0.003246,0.003254,0.003176,0.003176,5549708.0
1655200800000,0.003176,0.003209,0.003161,0.003161,1869940.0
1655204400000,0.003186,0.003345,0.003112,0.003158,71512915.0
1655208000000,0.003164,0.003214,0.00311,0.00319,717394589.0
1655211600000,0.00319,0.003299,0.003176,0.003226,1953769409.0
1655215200000,0.003241,0.003261,0.003179,0.003215,299292276.0
1655218800000,0.003215,0.003289,0.003215,0.003282,1466659.0
1655222400000,0.003259,0.003269,0.003188,0.003192,1798733.0
1655226000000,0.003185,0.003221,0.003166,0.003166,1757415.0
1655229600000,0.003173,0.003205,0.003167,0.00317,1039249.0
1655233200000,0.003165,0.003185,0.003149,0.003174,2144388.0
1655236800000,0.003164,0.003359,0.003153,0.003315,21926825.0
1655240400000,0.003292,0.003296,0.003161,0.003161,1294145.0
1655244000000,0.003201,0.00335,0.003201,0.003282,5116448.0
1655247600000,0.003282,0.00335,0.003249,0.0033,3203331.0
1655251200000,0.003321,0.003343,0.003252,0.003252,697304.0
1655254800000,0.003252,0.00334,0.003241,0.003317,723273.0
1655258400000,0.003311,0.003323,0.003252,0.003267,550120.0
1655262000000,0.00329,0.003302,0.003209,0.003209,945560.0
1655265600000,0.003209,0.003211,0.00312,0.0032,2527617.0
1655269200000,0.003206,0.003233,0.003145,0.003227,1581222.0
1655272800000,0.003254,0.003456,0.003197,0.003399,418347582.0
1655276400000,0.003384,0.003394,0.003255,0.003308,145905126.0
1655280000000,0.003272,0.003492,0.003192,0.003402,1499432198.0
1655283600000,0.003383,0.0038,0.003264,0.003283,1527394160.0
1655287200000,0.003287,0.003346,0.003188,0.003315,483187571.0
1655290800000,0.003305,0.003433,0.003236,0.003398,868171072.0
1655294400000,0.003412,0.003445,0.003344,0.003373,719548964.0
1655298000000,0.003362,0.003479,0.003331,0.003446,1124202130.0
1655301600000,0.003445,0.003479,0.003336,0.003358,467384865.0
1655305200000,0.003367,0.003381,0.003293,0.003366,439589666.0
1655308800000,0.003366,0.003441,0.003311,0.003437,566785823.0
1655312400000,0.003437,0.003538,0.003349,0.00346,586631287.0
1655316000000,0.00346,0.003548,0.003264,0.003481,1762368376.0
1655319600000,0.003483,0.00356,0.003463,0.003478,1858037309.0
1655323200000,0.003477,0.003477,0.003442,0.003456,65619647.0
1655326800000,0.003456,0.003492,0.003456,0.003483,42040900.0
1655330400000,0.003497,0.003545,0.00347,0.003495,251251489.0
1655334000000,0.003484,0.003498,0.003478,0.003498,21677569.0
1655337600000,0.003497,0.00354,0.003496,0.003521,386993231.0
1655341200000,0.00352,0.00352,0.003464,0.003464,45038020.0
1655344800000,0.003458,0.003482,0.003455,0.003467,63571636.0
1655348400000,0.003467,0.003513,0.003457,0.003468,85124380.0
1655352000000,0.003458,0.00348,0.003427,0.003447,363108690.0
1655355600000,0.003447,0.00346,0.003419,0.003427,184578088.0
1655359200000,0.003417,0.00342,0.003376,0.003393,62858744.0
1655362800000,0.00339,0.003407,0.00336,0.00336,3139084.0
1655366400000,0.003371,0.003412,0.003359,0.003403,14986220.0
1655370000000,0.0034,0.003411,0.00328,0.003303,215621212.0
1655373600000,0.00331,0.00331,0.003257,0.003303,10409790.0
1655377200000,0.003291,0.003311,0.003281,0.003298,26931365.0
1655380800000,0.003298,0.003381,0.003279,0.00335,282783201.0
1655384400000,0.003345,0.003379,0.003254,0.003267,1335598837.0
1655388000000,0.003252,0.003295,0.0032,0.003268,1712776171.0
1655391600000,0.003259,0.003381,0.003257,0.003308,1178605295.0
1655395200000,0.003283,0.00339,0.003282,0.003355,1992587875.0
1655398800000,0.003358,0.003385,0.003345,0.003364,1562242.0
1655402400000,0.003351,0.003368,0.003336,0.003359,89539410.0
1655406000000,0.003343,0.003373,0.003288,0.00331,457355377.0
1655409600000,0.0033,0.003328,0.003252,0.003308,245761151.0
1655413200000,0.003298,0.003331,0.003286,0.003301,884917873.0
1655416800000,0.003301,0.003325,0.003201,0.00321,1133422121.0
1655420400000,0.003209,0.003258,0.003153,0.003204,794929602.0
1655424000000,0.0032,0.003281,0.003173,0.003226,570430116.0
1655427600000,0.003226,0.003395,0.003211,0.003351,875879697.0
1655431200000,0.003359,0.003395,0.003307,0.003352,967396267.0
1655434800000,0.003359,0.003392,0.00331,0.003326,526039799.0
1655438400000,0.003313,0.003355,0.003309,0.003321,146108041.0
1655442000000,0.003316,0.003356,0.003316,0.003337,126534671.0
1655445600000,0.003329,0.003371,0.00328,0.003356,613477202.0
1655449200000,0.003356,0.003391,0.003337,0.00338,103964936.0
1655452800000,0.003373,0.003401,0.00334,0.003356,262159744.0
1655456400000,0.003358,0.003379,0.003325,0.003348,216014536.0
1655460000000,0.003367,0.003388,0.003343,0.003379,12057817.0
1655463600000,0.003379,0.003464,0.003368,0.003436,28220073.0
1655467200000,0.003419,0.003438,0.003324,0.003345,84527520.0
1655470800000,0.003345,0.003411,0.003332,0.003396,99057403.0
1655474400000,0.003396,0.003405,0.003329,0.003343,126789194.0
1655478000000,0.003341,0.003399,0.003328,0.003361,75010838.0
1655481600000,0.003345,0.003372,0.003322,0.003331,95049578.0
1655485200000,0.003337,0.003378,0.003324,0.003344,181974610.0
1655488800000,0.003345,0.00337,0.003345,0.00337,4416760.0
1655492400000,0.003366,0.003374,0.003335,0.00336,250372421.0
1655496000000,0.003357,0.003398,0.003347,0.003386,101200358.0
1655499600000,0.003386,0.003394,0.003335,0.003337,238211564.0
1655503200000,0.003336,0.003346,0.003293,0.003328,107988175.0
1655506800000,0.003326,0.003352,0.003324,0.00333,24459646.0
1655510400000,0.003308,0.003376,0.003307,0.003346,78956639.0
1655514000000,0.003345,0.003345,0.003252,0.003265,110567168.0
1655517600000,0.003257,0.003264,0.00324,0.00326,6272222.0
1655521200000,0.003264,0.003275,0.003254,0.003262,8597662.0
1655524800000,0.003265,0.003274,0.003251,0.003266,8115022.0
1655528400000,0.003256,0.003287,0.003251,0.003251,39156944.0
1655532000000,0.003261,0.003274,0.003101,0.003146,227305265.0
1655535600000,0.003149,0.003176,0.003009,0.003034,723867286.0
1655539200000,0.003028,0.003086,0.002964,0.003005,874633449.0
1655542800000,0.003001,0.003068,0.002996,0.003035,177939437.0
1655546400000,0.003038,0.003121,0.003029,0.003098,298035729.0
1655550000000,0.003098,0.003098,0.003048,0.003048,43751686.0
1655553600000,0.003051,0.003066,0.00304,0.003048,19464167.0
1655557200000,0.003048,0.003066,0.003015,0.003039,98242129.0
1655560800000,0.003035,0.003081,0.002992,0.003008,179656479.0
1655564400000,0.003004,0.003008,0.002975,0.002991,63543207.0
1655568000000,0.002974,0.003006,0.002944,0.002951,150461356.0
1655571600000,0.002959,0.003005,0.002903,0.002921,633285144.0
1655575200000,0.002921,0.002944,0.002881,0.002921,471675934.0
1655578800000,0.002912,0.002968,0.002859,0.002862,1008118581.0
1655582400000,0.002861,0.002887,0.002787,0.002845,369143603.0
1655586000000,0.002838,0.002998,0.002819,0.002979,89434333.0
1655589600000,0.002963,0.003052,0.002962,0.003035,68957522.0
1655593200000,0.003035,0.003052,0.002996,0.00301,37185985.0
1655596800000,0.002997,0.003051,0.002983,0.002985,39194836.0
1655600400000,0.002997,0.003009,0.002934,0.002952,6401999.0
1655604000000,0.002929,0.002958,0.0029,0.002943,7659319.0
1655607600000,0.002929,0.002997,0.002913,0.002915,19865890.0
1655611200000,0.002911,0.002962,0.002911,0.002934,39424261.0
1655614800000,0.002943,0.002958,0.002847,0.002875,37044517.0
1655618400000,0.002881,0.002938,0.002852,0.002901,7117648.0
1655622000000,0.002902,0.003021,0.002902,0.002966,91925170.0
1655625600000,0.002962,0.002999,0.002922,0.002975,52579844.0
1655629200000,0.002973,0.003069,0.002957,0.003049,47564272.0
1655632800000,0.00305,0.003213,0.003047,0.003188,126249053.0
1655636400000,0.003167,0.003265,0.003154,0.003161,61462423.0
1655640000000,0.003175,0.003223,0.00312,0.003158,85367476.0
1655643600000,0.003147,0.003181,0.003134,0.003143,60166421.0
1655647200000,0.003144,0.003191,0.003118,0.003178,127108883.0
1655650800000,0.003181,0.003229,0.00315,0.003224,130072689.0
1655654400000,0.003209,0.003285,0.003196,0.003217,76376510.0
1655658000000,0.003218,0.003239,0.003156,0.003204,80276151.0
1655661600000,0.003199,0.003347,0.003199,0.003332,520120655.0
1655665200000,0.003332,0.003362,0.003266,0.003315,234856089.0
1655668800000,0.003324,0.003391,0.003276,0.003346,188004741.0
1655672400000,0.00333,0.00333,0.003241,0.003241,18577125.0
1655676000000,0.003241,0.003282,0.003226,0.003239,49613820.0
1655679600000,0.003237,0.003331,0.003235,0.003289,103710005.0
1655683200000,0.003288,0.003293,0.003175,0.003182,119031896.0
1655686800000,0.003185,0.003225,0.003177,0.003221,29985016.0
1655690400000,0.00322,0.003251,0.003177,0.003208,73082002.0
1655694000000,0.003208,0.003267,0.003206,0.003256,52242134.0
1655697600000,0.00325,0.003254,0.003202,0.003215,3414944.0
1655701200000,0.003207,0.003248,0.003189,0.003245,20246007.0
1655704800000,0.003238,0.003291,0.003225,0.003266,37280428.0
1655708400000,0.003274,0.003274,0.003218,0.003262,36667841.0
1655712000000,0.00325,0.003361,0.003246,0.003299,108191700.0
1655715600000,0.003303,0.003359,0.003293,0.003293,102830822.0
1655719200000,0.003295,0.003386,0.00329,0.003355,56704149.0
1655722800000,0.003368,0.003374,0.003341,0.003358,34866865.0
1655726400000,0.00335,0.003383,0.003295,0.003318,125031104.0
1655730000000,0.003313,0.003348,0.003276,0.003304,58161561.0
1655733600000,0.003302,0.003376,0.003302,0.003353,40572544.0
1655737200000,0.003353,0.003372,0.003294,0.003356,67891741.0
1655740800000,0.003344,0.003351,0.00326,0.00326,59936979.0
1655744400000,0.003271,0.003338,0.003264,0.003278,256450349.0
1655748000000,0.003261,0.003262,0.0032,0.003247,251132365.0
1655751600000,0.003231,0.003381,0.003219,0.003275,558425055.0
1655755200000,0.003263,0.003334,0.00326,0.003329,9065053.0
1655758800000,0.00331,0.003321,0.003266,0.003266,440894.0
1655762400000,0.003264,0.00328,0.003233,0.003263,89477.0
1655766000000,0.003276,0.003341,0.003271,0.003334,333501.0
1655769600000,0.003308,0.003332,0.003243,0.003316,369080.0
1655773200000,0.003321,0.003348,0.003292,0.003306,173907.0
1655776800000,0.003329,0.003329,0.003273,0.003298,680807.0
1655780400000,0.003304,0.003348,0.003303,0.003342,1683549.0
1655784000000,0.00335,0.003366,0.003312,0.00334,1124166.0
1655787600000,0.003353,0.003417,0.003348,0.003399,1190979.0
1655791200000,0.003399,0.003486,0.003394,0.003428,7686801.0
1655794800000,0.00343,0.003435,0.00339,0.00339,1414478.0
1655798400000,0.003408,0.00348,0.003404,0.003473,57779094.0
1655802000000,0.003473,0.003475,0.003435,0.003442,61580377.0
1655805600000,0.003451,0.00347,0.003431,0.00347,57530035.0
1655809200000,0.00346,0.003474,0.003381,0.003385,159393665.0
1655812800000,0.003377,0.003442,0.003348,0.003422,412772345.0
1655816400000,0.003422,0.003489,0.003405,0.003485,709709916.0
1655820000000,0.003476,0.003495,0.003447,0.003487,218191748.0
1655823600000,0.003479,0.00348,0.003413,0.003437,422991593.0
1655827200000,0.003438,0.003494,0.003438,0.003446,365816736.0
1655830800000,0.003442,0.003455,0.003404,0.003408,120916534.0
1655834400000,0.003417,0.003433,0.003374,0.003405,242876879.0
1655838000000,0.003384,0.003488,0.003333,0.003356,1515301689.0
1655841600000,0.00335,0.00338,0.003298,0.003326,10909980.0
1655845200000,0.003335,0.00339,0.003331,0.003358,2253242.0
1655848800000,0.003363,0.003421,0.00336,0.003412,3105679.0
1655852400000,0.00341,0.003481,0.003368,0.003392,1797475.0
1655856000000,0.00338,0.003393,0.003337,0.003384,332645.0
1655859600000,0.00335,0.003451,0.003328,0.003364,681939.0
1655863200000,0.003327,0.003343,0.003308,0.003325,506067.0
1655866800000,0.003327,0.003362,0.003258,0.003281,6505598.0
1655870400000,0.003311,0.003315,0.003298,0.003315,398366.0
1655874000000,0.003336,0.003344,0.003304,0.003304,875922.0
1655877600000,0.003308,0.00332,0.003238,0.003265,2542171.0
1655881200000,0.00325,0.003253,0.003201,0.003207,4752781.0
1655884800000,0.003212,0.003255,0.003209,0.003254,838266.0
1655888400000,0.003265,0.003351,0.003265,0.003318,1348732.0
1655892000000,0.003317,0.003394,0.003286,0.003307,18983071.0
1655895600000,0.003305,0.003377,0.003305,0.003329,13450370.0
1655899200000,0.003319,0.003371,0.003279,0.003295,26730455.0
1655902800000,0.003299,0.003376,0.003289,0.003365,20638579.0
1655906400000,0.00337,0.003392,0.003356,0.003374,12522228.0
1655910000000,0.003377,0.003383,0.003309,0.003326,35839217.0
1655913600000,0.003326,0.003367,0.0033,0.003367,16758163.0
1655917200000,0.003344,0.003363,0.003308,0.003328,10477798.0
1655920800000,0.003306,0.003357,0.003304,0.003338,76559701.0
1655924400000,0.00333,0.00334,0.00328,0.003302,23965461.0
1655928000000,0.003281,0.003323,0.003224,0.003299,85737335.0
1655931600000,0.003301,0.003348,0.003207,0.003259,119202743.0
1655935200000,0.003247,0.003268,0.003223,0.00326,44206788.0
1655938800000,0.003254,0.003263,0.003207,0.003246,28035038.0
1655942400000,0.003237,0.003322,0.003219,0.003297,42300022.0
1655946000000,0.003298,0.003326,0.00329,0.003303,13134720.0
1655949600000,0.00331,0.003315,0.003269,0.003292,24944376.0
1655953200000,0.003283,0.003296,0.003264,0.00327,5656447.0
1655956800000,0.00327,0.003319,0.003258,0.003309,19829338.0
1655960400000,0.003306,0.003333,0.003289,0.003321,3757613.0
1655964000000,0.003294,0.003361,0.003292,0.003344,14378848.0
1655967600000,0.003344,0.003387,0.003313,0.003318,24409457.0
1655971200000,0.00332,0.003358,0.003319,0.00334,7429154.0
1655974800000,0.003345,0.0034,0.003321,0.003354,23109169.0
1655978400000,0.003369,0.003369,0.003347,0.003361,7178204.0
1655982000000,0.003342,0.003361,0.003315,0.003338,14442868.0
1655985600000,0.003338,0.003377,0.003317,0.003327,31692595.0
1655989200000,0.003326,0.003373,0.003319,0.003326,40549533.0
1655992800000,0.003331,0.003452,0.003324,0.003416,117890470.0
1655996400000,0.003412,0.003479,0.003346,0.003391,85661062.0
1656000000000,0.003373,0.003385,0.003342,0.003373,34940126.0
1656003600000,0.003352,0.003461,0.003336,0.003435,60314252.0
1656007200000,0.003412,0.003761,0.003412,0.003544,383882714.0
1656010800000,0.003527,0.003637,0.003501,0.003555,345546606.0
1656014400000,0.003555,0.00359,0.003518,0.003525,221945011.0
1656018000000,0.003525,0.003598,0.003501,0.003572,685012814.0
1656021600000,0.003576,0.003615,0.00356,0.00356,336200372.0
1656025200000,0.003562,0.0036,0.003533,0.003541,178368252.0
1656028800000,0.003536,0.003594,0.003525,0.003562,153787111.0
1656032400000,0.00356,0.00359,0.003515,0.003515,77971778.0
1656036000000,0.003522,0.003564,0.003514,0.003523,32275023.0
1656039600000,0.003531,0.003531,0.003505,0.003513,4550876.0
1656043200000,0.003523,0.003554,0.003506,0.00352,15629979.0
1656046800000,0.00352,0.003538,0.003504,0.003506,8944937.0
1656050400000,0.003504,0.003504,0.003436,0.003436,14637749.0
1656054000000,0.00344,0.00349,0.003425,0.00348,35944230.0
1656057600000,0.003477,0.003515,0.003477,0.003508,3647219.0
1656061200000,0.003508,0.003545,0.003485,0.003485,13566141.0
1656064800000,0.003483,0.003511,0.003469,0.003503,10367650.0
1656068400000,0.003512,0.003585,0.003505,0.003537,26919356.0
1656072000000,0.003536,0.003595,0.003534,0.003553,16141092.0
1656075600000,0.003551,0.003585,0.003513,0.003527,21070332.0
1656079200000,0.003523,0.003583,0.003523,0.003537,22174147.0
1656082800000,0.003527,0.003527,0.00348,0.003516,6927861.0
1656086400000,0.003524,0.003535,0.003501,0.003524,12858386.0
1656090000000,0.003529,0.003571,0.003522,0.003527,8600049.0
1656093600000,0.003523,0.003594,0.003508,0.003576,32789954.0
1656097200000,0.003581,0.003647,0.003558,0.003581,36743975.0
1656100800000,0.003594,0.003618,0.00358,0.003588,23914739.0
1656104400000,0.003586,0.003623,0.003583,0.003621,7882669.0
1656108000000,0.003621,0.003669,0.003579,0.003591,39092396.0
1656111600000,0.003591,0.003621,0.003563,0.003563,21140432.0
1656115200000,0.003568,0.003574,0.003533,0.003557,25906109.0
1656118800000,0.003554,0.003591,0.003535,0.00358,13741938.0
1656122400000,0.003579,0.003579,0.00355,0.00355,1237110.0
1656126000000,0.003535,0.003647,0.003534,0.003635,69080073.0
1656129600000,0.003637,0.00366,0.003628,0.003646,13534789.0
1656133200000,0.003648,0.003669,0.003634,0.003634,57398907.0
1656136800000,0.00363,0.003646,0.003608,0.003632,55913040.0
1656140400000,0.003637,0.003671,0.003637,0.003654,33100967.0
1656144000000,0.003658,0.003669,0.003627,0.003633,26098320.0
1656147600000,0.00363,0.003673,0.00363,0.003653,10146693.0
1656151200000,0.003653,0.003672,0.003647,0.003672,20914406.0
1656154800000,0.003672,0.003697,0.003658,0.003658,4330609.0
1656158400000,0.003658,0.003669,0.003555,0.003572,51890596.0
1656162000000,0.003572,0.003623,0.003572,0.003586,67326722.0
1656165600000,0.003591,0.003625,0.003564,0.003608,46487341.0
1656169200000,0.0036,0.003669,0.003564,0.003564,126009914.0
1656172800000,0.003562,0.00359,0.00356,0.003582,22322230.0
1656176400000,0.003574,0.003589,0.00353,0.00358,40725416.0
1656180000000,0.00358,0.003598,0.003574,0.003598,11400733.0
1656183600000,0.003593,0.003619,0.003586,0.003586,1162869.0
1656187200000,0.003586,0.003602,0.003573,0.003583,18489632.0
1656190800000,0.003594,0.00364,0.003592,0.003611,34480454.0
1656194400000,0.003613,0.003614,0.003591,0.003591,9142806.0
1656198000000,0.003583,0.00359,0.003578,0.003586,541470.0
1656201600000,0.003588,0.003588,0.003561,0.00357,29183412.0
1656205200000,0.003577,0.003579,0.003515,0.003528,23111355.0
1656208800000,0.003528,0.003542,0.003524,0.003532,1363032.0
1656212400000,0.003535,0.003567,0.003535,0.003554,891322.0
1656216000000,0.003558,0.003573,0.003548,0.003573,53966732.0
1656219600000,0.003568,0.003575,0.00356,0.003573,444636.0
1656223200000,0.003572,0.003639,0.00355,0.003609,71955675.0
1656226800000,0.003601,0.003605,0.003586,0.003597,151614.0
1656230400000,0.003605,0.00362,0.003605,0.003607,13363430.0
1656234000000,0.003613,0.003635,0.003604,0.003611,68286430.0
1656237600000,0.003614,0.003652,0.003605,0.003629,32200765.0
1656241200000,0.003632,0.003679,0.003588,0.003664,90833410.0
1656244800000,0.003675,0.00373,0.003618,0.003618,117471668.0
1656248400000,0.003618,0.003626,0.003602,0.003622,101644781.0
1656252000000,0.003622,0.003645,0.003622,0.003634,1589196.0
1656255600000,0.003632,0.003632,0.003585,0.00362,99548638.0
1656259200000,0.003624,0.003644,0.003601,0.003625,101877920.0
1656262800000,0.003614,0.003635,0.003607,0.00362,87385030.0
1656266400000,0.003621,0.003621,0.003538,0.003553,112225305.0
1656270000000,0.003553,0.003602,0.003553,0.003589,25808657.0
1656273600000,0.003587,0.003617,0.003584,0.003617,25325201.0
1656277200000,0.003624,0.003633,0.003595,0.003608,37490364.0
1656280800000,0.003597,0.003606,0.00352,0.003531,138355804.0
1656284400000,0.003529,0.003532,0.003507,0.003508,39716188.0
1656288000000,0.003508,0.003539,0.003508,0.003537,98011522.0
1656291600000,0.003537,0.00356,0.003532,0.003553,49799991.0
1656295200000,0.003559,0.003588,0.003548,0.003575,64713761.0
1656298800000,0.003568,0.003579,0.00356,0.003577,36643924.0
1656302400000,0.003577,0.003595,0.00357,0.003595,1046301.0
1656306000000,0.003591,0.003592,0.003562,0.003563,37078193.0
1656309600000,0.003545,0.003568,0.003544,0.003565,25564357.0
1656313200000,0.003565,0.003605,0.003565,0.003597,36978605.0
1656316800000,0.003598,0.003659,0.003597,0.003629,187672186.0
1656320400000,0.003627,0.003829,0.003625,0.00377,377388890.0
1656324000000,0.003776,0.003839,0.003686,0.003695,440144219.0
1656327600000,0.003695,0.003792,0.003695,0.003721,416960525.0
1656331200000,0.003714,0.00414,0.003714,0.003985,2128542319.0
1656334800000,0.003985,0.004007,0.003688,0.003744,3172877275.0
1656338400000,0.003729,0.003879,0.003659,0.003792,1638184484.0
1656342000000,0.00379,0.00382,0.003708,0.00374,12104541.0
1656345600000,0.003759,0.003759,0.003649,0.003682,20774633.0
1656349200000,0.003682,0.003777,0.00368,0.003733,107614496.0
1656352800000,0.003734,0.0039,0.003672,0.003745,380628669.0
1656356400000,0.003748,0.003928,0.003721,0.003789,711715888.0
1656360000000,0.003789,0.003821,0.003755,0.003778,98711532.0
1656363600000,0.003783,0.003809,0.003757,0.003794,752798154.0
1656367200000,0.00379,0.00385,0.00378,0.003838,274942419.0
1656370800000,0.003845,0.003847,0.0038,0.003801,40424874.0
1656374400000,0.003804,0.003833,0.003723,0.003742,224417159.0
1656378000000,0.003726,0.003767,0.003681,0.003695,125645529.0
1656381600000,0.003682,0.003716,0.003657,0.00371,125174212.0
1656385200000,0.003713,0.003748,0.003704,0.003732,173466072.0
1656388800000,0.003726,0.003737,0.003722,0.003732,3468156.0
1656392400000,0.003724,0.003731,0.003673,0.003683,42716803.0
1656396000000,0.003675,0.003724,0.003675,0.003711,5930890.0
1656399600000,0.00371,0.003728,0.003703,0.003708,8027174.0
1656403200000,0.003708,0.003764,0.003708,0.003758,17581282.0
1656406800000,0.003758,0.003782,0.003704,0.003709,22542411.0
1656410400000,0.003715,0.003737,0.0037,0.003716,30810868.0
1656414000000,0.003713,0.003735,0.003703,0.003718,9930209.0
1656417600000,0.003718,0.003746,0.003712,0.003719,29397151.0
1656421200000,0.003714,0.003737,0.003714,0.003725,29078995.0
1656424800000,0.003726,0.003726,0.003587,0.00361,60990413.0
1656428400000,0.003612,0.003615,0.003566,0.003579,40655425.0
1656432000000,0.003579,0.003593,0.003566,0.003581,22110833.0
1656435600000,0.003587,0.003597,0.003554,0.003554,57785045.0
1656439200000,0.003555,0.003565,0.003487,0.003489,153816810.0
1656442800000,0.003492,0.003506,0.00348,0.003483,23136030.0
1656446400000,0.00349,0.003492,0.003463,0.003463,63744492.0
1656450000000,0.003473,0.003502,0.003439,0.003468,66249762.0
1656453600000,0.00347,0.003483,0.003385,0.003404,87156214.0
1656457200000,0.0034,0.003412,0.003367,0.003389,88811140.0
1656460800000,0.00338,0.003436,0.003374,0.003387,128882747.0
1656464400000,0.00339,0.003418,0.003379,0.003402,21735613.0
1656468000000,0.003402,0.003458,0.003399,0.00345,44394055.0
1656471600000,0.00345,0.003489,0.00342,0.003434,58165017.0
1656475200000,0.003433,0.00344,0.00342,0.003424,17406613.0
1656478800000,0.003422,0.003445,0.003409,0.003426,36044973.0
1656482400000,0.003424,0.003427,0.003394,0.003408,47899846.0
1656486000000,0.003406,0.003509,0.003395,0.003466,138664628.0
1656489600000,0.003467,0.003496,0.003456,0.003459,35662638.0
1656493200000,0.003463,0.003487,0.003457,0.003478,19745349.0
1656496800000,0.003477,0.003508,0.003457,0.003492,82219690.0
1656500400000,0.003492,0.003499,0.003457,0.003467,36614149.0
1656504000000,0.003466,0.003466,0.003407,0.003408,16868552.0
1656507600000,0.003412,0.003444,0.003402,0.003425,65602071.0
1656511200000,0.003427,0.003498,0.003402,0.003456,101909735.0
1656514800000,0.003456,0.003456,0.003421,0.003434,35413824.0
1656518400000,0.003422,0.003446,0.003414,0.003424,106710208.0
1656522000000,0.003421,0.003452,0.003403,0.003421,71530435.0
1656525600000,0.003424,0.003443,0.003413,0.003441,24272269.0
1656529200000,0.003441,0.003755,0.003437,0.003655,378842143.0
1656532800000,0.003634,0.003873,0.003478,0.003492,590431598.0
1656536400000,0.003496,0.0035,0.003467,0.003467,18656439.0
1656540000000,0.003466,0.003466,0.003425,0.003436,13616158.0
1656543600000,0.003434,0.003434,0.003395,0.0034,12557461.0
1656547200000,0.003407,0.003426,0.003396,0.003401,17549652.0
1656550800000,0.003398,0.003403,0.003357,0.003358,28926277.0
1656554400000,0.003358,0.00339,0.00335,0.003365,37068605.0
1656558000000,0.00337,0.003371,0.003341,0.003353,13431908.0
1656561600000,0.003355,0.003371,0.003347,0.00335,10542477.0
1656565200000,0.003358,0.00338,0.003349,0.003367,29655878.0
1656568800000,0.003371,0.003375,0.003259,0.003261,51190202.0
1656572400000,0.003268,0.003297,0.003255,0.003271,108222344.0
1656576000000,0.003282,0.003286,0.0032,0.00321,74046482.0
1656579600000,0.003207,0.003231,0.003172,0.003219,165711742.0
1656583200000,0.003227,0.003232,0.0032,0.003216,34500604.0
1656586800000,0.003217,0.003235,0.003191,0.003206,38443880.0
1656590400000,0.003203,0.003262,0.00319,0.003241,39149761.0
1656594000000,0.003243,0.003251,0.003181,0.00319,81198573.0
1656597600000,0.003185,0.003214,0.003183,0.003209,64166906.0
1656601200000,0.003212,0.003268,0.003212,0.003241,80198080.0
1656604800000,0.003242,0.003277,0.0032,0.003247,74619541.0
1656608400000,0.003248,0.003265,0.0032,0.003252,35591611.0
1656612000000,0.003253,0.003253,0.003193,0.00321,18487218.0
1656615600000,0.003207,0.003246,0.003179,0.003204,80331801.0
1656619200000,0.003204,0.003228,0.003188,0.003205,56244586.0
1656622800000,0.003205,0.003225,0.003193,0.003213,151831492.0
1656626400000,0.003199,0.003214,0.003182,0.00321,51572202.0
1656630000000,0.003195,0.003272,0.003185,0.003271,62679729.0
1656633600000,0.003264,0.003373,0.003259,0.003336,133079674.0
1656637200000,0.003339,0.003372,0.003322,0.003348,42810008.0
1656640800000,0.003349,0.00337,0.003327,0.003331,28777253.0
1656644400000,0.003334,0.003334,0.003236,0.003245,9546598.0
1656648000000,0.003234,0.003236,0.00321,0.00321,5365790.0
1656651600000,0.003202,0.003206,0.003192,0.003197,10464353.0
1656655200000,0.0032,0.003216,0.003194,0.003213,7063181.0
1656658800000,0.003216,0.003302,0.003214,0.003282,7890639.0
1656662400000,0.003281,0.003306,0.003247,0.003247,6822224.0
1656666000000,0.003255,0.003266,0.003246,0.003252,7521279.0
1656669600000,0.003246,0.003267,0.003192,0.003199,21250173.0
1656673200000,0.003196,0.003356,0.003179,0.0033,65430873.0
1656676800000,0.003295,0.003296,0.003251,0.003251,23157228.0
1656680400000,0.00325,0.003335,0.00325,0.003306,47784955.0
1656684000000,0.003305,0.003354,0.003275,0.003328,52297933.0
1656687600000,0.00333,0.00334,0.003295,0.0033,38515105.0
1656691200000,0.00331,0.003345,0.003305,0.003336,30119166.0
1656694800000,0.00333,0.003338,0.003303,0.003309,25472850.0
1656698400000,0.003311,0.003337,0.00331,0.00333,18713412.0
1656702000000,0.003325,0.003377,0.003316,0.003376,19440989.0
1656705600000,0.003377,0.003421,0.003339,0.003339,50506243.0
1656709200000,0.00334,0.003357,0.003323,0.003339,10940626.0
1656712800000,0.003331,0.003331,0.003285,0.003285,7604568.0
1656716400000,0.003282,0.003321,0.00328,0.003299,6292466.0
1656720000000,0.003296,0.003306,0.003286,0.003293,1352532.0
1656723600000,0.003294,0.003301,0.00327,0.003288,2464677.0
1656727200000,0.003285,0.003288,0.00326,0.003275,4477026.0
1656730800000,0.003275,0.003277,0.003252,0.003254,1396483.0
1656734400000,0.003253,0.003282,0.003248,0.00328,5439697.0
1656738000000,0.00328,0.003291,0.00327,0.00328,4208182.0
1656741600000,0.003282,0.003388,0.003266,0.003386,19937736.0
1656745200000,0.00339,0.003554,0.003322,0.00333,67577860.0
1656748800000,0.003329,0.003346,0.003301,0.003303,4456380.0
1656752400000,0.003304,0.00331,0.003285,0.003297,7851854.0
1656756000000,0.003297,0.003332,0.003287,0.003332,7592464.0
1656759600000,0.003331,0.003353,0.003307,0.003353,15244446.0
1656763200000,0.003355,0.003395,0.003333,0.00339,19831019.0
1656766800000,0.003386,0.003415,0.003371,0.003411,33432621.0
1656770400000,0.003415,0.003431,0.003387,0.003392,17438581.0
1656774000000,0.00339,0.003398,0.00337,0.00338,21144369.0
1656777600000,0.003383,0.003394,0.003369,0.003387,10157858.0
1656781200000,0.003383,0.003396,0.003379,0.003381,5866495.0
1656784800000,0.003381,0.0035,0.003359,0.00337,39734475.0
1656788400000,0.003383,0.003383,0.003325,0.003348,6291121.0
