1593561600000,3.65e-06,3.66e-06,3.63e-06,3.66e-06,137643.0
1593565200000,3.66e-06,3.66e-06,3.63e-06,3.64e-06,73316.0
1593568800000,3.64e-06,3.65e-06,3.62e-06,3.65e-06,73762.0
1593572400000,3.65e-06,3.65e-06,3.62e-06,3.64e-06,105194.0
1593576000000,3.64e-06,3.66e-06,3.62e-06,3.63e-06,178175.0
1593579600000,3.63e-06,3.64e-06,3.6e-06,3.61e-06,377975.0
1593583200000,3.6e-06,3.63e-06,3.59e-06,3.61e-06,139986.0
1593586800000,3.62e-06,3.64e-06,3.6e-06,3.64e-06,184917.0
1593590400000,3.63e-06,3.64e-06,3.62e-06,3.63e-06,37963.0
1593594000000,3.64e-06,3.65e-06,3.62e-06,3.65e-06,50924.0
1593597600000,3.65e-06,3.66e-06,3.63e-06,3.65e-06,134715.0
1593601200000,3.65e-06,3.65e-06,3.63e-06,3.63e-06,145341.0
1593604800000,3.64e-06,3.66e-06,3.64e-06,3.65e-06,166098.0
1593608400000,3.65e-06,3.68e-06,3.64e-06,3.66e-06,353222.0
1593612000000,3.66e-06,3.66e-06,3.64e-06,3.66e-06,73556.0
1593615600000,3.66e-06,3.68e-06,3.62e-06,3.66e-06,414619.0
1593619200000,3.65e-06,3.67e-06,3.65e-06,3.66e-06,103334.0
1593622800000,3.66e-06,3.67e-06,3.64e-06,3.66e-06,57245.0
1593626400000,3.65e-06,3.67e-06,3.64e-06,3.65e-06,141688.0
1593630000000,3.66e-06,3.67e-06,3.65e-06,3.65e-06,44427.0
1593633600000,3.65e-06,3.66e-06,3.65e-06,3.65e-06,101060.0
1593637200000,3.65e-06,3.67e-06,3.64e-06,3.64e-06,77616.0
1593640800000,3.67e-06,3.67e-06,3.65e-06,3.65e-06,107419.0
1593644400000,3.66e-06,3.68e-06,3.62e-06,3.64e-06,435317.0
1593648000000,3.63e-06,3.66e-06,3.63e-06,3.63e-06,89143.0
1593651600000,3.64e-06,3.66e-06,3.63e-06,3.66e-06,79325.0
1593655200000,3.66e-06,3.66e-06,3.62e-06,3.64e-06,86081.0
1593658800000,3.64e-06,3.64e-06,3.6e-06,3.63e-06,517687.0
1593662400000,3.64e-06,3.66e-06,3.63e-06,3.66e-06,257909.0
1593666000000,3.66e-06,3.66e-06,3.63e-06,3.64e-06,56736.0
1593669600000,3.63e-06,3.66e-06,3.63e-06,3.64e-06,65054.0
1593673200000,3.65e-06,3.66e-06,3.63e-06,3.63e-06,48411.0
1593676800000,3.64e-06,3.64e-06,3.62e-06,3.64e-06,186373.0
1593680400000,3.64e-06,3.64e-06,3.62e-06,3.63e-06,58414.0
1593684000000,3.64e-06,3.66e-06,3.63e-06,3.66e-06,255942.0
1593687600000,3.66e-06,3.67e-06,3.65e-06,3.66e-06,232140.0
1593691200000,3.66e-06,3.67e-06,3.64e-06,3.64e-06,357063.0
1593694800000,3.65e-06,3.67e-06,3.64e-06,3.65e-06,178075.0
1593698400000,3.65e-06,3.67e-06,3.65e-06,3.67e-06,41832.0
1593702000000,3.67e-06,3.67e-06,3.62e-06,3.64e-06,344471.0
1593705600000,3.63e-06,3.63e-06,3.59e-06,3.61e-06,471267.0
1593709200000,3.61e-06,3.63e-06,3.6e-06,3.63e-06,171954.0
1593712800000,3.63e-06,3.63e-06,3.61e-06,3.63e-06,130371.0
1593716400000,3.63e-06,3.65e-06,3.62e-06,3.64e-06,358618.0
1593720000000,3.63e-06,3.65e-06,3.63e-06,3.65e-06,119167.0
1593723600000,3.65e-06,3.65e-06,3.64e-06,3.64e-06,177258.0
1593727200000,3.64e-06,3.66e-06,3.64e-06,3.65e-06,74251.0
1593730800000,3.64e-06,3.66e-06,3.64e-06,3.66e-06,13685.0
1593734400000,3.65e-06,3.66e-06,3.64e-06,3.66e-06,113244.0
1593738000000,3.66e-06,3.7e-06,3.63e-06,3.68e-06,1364579.0
1593741600000,3.69e-06,3.69e-06,3.67e-06,3.68e-06,213191.0
1593745200000,3.68e-06,3.69e-06,3.66e-06,3.68e-06,139455.0
1593748800000,3.69e-06,3.7e-06,3.67e-06,3.69e-06,164226.0
1593752400000,3.69e-06,3.7e-06,3.67e-06,3.69e-06,107125.0
1593756000000,3.68e-06,3.69e-06,3.67e-06,3.68e-06,23229.0
1593759600000,3.67e-06,3.68e-06,3.66e-06,3.68e-06,75122.0
1593763200000,3.67e-06,3.7e-06,3.67e-06,3.69e-06,118207.0
1593766800000,3.69e-06,3.7e-06,3.68e-06,3.69e-06,69901.0
1593770400000,3.7e-06,3.71e-06,3.68e-06,3.71e-06,177585.0
1593774000000,3.71e-06,3.71e-06,3.68e-06,3.69e-06,84650.0
1593777600000,3.68e-06,3.7e-06,3.65e-06,3.68e-06,291033.0
1593781200000,3.68e-06,3.69e-06,3.66e-06,3.69e-06,306564.0
1593784800000,3.68e-06,3.69e-06,3.65e-06,3.66e-06,177803.0
1593788400000,3.67e-06,3.68e-06,3.64e-06,3.67e-06,187875.0
1593792000000,3.67e-06,3.68e-06,3.65e-06,3.68e-06,56958.0
1593795600000,3.68e-06,3.69e-06,3.65e-06,3.66e-06,107317.0
1593799200000,3.68e-06,3.68e-06,3.65e-06,3.67e-06,32660.0
1593802800000,3.66e-06,3.67e-06,3.65e-06,3.66e-06,64388.0
1593806400000,3.65e-06,3.68e-06,3.64e-06,3.66e-06,113800.0
1593810000000,3.66e-06,3.66e-06,3.64e-06,3.66e-06,174356.0
1593813600000,3.66e-06,3.66e-06,3.64e-06,3.66e-06,47084.0
1593817200000,3.65e-06,3.66e-06,3.63e-06,3.65e-06,260630.0
1593820800000,3.65e-06,3.66e-06,3.63e-06,3.66e-06,86180.0
1593824400000,3.66e-06,3.67e-06,3.64e-06,3.67e-06,94710.0
1593828000000,3.66e-06,3.67e-06,3.64e-06,3.66e-06,319220.0
1593831600000,3.66e-06,3.68e-06,3.64e-06,3.66e-06,124200.0
1593835200000,3.66e-06,3.68e-06,3.66e-06,3.68e-06,15934.0
1593838800000,3.68e-06,3.68e-06,3.66e-06,3.67e-06,50214.0
1593842400000,3.67e-06,3.7e-06,3.66e-06,3.69e-06,195500.0
1593846000000,3.69e-06,3.7e-06,3.68e-06,3.7e-06,363062.0
1593849600000,3.7e-06,3.7e-06,3.68e-06,3.69e-06,126529.0
1593853200000,3.7e-06,3.7e-06,3.67e-06,3.7e-06,292700.0
1593856800000,3.69e-06,3.7e-06,3.67e-06,3.67e-06,118441.0
1593860400000,3.68e-06,3.7e-06,3.67e-06,3.69e-06,161248.0
1593864000000,3.69e-06,3.69e-06,3.67e-06,3.69e-06,163016.0
1593867600000,3.69e-06,3.7e-06,3.66e-06,3.69e-06,309617.0
1593871200000,3.68e-06,3.69e-06,3.65e-06,3.68e-06,156236.0
1593874800000,3.68e-06,3.73e-06,3.68e-06,3.73e-06,574511.0
1593878400000,3.73e-06,3.73e-06,3.7e-06,3.73e-06,241109.0
1593882000000,3.73e-06,3.73e-06,3.68e-06,3.68e-06,319563.0
1593885600000,3.68e-06,3.71e-06,3.68e-06,3.71e-06,168700.0
1593889200000,3.71e-06,3.72e-06,3.7e-06,3.71e-06,74283.0
1593892800000,3.7e-06,3.72e-06,3.68e-06,3.7e-06,234091.0
1593896400000,3.7e-06,3.74e-06,3.7e-06,3.74e-06,457400.0
1593900000000,3.74e-06,3.76e-06,3.73e-06,3.75e-06,484004.0
1593903600000,3.75e-06,3.76e-06,3.72e-06,3.75e-06,189556.0
1593907200000,3.75e-06,3.76e-06,3.72e-06,3.73e-06,79089.0
1593910800000,3.74e-06,3.76e-06,3.73e-06,3.73e-06,68955.0
1593914400000,3.74e-06,3.76e-06,3.73e-06,3.75e-06,72997.0
1593918000000,3.74e-06,3.75e-06,3.73e-06,3.74e-06,235549.0
1593921600000,3.75e-06,3.75e-06,3.73e-06,3.73e-06,324248.0
1593925200000,3.73e-06,3.74e-06,3.71e-06,3.72e-06,580734.0
1593928800000,3.71e-06,3.72e-06,3.71e-06,3.72e-06,171562.0
1593932400000,3.72e-06,3.73e-06,3.71e-06,3.72e-06,185564.0
1593936000000,3.73e-06,3.73e-06,3.69e-06,3.69e-06,651416.0
1593939600000,3.69e-06,3.71e-06,3.68e-06,3.68e-06,135331.0
1593943200000,3.7e-06,3.7e-06,3.66e-06,3.68e-06,188173.0
1593946800000,3.68e-06,3.7e-06,3.68e-06,3.68e-06,314288.0
1593950400000,3.68e-06,3.7e-06,3.66e-06,3.69e-06,413559.0
1593954000000,3.69e-06,3.7e-06,3.66e-06,3.7e-06,277674.0
1593957600000,3.7e-06,3.71e-06,3.69e-06,3.7e-06,63189.0
1593961200000,3.7e-06,3.71e-06,3.68e-06,3.7e-06,297384.0
1593964800000,3.7e-06,3.7e-06,3.68e-06,3.7e-06,98044.0
1593968400000,3.69e-06,3.7e-06,3.69e-06,3.7e-06,168544.0
1593972000000,3.7e-06,3.71e-06,3.69e-06,3.71e-06,99895.0
1593975600000,3.7e-06,3.72e-06,3.69e-06,3.72e-06,119305.0
1593979200000,3.72e-06,3.73e-06,3.69e-06,3.72e-06,168967.0
1593982800000,3.72e-06,3.72e-06,3.68e-06,3.7e-06,547791.0
1593986400000,3.71e-06,3.71e-06,3.69e-06,3.71e-06,35346.0
1593990000000,3.71e-06,3.71e-06,3.69e-06,3.69e-06,210065.0
1593993600000,3.7e-06,3.72e-06,3.69e-06,3.7e-06,278380.0
1593997200000,3.7e-06,3.71e-06,3.69e-06,3.69e-06,70392.0
1594000800000,3.71e-06,3.71e-06,3.69e-06,3.71e-06,169623.0
1594004400000,3.71e-06,3.72e-06,3.7e-06,3.7e-06,298181.0
1594008000000,3.71e-06,3.71e-06,3.69e-06,3.7e-06,49546.0
1594011600000,3.71e-06,3.71e-06,3.69e-06,3.71e-06,223447.0
1594015200000,3.7e-06,3.71e-06,3.68e-06,3.69e-06,205156.0
1594018800000,3.69e-06,3.71e-06,3.65e-06,3.69e-06,1106625.0
1594022400000,3.69e-06,3.7e-06,3.68e-06,3.7e-06,104733.0
1594026000000,3.7e-06,3.71e-06,3.67e-06,3.69e-06,337686.0
1594029600000,3.7e-06,3.72e-06,3.66e-06,3.7e-06,923363.0
1594033200000,3.7e-06,3.75e-06,3.69e-06,3.75e-06,1846810.0
1594036800000,3.74e-06,3.8e-06,3.73e-06,3.79e-06,2604922.0
1594040400000,3.78e-06,3.8e-06,3.76e-06,3.78e-06,1001398.0
1594044000000,3.78e-06,3.78e-06,3.75e-06,3.76e-06,1002979.0
1594047600000,3.77e-06,3.77e-06,3.74e-06,3.76e-06,369690.0
1594051200000,3.76e-06,3.78e-06,3.74e-06,3.78e-06,562875.0
1594054800000,3.78e-06,3.79e-06,3.77e-06,3.77e-06,390321.0
1594058400000,3.78e-06,3.8e-06,3.77e-06,3.79e-06,746244.0
1594062000000,3.79e-06,3.81e-06,3.76e-06,3.78e-06,1092470.0
1594065600000,3.78e-06,3.8e-06,3.76e-06,3.77e-06,570451.0
1594069200000,3.77e-06,3.79e-06,3.74e-06,3.79e-06,537963.0
1594072800000,3.79e-06,3.79e-06,3.75e-06,3.77e-06,113768.0
1594076400000,3.77e-06,3.77e-06,3.75e-06,3.75e-06,108024.0
1594080000000,3.76e-06,3.79e-06,3.75e-06,3.77e-06,97444.0
1594083600000,3.77e-06,3.78e-06,3.74e-06,3.74e-06,143952.0
1594087200000,3.75e-06,3.78e-06,3.74e-06,3.76e-06,113878.0
1594090800000,3.76e-06,3.79e-06,3.75e-06,3.77e-06,135629.0
1594094400000,3.78e-06,3.78e-06,3.74e-06,3.77e-06,99963.0
1594098000000,3.77e-06,3.78e-06,3.75e-06,3.77e-06,104583.0
1594101600000,3.76e-06,3.77e-06,3.71e-06,3.72e-06,695007.0
1594105200000,3.72e-06,3.76e-06,3.72e-06,3.75e-06,41004.0
1594108800000,3.74e-06,3.75e-06,3.73e-06,3.75e-06,121437.0
1594112400000,3.74e-06,3.75e-06,3.72e-06,3.75e-06,171384.0
1594116000000,3.74e-06,3.74e-06,3.72e-06,3.73e-06,109889.0
1594119600000,3.74e-06,3.77e-06,3.73e-06,3.75e-06,164741.0
1594123200000,3.76e-06,3.77e-06,3.72e-06,3.75e-06,371932.0
1594126800000,3.75e-06,3.76e-06,3.73e-06,3.76e-06,136275.0
1594130400000,3.74e-06,3.76e-06,3.73e-06,3.75e-06,594173.0
1594134000000,3.75e-06,3.75e-06,3.72e-06,3.73e-06,407290.0
1594137600000,3.74e-06,3.75e-06,3.72e-06,3.75e-06,196168.0
1594141200000,3.75e-06,3.76e-06,3.74e-06,3.75e-06,155439.0
1594144800000,3.76e-06,3.76e-06,3.74e-06,3.74e-06,231201.0
1594148400000,3.74e-06,3.79e-06,3.74e-06,3.79e-06,1072448.0
1594152000000,3.79e-06,3.79e-06,3.75e-06,3.76e-06,232751.0
1594155600000,3.76e-06,3.78e-06,3.74e-06,3.77e-06,782036.0
1594159200000,3.77e-06,3.8e-06,3.76e-06,3.78e-06,844367.0
1594162800000,3.79e-06,3.83e-06,3.78e-06,3.81e-06,1217214.0
1594166400000,3.81e-06,3.82e-06,3.79e-06,3.8e-06,173986.0
1594170000000,3.8e-06,3.81e-06,3.77e-06,3.79e-06,239432.0
1594173600000,3.79e-06,3.8e-06,3.78e-06,3.8e-06,169114.0
1594177200000,3.8e-06,3.83e-06,3.76e-06,3.8e-06,641096.0
1594180800000,3.8e-06,3.81e-06,3.78e-06,3.81e-06,224008.0
1594184400000,3.81e-06,3.81e-06,3.77e-06,3.79e-06,418377.0
1594188000000,3.79e-06,3.82e-06,3.77e-06,3.81e-06,664768.0
1594191600000,3.81e-06,3.85e-06,3.81e-06,3.83e-06,921790.0
1594195200000,3.84e-06,3.84e-06,3.81e-06,3.83e-06,710991.0
1594198800000,3.82e-06,3.86e-06,3.81e-06,3.83e-06,422756.0
1594202400000,3.84e-06,3.87e-06,3.83e-06,3.85e-06,529602.0
1594206000000,3.85e-06,3.87e-06,3.84e-06,3.85e-06,200837.0
1594209600000,3.84e-06,3.85e-06,3.81e-06,3.83e-06,460230.0
1594213200000,3.83e-06,3.83e-06,3.8e-06,3.81e-06,710771.0
1594216800000,3.8e-06,3.81e-06,3.76e-06,3.79e-06,801789.0
1594220400000,3.77e-06,3.81e-06,3.77e-06,3.8e-06,321993.0
1594224000000,3.8e-06,3.81e-06,3.78e-06,3.81e-06,154655.0
1594227600000,3.81e-06,3.81e-06,3.78e-06,3.8e-06,147919.0
1594231200000,3.8e-06,3.83e-06,3.79e-06,3.8e-06,70109.0
1594234800000,3.82e-06,3.82e-06,3.8e-06,3.82e-06,97442.0
1594238400000,3.82e-06,3.83e-06,3.79e-06,3.8e-06,245192.0
1594242000000,3.79e-06,3.82e-06,3.79e-06,3.81e-06,90220.0
1594245600000,3.81e-06,3.82e-06,3.78e-06,3.8e-06,100555.0
1594249200000,3.79e-06,3.82e-06,3.78e-06,3.8e-06,198279.0
1594252800000,3.79e-06,3.81e-06,3.78e-06,3.79e-06,420993.0
1594256400000,3.79e-06,3.82e-06,3.79e-06,3.79e-06,162681.0
1594260000000,3.8e-06,3.83e-06,3.8e-06,3.83e-06,343321.0
1594263600000,3.82e-06,3.83e-06,3.8e-06,3.82e-06,93625.0
1594267200000,3.82e-06,3.82e-06,3.81e-06,3.81e-06,68726.0
1594270800000,3.81e-06,3.84e-06,3.81e-06,3.83e-06,281936.0
1594274400000,3.84e-06,3.84e-06,3.82e-06,3.84e-06,393741.0
1594278000000,3.81e-06,3.83e-06,3.79e-06,3.8e-06,603868.0
1594281600000,3.8e-06,3.82e-06,3.79e-06,3.8e-06,339897.0
1594285200000,3.8e-06,3.81e-06,3.79e-06,3.8e-06,168830.0
1594288800000,3.8e-06,3.82e-06,3.79e-06,3.8e-06,384589.0
1594292400000,3.79e-06,3.83e-06,3.78e-06,3.79e-06,558047.0
1594296000000,3.8e-06,3.81e-06,3.78e-06,3.81e-06,402119.0
1594299600000,3.81e-06,3.81e-06,3.78e-06,3.79e-06,792693.0
1594303200000,3.79e-06,3.8e-06,3.77e-06,3.78e-06,256480.0
1594306800000,3.78e-06,3.78e-06,3.73e-06,3.75e-06,1799175.0
1594310400000,3.74e-06,3.77e-06,3.74e-06,3.76e-06,366184.0
1594314000000,3.76e-06,3.77e-06,3.73e-06,3.76e-06,582262.0
1594317600000,3.76e-06,3.77e-06,3.75e-06,3.75e-06,229448.0
1594321200000,3.76e-06,3.77e-06,3.74e-06,3.76e-06,185274.0
1594324800000,3.76e-06,3.77e-06,3.74e-06,3.76e-06,187077.0
1594328400000,3.76e-06,3.78e-06,3.75e-06,3.78e-06,170808.0
1594332000000,3.78e-06,3.78e-06,3.75e-06,3.78e-06,108009.0
1594335600000,3.76e-06,3.78e-06,3.75e-06,3.77e-06,186291.0
1594339200000,3.77e-06,3.79e-06,3.76e-06,3.79e-06,250942.0
1594342800000,3.79e-06,3.81e-06,3.77e-06,3.79e-06,387964.0
1594346400000,3.79e-06,3.8e-06,3.76e-06,3.8e-06,189815.0
1594350000000,3.8e-06,3.8e-06,3.77e-06,3.79e-06,92851.0
1594353600000,3.79e-06,3.8e-06,3.77e-06,3.78e-06,72813.0
1594357200000,3.77e-06,3.79e-06,3.76e-06,3.77e-06,88818.0
1594360800000,3.76e-06,3.78e-06,3.7e-06,3.75e-06,1317328.0
1594364400000,3.75e-06,3.75e-06,3.71e-06,3.73e-06,373920.0
1594368000000,3.74e-06,3.76e-06,3.73e-06,3.76e-06,228663.0
1594371600000,3.76e-06,3.76e-06,3.74e-06,3.75e-06,537286.0
1594375200000,3.76e-06,3.78e-06,3.75e-06,3.76e-06,459896.0
1594378800000,3.77e-06,3.82e-06,3.76e-06,3.78e-06,1235805.0
1594382400000,3.79e-06,3.79e-06,3.77e-06,3.78e-06,130554.0
1594386000000,3.78e-06,3.79e-06,3.77e-06,3.78e-06,254247.0
1594389600000,3.78e-06,3.79e-06,3.76e-06,3.79e-06,302689.0
1594393200000,3.79e-06,3.81e-06,3.78e-06,3.8e-06,420917.0
1594396800000,3.8e-06,3.8e-06,3.78e-06,3.78e-06,1043736.0
1594400400000,3.78e-06,3.8e-06,3.78e-06,3.8e-06,130561.0
1594404000000,3.79e-06,3.89e-06,3.79e-06,3.88e-06,4440565.0
1594407600000,3.88e-06,3.88e-06,3.83e-06,3.85e-06,1026878.0
1594411200000,3.85e-06,3.85e-06,3.8e-06,3.82e-06,736904.0
1594414800000,3.83e-06,3.85e-06,3.82e-06,3.83e-06,159367.0
1594418400000,3.83e-06,3.88e-06,3.83e-06,3.85e-06,621133.0
1594422000000,3.86e-06,3.9e-06,3.86e-06,3.9e-06,1076273.0
1594425600000,3.9e-06,3.9e-06,3.87e-06,3.87e-06,328137.0
1594429200000,3.88e-06,3.88e-06,3.85e-06,3.87e-06,160321.0
1594432800000,3.86e-06,3.88e-06,3.86e-06,3.87e-06,197349.0
1594436400000,3.87e-06,3.87e-06,3.83e-06,3.85e-06,481234.0
1594440000000,3.85e-06,3.86e-06,3.83e-06,3.85e-06,402370.0
1594443600000,3.84e-06,3.86e-06,3.84e-06,3.85e-06,396194.0
1594447200000,3.84e-06,3.86e-06,3.83e-06,3.86e-06,317625.0
1594450800000,3.85e-06,3.86e-06,3.83e-06,3.84e-06,116692.0
1594454400000,3.84e-06,3.86e-06,3.84e-06,3.86e-06,169526.0
1594458000000,3.86e-06,3.87e-06,3.77e-06,3.82e-06,1595830.0
1594461600000,3.82e-06,3.85e-06,3.82e-06,3.85e-06,410335.0
1594465200000,3.84e-06,3.87e-06,3.84e-06,3.85e-06,649286.0
1594468800000,3.85e-06,3.86e-06,3.82e-06,3.86e-06,492723.0
1594472400000,3.86e-06,3.87e-06,3.82e-06,3.85e-06,548621.0
1594476000000,3.85e-06,3.88e-06,3.83e-06,3.87e-06,336236.0
1594479600000,3.87e-06,3.88e-06,3.84e-06,3.86e-06,328414.0
1594483200000,3.86e-06,3.87e-06,3.84e-06,3.86e-06,472802.0
1594486800000,3.86e-06,3.88e-06,3.85e-06,3.86e-06,336087.0
1594490400000,3.86e-06,3.87e-06,3.84e-06,3.87e-06,251333.0
1594494000000,3.87e-06,3.88e-06,3.85e-06,3.87e-06,622042.0
1594497600000,3.85e-06,3.88e-06,3.85e-06,3.85e-06,183142.0
1594501200000,3.85e-06,3.89e-06,3.84e-06,3.85e-06,1026284.0
1594504800000,3.86e-06,3.86e-06,3.82e-06,3.84e-06,800104.0
1594508400000,3.84e-06,3.86e-06,3.82e-06,3.85e-06,186654.0
1594512000000,3.85e-06,3.85e-06,3.82e-06,3.85e-06,136046.0
1594515600000,3.85e-06,3.85e-06,3.83e-06,3.84e-06,62306.0
1594519200000,3.84e-06,3.85e-06,3.82e-06,3.83e-06,69952.0
1594522800000,3.83e-06,3.9e-06,3.83e-06,3.87e-06,798160.0
1594526400000,3.87e-06,3.9e-06,3.86e-06,3.88e-06,133611.0
1594530000000,3.87e-06,3.89e-06,3.85e-06,3.86e-06,190492.0
1594533600000,3.86e-06,3.89e-06,3.86e-06,3.88e-06,105377.0
1594537200000,3.88e-06,3.89e-06,3.86e-06,3.87e-06,393646.0
1594540800000,3.87e-06,3.89e-06,3.86e-06,3.87e-06,297143.0
1594544400000,3.86e-06,3.88e-06,3.86e-06,3.88e-06,244720.0
1594548000000,3.88e-06,3.91e-06,3.87e-06,3.91e-06,774462.0
1594551600000,3.91e-06,3.92e-06,3.9e-06,3.92e-06,389074.0
1594555200000,3.9e-06,3.92e-06,3.86e-06,3.88e-06,977956.0
1594558800000,3.89e-06,3.89e-06,3.84e-06,3.87e-06,428399.0
1594562400000,3.87e-06,3.87e-06,3.84e-06,3.87e-06,235673.0
1594566000000,3.86e-06,3.89e-06,3.84e-06,3.88e-06,376779.0
1594569600000,3.88e-06,3.89e-06,3.85e-06,3.87e-06,256050.0
1594573200000,3.87e-06,3.9e-06,3.85e-06,3.88e-06,756831.0
1594576800000,3.88e-06,3.89e-06,3.85e-06,3.87e-06,267818.0
1594580400000,3.87e-06,3.87e-06,3.84e-06,3.84e-06,635345.0
1594584000000,3.85e-06,3.88e-06,3.84e-06,3.87e-06,538622.0
1594587600000,3.87e-06,3.87e-06,3.85e-06,3.85e-06,459687.0
1594591200000,3.86e-06,3.87e-06,3.84e-06,3.85e-06,218261.0
1594594800000,3.84e-06,3.85e-06,3.83e-06,3.83e-06,570033.0
1594598400000,3.84e-06,3.84e-06,3.82e-06,3.84e-06,334533.0
1594602000000,3.84e-06,3.84e-06,3.82e-06,3.84e-06,291299.0
1594605600000,3.83e-06,3.86e-06,3.83e-06,3.86e-06,222769.0
1594609200000,3.86e-06,3.87e-06,3.84e-06,3.84e-06,474845.0
1594612800000,3.85e-06,3.87e-06,3.84e-06,3.85e-06,112555.0
1594616400000,3.85e-06,3.87e-06,3.85e-06,3.86e-06,142911.0
1594620000000,3.86e-06,3.87e-06,3.84e-06,3.84e-06,358260.0
1594623600000,3.85e-06,3.86e-06,3.82e-06,3.85e-06,473415.0
1594627200000,3.84e-06,3.86e-06,3.84e-06,3.86e-06,191997.0
1594630800000,3.85e-06,3.86e-06,3.84e-06,3.86e-06,153180.0
1594634400000,3.84e-06,3.87e-06,3.83e-06,3.86e-06,869504.0
1594638000000,3.85e-06,3.87e-06,3.84e-06,3.85e-06,527927.0
1594641600000,3.84e-06,3.87e-06,3.83e-06,3.85e-06,885908.0
1594645200000,3.84e-06,3.85e-06,3.81e-06,3.82e-06,1594891.0
1594648800000,3.82e-06,3.83e-06,3.8e-06,3.83e-06,464031.0
1594652400000,3.83e-06,3.83e-06,3.81e-06,3.82e-06,374380.0
1594656000000,3.82e-06,3.83e-06,3.8e-06,3.83e-06,671263.0
1594659600000,3.83e-06,3.84e-06,3.82e-06,3.82e-06,614050.0
1594663200000,3.82e-06,3.83e-06,3.8e-06,3.82e-06,783492.0
1594666800000,3.82e-06,3.82e-06,3.73e-06,3.78e-06,3261188.0
1594670400000,3.78e-06,3.78e-06,3.74e-06,3.76e-06,558876.0
1594674000000,3.76e-06,3.76e-06,3.67e-06,3.74e-06,2207113.0
1594677600000,3.75e-06,3.76e-06,3.73e-06,3.74e-06,301713.0
1594681200000,3.74e-06,3.76e-06,3.74e-06,3.74e-06,75448.0
1594684800000,3.74e-06,3.76e-06,3.74e-06,3.76e-06,70994.0
1594688400000,3.74e-06,3.75e-06,3.69e-06,3.73e-06,830391.0
1594692000000,3.72e-06,3.75e-06,3.72e-06,3.75e-06,75558.0
1594695600000,3.73e-06,3.75e-06,3.73e-06,3.75e-06,62801.0
1594699200000,3.74e-06,3.75e-06,3.73e-06,3.74e-06,289280.0
1594702800000,3.74e-06,3.75e-06,3.72e-06,3.72e-06,383396.0
1594706400000,3.72e-06,3.78e-06,3.72e-06,3.76e-06,252171.0
1594710000000,3.77e-06,3.8e-06,3.73e-06,3.74e-06,672551.0
1594713600000,3.75e-06,3.76e-06,3.73e-06,3.75e-06,237904.0
1594717200000,3.75e-06,3.75e-06,3.73e-06,3.74e-06,156819.0
1594720800000,3.74e-06,3.76e-06,3.72e-06,3.74e-06,426472.0
1594724400000,3.73e-06,3.76e-06,3.72e-06,3.76e-06,209984.0
1594728000000,3.75e-06,3.77e-06,3.71e-06,3.73e-06,515772.0
1594731600000,3.74e-06,3.75e-06,3.71e-06,3.73e-06,153705.0
1594735200000,3.73e-06,3.74e-06,3.67e-06,3.72e-06,1843832.0
1594738800000,3.72e-06,3.75e-06,3.7e-06,3.71e-06,723870.0
1594742400000,3.72e-06,3.72e-06,3.7e-06,3.7e-06,347375.0
1594746000000,3.7e-06,3.71e-06,3.7e-06,3.7e-06,274841.0
1594749600000,3.71e-06,3.72e-06,3.7e-06,3.72e-06,266417.0
1594753200000,3.72e-06,3.74e-06,3.71e-06,3.73e-06,465692.0
1594756800000,3.74e-06,3.74e-06,3.71e-06,3.73e-06,212360.0
1594760400000,3.73e-06,3.75e-06,3.72e-06,3.73e-06,369179.0
1594764000000,3.74e-06,3.75e-06,3.73e-06,3.74e-06,75085.0
1594767600000,3.74e-06,3.75e-06,3.74e-06,3.75e-06,132458.0
1594771200000,3.75e-06,3.75e-06,3.74e-06,3.75e-06,54597.0
1594774800000,3.74e-06,3.76e-06,3.74e-06,3.76e-06,58052.0
1594778400000,3.76e-06,3.78e-06,3.74e-06,3.75e-06,551916.0
1594782000000,3.75e-06,3.76e-06,3.74e-06,3.75e-06,38497.0
1594785600000,3.75e-06,3.75e-06,3.74e-06,3.74e-06,64757.0
1594789200000,3.75e-06,3.76e-06,3.74e-06,3.75e-06,208850.0
1594792800000,3.75e-06,3.79e-06,3.74e-06,3.78e-06,674933.0
1594796400000,3.78e-06,3.79e-06,3.76e-06,3.77e-06,214889.0
1594800000000,3.78e-06,3.8e-06,3.77e-06,3.78e-06,403273.0
1594803600000,3.78e-06,3.79e-06,3.76e-06,3.77e-06,355139.0
1594807200000,3.76e-06,3.79e-06,3.76e-06,3.77e-06,570471.0
1594810800000,3.78e-06,3.78e-06,3.77e-06,3.77e-06,180445.0
1594814400000,3.77e-06,3.78e-06,3.76e-06,3.78e-06,192465.0
1594818000000,3.78e-06,3.78e-06,3.75e-06,3.75e-06,600097.0
1594821600000,3.77e-06,3.77e-06,3.73e-06,3.74e-06,327463.0
1594825200000,3.74e-06,3.8e-06,3.73e-06,3.79e-06,732870.0
1594828800000,3.78e-06,3.81e-06,3.77e-06,3.79e-06,443680.0
1594832400000,3.78e-06,3.8e-06,3.77e-06,3.79e-06,203432.0
1594836000000,3.79e-06,3.79e-06,3.76e-06,3.76e-06,305074.0
1594839600000,3.77e-06,3.77e-06,3.74e-06,3.74e-06,341968.0
1594843200000,3.74e-06,3.75e-06,3.72e-06,3.73e-06,368438.0
1594846800000,3.74e-06,3.75e-06,3.73e-06,3.75e-06,238289.0
1594850400000,3.74e-06,3.77e-06,3.74e-06,3.77e-06,173469.0
1594854000000,3.77e-06,3.78e-06,3.75e-06,3.75e-06,134460.0
1594857600000,3.74e-06,3.76e-06,3.74e-06,3.75e-06,133129.0
1594861200000,3.75e-06,3.76e-06,3.73e-06,3.75e-06,269085.0
1594864800000,3.75e-06,3.75e-06,3.73e-06,3.75e-06,82577.0
1594868400000,3.73e-06,3.73e-06,3.72e-06,3.73e-06,232753.0
1594872000000,3.74e-06,3.75e-06,3.72e-06,3.75e-06,72174.0
1594875600000,3.74e-06,3.76e-06,3.73e-06,3.74e-06,125296.0
1594879200000,3.75e-06,3.75e-06,3.72e-06,3.72e-06,115694.0
1594882800000,3.72e-06,3.72e-06,3.67e-06,3.7e-06,732236.0
1594886400000,3.7e-06,3.72e-06,3.69e-06,3.71e-06,294256.0
1594890000000,3.71e-06,3.72e-06,3.67e-06,3.7e-06,794067.0
1594893600000,3.69e-06,3.7e-06,3.67e-06,3.69e-06,595758.0
1594897200000,3.69e-06,3.71e-06,3.68e-06,3.7e-06,276190.0
1594900800000,3.7e-06,3.71e-06,3.69e-06,3.7e-06,374649.0
1594904400000,3.7e-06,3.91e-06,3.69e-06,3.84e-06,5285727.0
1594908000000,3.84e-06,3.85e-06,3.79e-06,3.83e-06,623402.0
1594911600000,3.83e-06,3.83e-06,3.78e-06,3.78e-06,657249.0
1594915200000,3.79e-06,3.79e-06,3.76e-06,3.78e-06,526890.0
1594918800000,3.77e-06,3.79e-06,3.72e-06,3.75e-06,1172913.0
1594922400000,3.75e-06,3.78e-06,3.74e-06,3.77e-06,347270.0
1594926000000,3.77e-06,3.79e-06,3.75e-06,3.75e-06,145348.0
1594929600000,3.77e-06,3.77e-06,3.74e-06,3.76e-06,224343.0
1594933200000,3.75e-06,3.77e-06,3.74e-06,3.77e-06,216446.0
1594936800000,3.77e-06,3.78e-06,3.75e-06,3.77e-06,99879.0
1594940400000,3.76e-06,3.78e-06,3.76e-06,3.77e-06,78128.0
1594944000000,3.78e-06,3.79e-06,3.78e-06,3.79e-06,165650.0
1594947600000,3.79e-06,3.79e-06,3.77e-06,3.78e-06,138074.0
1594951200000,3.78e-06,3.78e-06,3.77e-06,3.78e-06,20545.0
1594954800000,3.77e-06,3.78e-06,3.75e-06,3.76e-06,49206.0
1594958400000,3.77e-06,3.79e-06,3.72e-06,3.78e-06,260470.0
1594962000000,3.78e-06,3.79e-06,3.75e-06,3.77e-06,247586.0
1594965600000,3.77e-06,3.78e-06,3.72e-06,3.75e-06,347890.0
1594969200000,3.76e-06,3.78e-06,3.75e-06,3.76e-06,78287.0
1594972800000,3.76e-06,3.77e-06,3.75e-06,3.76e-06,66715.0
1594976400000,3.76e-06,3.78e-06,3.73e-06,3.76e-06,587771.0
1594980000000,3.76e-06,3.77e-06,3.73e-06,3.77e-06,417628.0
1594983600000,3.77e-06,3.78e-06,3.75e-06,3.77e-06,118024.0
1594987200000,3.77e-06,3.78e-06,3.76e-06,3.76e-06,535684.0
1594990800000,3.78e-06,3.79e-06,3.77e-06,3.78e-06,357152.0
1594994400000,3.77e-06,3.79e-06,3.74e-06,3.77e-06,447879.0
1594998000000,3.77e-06,3.79e-06,3.76e-06,3.78e-06,265756.0
1595001600000,3.79e-06,3.79e-06,3.76e-06,3.76e-06,496191.0
1595005200000,3.76e-06,3.79e-06,3.76e-06,3.79e-06,234704.0
1595008800000,3.77e-06,3.78e-06,3.76e-06,3.77e-06,151552.0
1595012400000,3.78e-06,3.79e-06,3.76e-06,3.77e-06,131617.0
1595016000000,3.77e-06,3.79e-06,3.76e-06,3.79e-06,164553.0
1595019600000,3.78e-06,3.79e-06,3.76e-06,3.78e-06,81291.0
1595023200000,3.76e-06,3.78e-06,3.76e-06,3.77e-06,41791.0
1595026800000,3.77e-06,3.78e-06,3.77e-06,3.77e-06,80676.0
1595030400000,3.78e-06,3.78e-06,3.76e-06,3.77e-06,75836.0
1595034000000,3.77e-06,3.79e-06,3.77e-06,3.79e-06,112321.0
1595037600000,3.77e-06,3.79e-06,3.75e-06,3.77e-06,192413.0
1595041200000,3.77e-06,3.78e-06,3.76e-06,3.78e-06,63009.0
1595044800000,3.77e-06,3.81e-06,3.77e-06,3.79e-06,450071.0
1595048400000,3.79e-06,3.82e-06,3.77e-06,3.81e-06,248571.0
1595052000000,3.8e-06,3.84e-06,3.8e-06,3.82e-06,655345.0
1595055600000,3.82e-06,3.83e-06,3.8e-06,3.81e-06,128823.0
1595059200000,3.82e-06,3.84e-06,3.8e-06,3.81e-06,469510.0
1595062800000,3.8e-06,3.83e-06,3.8e-06,3.83e-06,268475.0
1595066400000,3.83e-06,3.83e-06,3.78e-06,3.8e-06,932582.0
1595070000000,3.8e-06,3.8e-06,3.77e-06,3.79e-06,396142.0
1595073600000,3.79e-06,3.79e-06,3.76e-06,3.78e-06,257301.0
1595077200000,3.78e-06,3.8e-06,3.77e-06,3.79e-06,118208.0
1595080800000,3.79e-06,3.8e-06,3.77e-06,3.78e-06,105032.0
1595084400000,3.77e-06,3.78e-06,3.76e-06,3.77e-06,311440.0
1595088000000,3.77e-06,3.78e-06,3.76e-06,3.78e-06,109830.0
1595091600000,3.76e-06,3.78e-06,3.75e-06,3.76e-06,360725.0
1595095200000,3.76e-06,3.77e-06,3.74e-06,3.77e-06,195490.0
1595098800000,3.76e-06,3.76e-06,3.72e-06,3.75e-06,1129494.0
1595102400000,3.75e-06,3.75e-06,3.73e-06,3.74e-06,67132.0
1595106000000,3.75e-06,3.76e-06,3.75e-06,3.75e-06,32555.0
1595109600000,3.76e-06,3.77e-06,3.75e-06,3.76e-06,141995.0
1595113200000,3.75e-06,3.77e-06,3.72e-06,3.74e-06,168610.0
1595116800000,3.74e-06,3.76e-06,3.72e-06,3.73e-06,341886.0
1595120400000,3.73e-06,3.75e-06,3.72e-06,3.75e-06,382692.0
1595124000000,3.74e-06,3.76e-06,3.73e-06,3.75e-06,65398.0
1595127600000,3.75e-06,3.75e-06,3.72e-06,3.74e-06,104585.0
1595131200000,3.73e-06,3.75e-06,3.73e-06,3.75e-06,81554.0
1595134800000,3.73e-06,3.75e-06,3.73e-06,3.73e-06,84608.0
1595138400000,3.74e-06,3.74e-06,3.73e-06,3.73e-06,227306.0
1595142000000,3.73e-06,3.76e-06,3.73e-06,3.76e-06,495618.0
1595145600000,3.76e-06,3.76e-06,3.74e-06,3.76e-06,323458.0
1595149200000,3.76e-06,3.77e-06,3.75e-06,3.75e-06,113191.0
1595152800000,3.76e-06,3.77e-06,3.73e-06,3.76e-06,804393.0
1595156400000,3.76e-06,3.82e-06,3.75e-06,3.8e-06,2341161.0
1595160000000,3.8e-06,3.83e-06,3.78e-06,3.8e-06,1075625.0
1595163600000,3.8e-06,3.8e-06,3.77e-06,3.79e-06,694255.0
1595167200000,3.79e-06,3.81e-06,3.76e-06,3.81e-06,579862.0
1595170800000,3.81e-06,3.82e-06,3.8e-06,3.82e-06,521286.0
1595174400000,3.82e-06,3.83e-06,3.79e-06,3.79e-06,923754.0
1595178000000,3.79e-06,3.8e-06,3.78e-06,3.78e-06,392057.0
1595181600000,3.79e-06,3.82e-06,3.77e-06,3.8e-06,423054.0
1595185200000,3.8e-06,3.81e-06,3.78e-06,3.78e-06,261688.0
1595188800000,3.8e-06,3.8e-06,3.77e-06,3.8e-06,467017.0
1595192400000,3.79e-06,3.8e-06,3.77e-06,3.78e-06,249343.0
1595196000000,3.78e-06,3.8e-06,3.77e-06,3.79e-06,319262.0
1595199600000,3.8e-06,3.81e-06,3.77e-06,3.77e-06,408346.0
1595203200000,3.77e-06,3.84e-06,3.75e-06,3.78e-06,1605230.0
1595206800000,3.78e-06,3.8e-06,3.76e-06,3.8e-06,121058.0
1595210400000,3.8e-06,3.81e-06,3.78e-06,3.78e-06,114594.0
1595214000000,3.8e-06,3.8e-06,3.76e-06,3.79e-06,298589.0
1595217600000,3.79e-06,3.8e-06,3.78e-06,3.79e-06,336888.0
1595221200000,3.78e-06,3.8e-06,3.76e-06,3.78e-06,842135.0
1595224800000,3.78e-06,3.8e-06,3.77e-06,3.77e-06,336508.0
1595228400000,3.77e-06,3.81e-06,3.77e-06,3.8e-06,526827.0
1595232000000,3.81e-06,3.81e-06,3.78e-06,3.79e-06,271069.0
1595235600000,3.79e-06,3.82e-06,3.78e-06,3.8e-06,544422.0
1595239200000,3.82e-06,3.83e-06,3.8e-06,3.81e-06,496538.0
1595242800000,3.8e-06,3.82e-06,3.8e-06,3.81e-06,449383.0
1595246400000,3.81e-06,3.84e-06,3.79e-06,3.83e-06,1601310.0
1595250000000,3.81e-06,3.83e-06,3.8e-06,3.81e-06,493307.0
1595253600000,3.81e-06,3.81e-06,3.69e-06,3.74e-06,7193612.0
1595257200000,3.74e-06,3.86e-06,3.73e-06,3.85e-06,6183233.0
1595260800000,3.85e-06,3.88e-06,3.84e-06,3.88e-06,2718696.0
1595264400000,3.87e-06,4.04e-06,3.87e-06,3.94e-06,10097083.0
1595268000000,3.94e-06,3.96e-06,3.9e-06,3.95e-06,2948890.0
1595271600000,3.96e-06,3.97e-06,3.83e-06,3.88e-06,4154829.0
1595275200000,3.89e-06,3.92e-06,3.86e-06,3.9e-06,1085962.0
1595278800000,3.92e-06,3.96e-06,3.91e-06,3.93e-06,1061469.0
1595282400000,3.93e-06,3.95e-06,3.9e-06,3.93e-06,721562.0
1595286000000,3.94e-06,3.94e-06,3.88e-06,3.89e-06,702991.0
1595289600000,3.88e-06,3.93e-06,3.87e-06,3.91e-06,602582.0
1595293200000,3.91e-06,3.93e-06,3.88e-06,3.91e-06,477812.0
1595296800000,3.91e-06,3.94e-06,3.91e-06,3.93e-06,685976.0
1595300400000,3.93e-06,3.94e-06,3.89e-06,3.91e-06,682311.0
1595304000000,3.91e-06,3.91e-06,3.87e-06,3.87e-06,457046.0
1595307600000,3.86e-06,3.92e-06,3.86e-06,3.92e-06,554790.0
1595311200000,3.92e-06,3.97e-06,3.91e-06,3.96e-06,1378250.0
1595314800000,3.97e-06,3.97e-06,3.86e-06,3.88e-06,2645222.0
1595318400000,3.88e-06,3.88e-06,3.83e-06,3.85e-06,1358264.0
1595322000000,3.85e-06,3.86e-06,3.81e-06,3.83e-06,1439012.0
1595325600000,3.83e-06,3.93e-06,3.83e-06,3.89e-06,1696661.0
1595329200000,3.9e-06,3.91e-06,3.87e-06,3.9e-06,539226.0
1595332800000,3.89e-06,3.89e-06,3.83e-06,3.86e-06,1014537.0
1595336400000,3.87e-06,3.9e-06,3.76e-06,3.8e-06,4573818.0
1595340000000,3.81e-06,3.83e-06,3.78e-06,3.8e-06,848253.0
1595343600000,3.8e-06,3.83e-06,3.8e-06,3.82e-06,514256.0
1595347200000,3.82e-06,3.93e-06,3.79e-06,3.89e-06,2385528.0
1595350800000,3.89e-06,3.92e-06,3.88e-06,3.91e-06,581179.0
1595354400000,3.91e-06,3.91e-06,3.83e-06,3.86e-06,550892.0
1595358000000,3.86e-06,3.87e-06,3.84e-06,3.86e-06,304151.0
1595361600000,3.85e-06,3.88e-06,3.84e-06,3.85e-06,389061.0
1595365200000,3.87e-06,3.91e-06,3.85e-06,3.87e-06,720599.0
1595368800000,3.87e-06,3.88e-06,3.85e-06,3.87e-06,194889.0
1595372400000,3.87e-06,3.91e-06,3.84e-06,3.9e-06,894126.0
1595376000000,3.89e-06,3.91e-06,3.86e-06,3.88e-06,372912.0
1595379600000,3.87e-06,3.9e-06,3.85e-06,3.87e-06,477155.0
1595383200000,3.88e-06,3.9e-06,3.88e-06,3.88e-06,226778.0
1595386800000,3.89e-06,3.91e-06,3.85e-06,3.88e-06,773560.0
1595390400000,3.88e-06,3.91e-06,3.87e-06,3.89e-06,280463.0
1595394000000,3.89e-06,3.91e-06,3.88e-06,3.9e-06,413782.0
1595397600000,3.9e-06,3.93e-06,3.88e-06,3.92e-06,792737.0
1595401200000,3.91e-06,3.92e-06,3.87e-06,3.89e-06,475478.0
1595404800000,3.88e-06,3.9e-06,3.87e-06,3.88e-06,567028.0
1595408400000,3.88e-06,3.91e-06,3.87e-06,3.89e-06,601144.0
1595412000000,3.88e-06,3.91e-06,3.87e-06,3.89e-06,634614.0
1595415600000,3.89e-06,3.9e-06,3.87e-06,3.88e-06,476271.0
1595419200000,3.89e-06,3.9e-06,3.87e-06,3.89e-06,789254.0
1595422800000,3.9e-06,3.91e-06,3.88e-06,3.91e-06,599333.0
1595426400000,3.91e-06,3.92e-06,3.89e-06,3.9e-06,234331.0
1595430000000,3.92e-06,3.94e-06,3.87e-06,3.94e-06,1587729.0
1595433600000,3.94e-06,4e-06,3.93e-06,3.98e-06,5007095.0
1595437200000,3.98e-06,4.08e-06,3.97e-06,4.06e-06,4984944.0
1595440800000,4.06e-06,4.06e-06,3.94e-06,4.01e-06,2061652.0
1595444400000,4.01e-06,4.04e-06,3.99e-06,4.04e-06,916662.0
1595448000000,4.03e-06,4.06e-06,4.02e-06,4.05e-06,845625.0
1595451600000,4.05e-06,4.08e-06,4.04e-06,4.06e-06,1281457.0
1595455200000,4.06e-06,4.07e-06,3.87e-06,3.91e-06,4152248.0
1595458800000,3.9e-06,3.94e-06,3.88e-06,3.92e-06,883648.0
1595462400000,3.92e-06,4.02e-06,3.9e-06,3.99e-06,1324643.0
1595466000000,4e-06,4.03e-06,3.95e-06,3.97e-06,1299140.0
1595469600000,3.96e-06,3.98e-06,3.94e-06,3.95e-06,169013.0
1595473200000,3.96e-06,3.99e-06,3.94e-06,3.98e-06,637485.0
1595476800000,3.98e-06,4.08e-06,3.97e-06,4.06e-06,1870505.0
1595480400000,4.06e-06,4.07e-06,4.04e-06,4.06e-06,1025870.0
1595484000000,4.07e-06,4.19e-06,4.06e-06,4.19e-06,5259210.0
1595487600000,4.19e-06,4.27e-06,4.13e-06,4.21e-06,9198493.0
1595491200000,4.21e-06,4.24e-06,4.16e-06,4.18e-06,2256750.0
1595494800000,4.18e-06,4.21e-06,4.15e-06,4.18e-06,2133465.0
1595498400000,4.18e-06,4.19e-06,4.06e-06,4.15e-06,5784092.0
1595502000000,4.16e-06,4.18e-06,4.1e-06,4.11e-06,1974726.0
1595505600000,4.12e-06,4.17e-06,4.11e-06,4.13e-06,1306115.0
1595509200000,4.12e-06,4.18e-06,4.1e-06,4.16e-06,2325493.0
1595512800000,4.16e-06,4.17e-06,4.07e-06,4.1e-06,2865569.0
1595516400000,4.09e-06,4.09e-06,4.05e-06,4.08e-06,1364439.0
1595520000000,4.07e-06,4.12e-06,3.95e-06,3.99e-06,4162456.0
1595523600000,3.98e-06,4.06e-06,3.92e-06,4.04e-06,3062835.0
1595527200000,4.02e-06,4.04e-06,3.98e-06,3.99e-06,714393.0
1595530800000,4.01e-06,4.12e-06,4e-06,4.05e-06,1200725.0
1595534400000,4.04e-06,4.06e-06,3.99e-06,4.01e-06,921340.0
1595538000000,4.01e-06,4.1e-06,3.98e-06,4.07e-06,1228879.0
1595541600000,4.07e-06,4.12e-06,4.05e-06,4.08e-06,1068978.0
1595545200000,4.09e-06,4.16e-06,4.06e-06,4.12e-06,1724761.0
1595548800000,4.12e-06,4.15e-06,4.1e-06,4.12e-06,365734.0
1595552400000,4.11e-06,4.23e-06,4.11e-06,4.15e-06,1488717.0
1595556000000,4.17e-06,4.21e-06,4.12e-06,4.16e-06,955666.0
1595559600000,4.17e-06,4.17e-06,4.08e-06,4.14e-06,1407890.0
1595563200000,4.15e-06,4.18e-06,4.12e-06,4.15e-06,558488.0
1595566800000,4.15e-06,4.23e-06,4.14e-06,4.23e-06,882878.0
1595570400000,4.22e-06,4.23e-06,4.15e-06,4.16e-06,1194751.0
1595574000000,4.15e-06,4.19e-06,4.14e-06,4.17e-06,593413.0
1595577600000,4.17e-06,4.17e-06,4.1e-06,4.12e-06,720475.0
1595581200000,4.12e-06,4.16e-06,4.12e-06,4.14e-06,735265.0
1595584800000,4.14e-06,4.16e-06,4.11e-06,4.14e-06,400199.0
1595588400000,4.13e-06,4.17e-06,4.1e-06,4.12e-06,663943.0
1595592000000,4.14e-06,4.2e-06,4.14e-06,4.18e-06,753332.0
1595595600000,4.18e-06,4.2e-06,4.16e-06,4.18e-06,516025.0
1595599200000,4.17e-06,4.18e-06,4.12e-06,4.12e-06,953427.0
1595602800000,4.13e-06,4.15e-06,4.1e-06,4.12e-06,568781.0
1595606400000,4.12e-06,4.14e-06,4.1e-06,4.13e-06,518874.0
1595610000000,4.14e-06,4.14e-06,4.1e-06,4.12e-06,432679.0
1595613600000,4.12e-06,4.33e-06,4.1e-06,4.23e-06,11064956.0
1595617200000,4.22e-06,4.29e-06,4.22e-06,4.29e-06,878214.0
1595620800000,4.28e-06,4.32e-06,4.26e-06,4.29e-06,1406831.0
1595624400000,4.29e-06,4.31e-06,4.24e-06,4.27e-06,1449977.0
1595628000000,4.26e-06,4.29e-06,4.24e-06,4.27e-06,483325.0
1595631600000,4.27e-06,4.29e-06,4.24e-06,4.27e-06,428953.0
1595635200000,4.27e-06,4.31e-06,4.27e-06,4.3e-06,636396.0
1595638800000,4.3e-06,4.3e-06,4.27e-06,4.28e-06,294392.0
1595642400000,4.27e-06,4.31e-06,4.27e-06,4.29e-06,503888.0
1595646000000,4.28e-06,4.29e-06,4.26e-06,4.27e-06,612031.0
1595649600000,4.27e-06,4.3e-06,4.26e-06,4.3e-06,400537.0
1595653200000,4.3e-06,4.3e-06,4.25e-06,4.26e-06,980036.0
1595656800000,4.27e-06,4.29e-06,4.25e-06,4.28e-06,415200.0
1595660400000,4.28e-06,4.3e-06,4.27e-06,4.29e-06,281021.0
1595664000000,4.29e-06,4.31e-06,4.27e-06,4.29e-06,1397400.0
1595667600000,4.31e-06,4.45e-06,4.31e-06,4.43e-06,5279465.0
1595671200000,4.43e-06,4.46e-06,4.4e-06,4.41e-06,1638082.0
1595674800000,4.41e-06,4.44e-06,4.34e-06,4.42e-06,1317117.0
1595678400000,4.43e-06,4.45e-06,4.4e-06,4.42e-06,844559.0
1595682000000,4.42e-06,4.43e-06,4.35e-06,4.39e-06,970281.0
1595685600000,4.4e-06,4.47e-06,4.4e-06,4.46e-06,1763959.0
1595689200000,4.45e-06,4.46e-06,4.43e-06,4.45e-06,667927.0
1595692800000,4.45e-06,4.48e-06,4.43e-06,4.45e-06,1288612.0
1595696400000,4.45e-06,4.46e-06,4.33e-06,4.37e-06,2230087.0
1595700000000,4.36e-06,4.41e-06,4.35e-06,4.37e-06,607397.0
1595703600000,4.35e-06,4.41e-06,4.33e-06,4.4e-06,1227572.0
1595707200000,4.4e-06,4.41e-06,4.33e-06,4.34e-06,965004.0
1595710800000,4.34e-06,4.35e-06,4.26e-06,4.29e-06,2027218.0
1595714400000,4.28e-06,4.3e-06,4.25e-06,4.27e-06,594034.0
1595718000000,4.27e-06,4.3e-06,4.22e-06,4.27e-06,893629.0
1595721600000,4.26e-06,4.29e-06,4.24e-06,4.28e-06,381132.0
1595725200000,4.26e-06,4.28e-06,4.21e-06,4.26e-06,1345483.0
1595728800000,4.25e-06,4.27e-06,4.23e-06,4.25e-06,294223.0
1595732400000,4.23e-06,4.24e-06,4.02e-06,4.11e-06,4430592.0
1595736000000,4.12e-06,4.19e-06,4.09e-06,4.14e-06,2686370.0
1595739600000,4.14e-06,4.31e-06,4.14e-06,4.29e-06,2637783.0
1595743200000,4.3e-06,4.32e-06,4.28e-06,4.3e-06,825709.0
1595746800000,4.3e-06,4.31e-06,4.08e-06,4.15e-06,3466112.0
1595750400000,4.15e-06,4.17e-06,3.87e-06,3.92e-06,6319838.0
1595754000000,3.91e-06,4.01e-06,3.87e-06,3.89e-06,3073407.0
1595757600000,3.89e-06,3.91e-06,3.75e-06,3.84e-06,4359967.0
1595761200000,3.84e-06,3.87e-06,3.76e-06,3.86e-06,3611083.0
1595764800000,3.85e-06,3.92e-06,3.71e-06,3.91e-06,3208688.0
1595768400000,3.91e-06,3.91e-06,3.86e-06,3.88e-06,832008.0
1595772000000,3.88e-06,3.91e-06,3.83e-06,3.86e-06,407638.0
1595775600000,3.85e-06,3.86e-06,3.8e-06,3.81e-06,882725.0
1595779200000,3.81e-06,3.9e-06,3.76e-06,3.9e-06,1440636.0
1595782800000,3.89e-06,3.91e-06,3.83e-06,3.88e-06,1609169.0
1595786400000,3.88e-06,3.89e-06,3.84e-06,3.88e-06,742001.0
1595790000000,3.88e-06,3.9e-06,3.87e-06,3.87e-06,238409.0
1595793600000,3.87e-06,3.89e-06,3.83e-06,3.88e-06,610524.0
1595797200000,3.88e-06,3.88e-06,3.84e-06,3.86e-06,306408.0
1595800800000,3.86e-06,3.87e-06,3.83e-06,3.86e-06,154536.0
1595804400000,3.87e-06,3.88e-06,3.83e-06,3.84e-06,63565.0
1595808000000,3.84e-06,3.85e-06,3.76e-06,3.8e-06,939848.0
1595811600000,3.8e-06,3.83e-06,3.71e-06,3.79e-06,2043901.0
1595815200000,3.77e-06,3.79e-06,3.74e-06,3.77e-06,304819.0
1595818800000,3.76e-06,3.78e-06,3.59e-06,3.66e-06,2366546.0
1595822400000,3.66e-06,3.7e-06,3.55e-06,3.58e-06,1629537.0
1595826000000,3.58e-06,3.6e-06,3.28e-06,3.35e-06,6339121.0
1595829600000,3.34e-06,3.42e-06,3.3e-06,3.35e-06,2001258.0
1595833200000,3.36e-06,3.47e-06,3.35e-06,3.44e-06,1398191.0
1595836800000,3.43e-06,3.5e-06,3.42e-06,3.46e-06,1161437.0
1595840400000,3.45e-06,3.53e-06,3.43e-06,3.43e-06,1313171.0
1595844000000,3.43e-06,3.5e-06,3.42e-06,3.45e-06,914257.0
1595847600000,3.45e-06,3.52e-06,3.44e-06,3.5e-06,1209151.0
1595851200000,3.5e-06,3.54e-06,3.47e-06,3.5e-06,1200437.0
1595854800000,3.5e-06,3.5e-06,3.31e-06,3.36e-06,2184615.0
1595858400000,3.35e-06,3.36e-06,3.13e-06,3.15e-06,2759032.0
1595862000000,3.15e-06,3.28e-06,3.09e-06,3.28e-06,2878939.0
1595865600000,3.29e-06,3.32e-06,3.01e-06,3.02e-06,1818283.0
1595869200000,3.04e-06,3.06e-06,2.9e-06,3e-06,4714004.0
1595872800000,2.99e-06,3.1e-06,2.98e-06,3.07e-06,1819808.0
1595876400000,3.09e-06,3.24e-06,3.07e-06,3.17e-06,2265634.0
1595880000000,3.19e-06,3.19e-06,3.13e-06,3.16e-06,633664.0
1595883600000,3.15e-06,3.15e-06,2.91e-06,2.93e-06,1693951.0
1595887200000,2.93e-06,3.02e-06,2.82e-06,2.98e-06,2184142.0
1595890800000,2.97e-06,3.09e-06,2.97e-06,3.02e-06,1847493.0
1595894400000,3.04e-06,3.06e-06,2.96e-06,3.01e-06,1329546.0
1595898000000,3.02e-06,3.05e-06,3.01e-06,3.02e-06,374694.0
1595901600000,3.03e-06,3.19e-06,3.02e-06,3.18e-06,1078706.0
1595905200000,3.18e-06,3.24e-06,3.15e-06,3.16e-06,450042.0
1595908800000,3.18e-06,3.2e-06,3.13e-06,3.17e-06,510358.0
1595912400000,3.17e-06,3.3e-06,3.17e-06,3.3e-06,1425804.0
1595916000000,3.3e-06,3.3e-06,3.22e-06,3.26e-06,1132628.0
1595919600000,3.26e-06,3.3e-06,3.23e-06,3.28e-06,596783.0
1595923200000,3.28e-06,3.29e-06,3.24e-06,3.27e-06,365439.0
1595926800000,3.27e-06,3.3e-06,3.22e-06,3.26e-06,491074.0
1595930400000,3.26e-06,3.28e-06,3.17e-06,3.18e-06,861154.0
1595934000000,3.18e-06,3.19e-06,3.06e-06,3.08e-06,1064302.0
1595937600000,3.08e-06,3.15e-06,3.05e-06,3.15e-06,609524.0
1595941200000,3.13e-06,3.15e-06,3.09e-06,3.12e-06,361140.0
1595944800000,3.11e-06,3.12e-06,3e-06,3.07e-06,790213.0
1595948400000,3.07e-06,3.16e-06,3.07e-06,3.15e-06,741523.0
1595952000000,3.14e-06,3.2e-06,3.12e-06,3.2e-06,471001.0
1595955600000,3.2e-06,3.26e-06,3.17e-06,3.23e-06,824413.0
1595959200000,3.26e-06,3.33e-06,3.24e-06,3.28e-06,908138.0
1595962800000,3.29e-06,3.32e-06,3.22e-06,3.26e-06,467792.0
1595966400000,3.24e-06,3.28e-06,3.19e-06,3.24e-06,241900.0
1595970000000,3.23e-06,3.24e-06,3.18e-06,3.18e-06,278978.0
1595973600000,3.19e-06,3.3e-06,3.19e-06,3.26e-06,412914.0
1595977200000,3.27e-06,3.28e-06,3.25e-06,3.25e-06,79723.0
1595980800000,3.25e-06,3.29e-06,3.25e-06,3.27e-06,151229.0
1595984400000,3.28e-06,3.29e-06,3.26e-06,3.27e-06,144927.0
1595988000000,3.29e-06,3.29e-06,3.25e-06,3.26e-06,155809.0
1595991600000,3.26e-06,3.27e-06,3.24e-06,3.24e-06,268159.0
1595995200000,3.24e-06,3.25e-06,3.2e-06,3.21e-06,367969.0
1595998800000,3.22e-06,3.26e-06,3.19e-06,3.21e-06,746333.0
1596002400000,3.21e-06,3.23e-06,3.18e-06,3.21e-06,587473.0
1596006000000,3.22e-06,3.25e-06,3.19e-06,3.24e-06,392739.0
1596009600000,3.24e-06,3.26e-06,3.17e-06,3.19e-06,819365.0
1596013200000,3.19e-06,3.21e-06,3.14e-06,3.19e-06,553337.0
1596016800000,3.2e-06,3.43e-06,3.19e-06,3.4e-06,2789388.0
1596020400000,3.4e-06,3.48e-06,3.38e-06,3.41e-06,1852979.0
1596024000000,3.41e-06,3.42e-06,3.33e-06,3.36e-06,1111835.0
1596027600000,3.36e-06,3.38e-06,3.32e-06,3.33e-06,470815.0
1596031200000,3.32e-06,3.33e-06,3.14e-06,3.3e-06,1070947.0
1596034800000,3.29e-06,3.29e-06,3.21e-06,3.28e-06,763727.0
1596038400000,3.27e-06,3.27e-06,3.18e-06,3.2e-06,473236.0
1596042000000,3.19e-06,3.23e-06,3.19e-06,3.23e-06,204945.0
1596045600000,3.23e-06,3.23e-06,3.18e-06,3.22e-06,487861.0
1596049200000,3.2e-06,3.25e-06,3.2e-06,3.25e-06,131258.0
1596052800000,3.25e-06,3.27e-06,3.22e-06,3.26e-06,151341.0
1596056400000,3.25e-06,3.27e-06,3.21e-06,3.22e-06,114373.0
1596060000000,3.23e-06,3.29e-06,3.21e-06,3.23e-06,337382.0
1596063600000,3.25e-06,3.28e-06,3.22e-06,3.24e-06,117619.0
1596067200000,3.25e-06,3.26e-06,3.24e-06,3.26e-06,61691.0
1596070800000,3.25e-06,3.27e-06,3.15e-06,3.21e-06,1293702.0
1596074400000,3.22e-06,3.24e-06,3.16e-06,3.22e-06,404310.0
1596078000000,3.23e-06,3.23e-06,3.16e-06,3.2e-06,753758.0
1596081600000,3.21e-06,3.22e-06,3.18e-06,3.2e-06,509850.0
1596085200000,3.2e-06,3.21e-06,3.19e-06,3.21e-06,67105.0
1596088800000,3.2e-06,3.27e-06,3.18e-06,3.26e-06,447841.0
1596092400000,3.27e-06,3.28e-06,3.25e-06,3.25e-06,331217.0
1596096000000,3.25e-06,3.3e-06,3.22e-06,3.27e-06,619199.0
1596099600000,3.28e-06,3.32e-06,3.22e-06,3.31e-06,621841.0
1596103200000,3.3e-06,3.3e-06,3.25e-06,3.26e-06,336873.0
1596106800000,3.27e-06,3.32e-06,3.26e-06,3.28e-06,569445.0
1596110400000,3.28e-06,3.3e-06,2.4e-06,2.83e-06,27244644.0
1596114000000,2.83e-06,2.87e-06,2.61e-06,2.74e-06,12791249.0
1596117600000,2.73e-06,2.84e-06,2.7e-06,2.72e-06,6386172.0
1596121200000,2.72e-06,2.76e-06,2.51e-06,2.58e-06,13007950.0
1596124800000,2.58e-06,2.66e-06,2.51e-06,2.63e-06,7379684.0
1596128400000,2.63e-06,2.72e-06,2.62e-06,2.68e-06,4910069.0
1596132000000,2.68e-06,2.69e-06,2.59e-06,2.62e-06,3940629.0
1596135600000,2.62e-06,2.67e-06,2.52e-06,2.62e-06,5249740.0
1596139200000,2.62e-06,2.63e-06,2.55e-06,2.62e-06,3245194.0
1596142800000,2.62e-06,2.68e-06,2.56e-06,2.62e-06,4665545.0
1596146400000,2.63e-06,2.71e-06,2.6e-06,2.65e-06,3454277.0
1596150000000,2.64e-06,2.67e-06,2.57e-06,2.62e-06,2832949.0
1596153600000,2.61e-06,2.65e-06,2.59e-06,2.62e-06,1504981.0
1596157200000,2.62e-06,2.7e-06,2.6e-06,2.61e-06,2468104.0
1596160800000,2.62e-06,2.66e-06,2.6e-06,2.62e-06,1183184.0
1596164400000,2.62e-06,2.64e-06,2.6e-06,2.62e-06,1068314.0
1596168000000,2.63e-06,2.65e-06,2.62e-06,2.63e-06,596536.0
1596171600000,2.64e-06,2.69e-06,2.64e-06,2.67e-06,1497037.0
1596175200000,2.66e-06,2.68e-06,2.65e-06,2.66e-06,1193089.0
1596178800000,2.65e-06,2.71e-06,2.64e-06,2.69e-06,1542255.0
1596182400000,2.69e-06,2.73e-06,2.65e-06,2.68e-06,2622177.0
1596186000000,2.67e-06,2.68e-06,2.64e-06,2.66e-06,1839306.0
1596189600000,2.67e-06,2.67e-06,2.63e-06,2.63e-06,2833931.0
1596193200000,2.64e-06,2.65e-06,2.6e-06,2.61e-06,1676693.0
