1648803600000,72.58,75.4,46.66,71.65,21.68
1648807200000,71.6,71.87,71.02,71.02,12.58
1648810800000,75.39,75.4,71.0,71.0,95.15
1648814400000,71.0,75.4,70.06,71.84,24.1
1648818000000,71.84,75.4,71.09,71.09,19.65
1648821600000,72.74,77.58,71.21,75.16,112.1
1648825200000,75.16,75.19,73.11,73.11,107.83
1648828800000,75.19,75.2,73.27,73.27,34.52
1648832400000,73.85,73.85,73.85,73.85,0.5
1648836000000,74.01,76.23,73.85,76.23,130.76
1648839600000,76.32,76.32,74.23,74.23,9.64
1648843200000,74.23,74.23,73.89,73.89,4.04
1648846800000,75.6,75.63,73.89,74.87,34.99
1648850400000,74.87,74.87,73.03,73.9,42.24
1648854000000,73.9,75.05,73.9,75.05,7.77
1648857600000,76.38,76.76,74.95,75.73,109.1
1648861200000,74.3,76.18,74.3,75.21,45.39
1648864800000,74.0,74.35,73.68,74.35,22.55
1648868400000,74.35,74.35,74.35,74.35,0.0
1648872000000,74.43,74.43,74.43,74.43,0.2
1648875600000,73.81,74.73,73.56,73.56,93.79
1648879200000,75.49,76.27,75.49,76.27,1.65
1648882800000,75.1,76.64,74.27,76.5,23.77
1648886400000,76.91,77.24,76.32,76.32,4.86
1648890000000,77.48,77.98,76.32,77.98,35.78
1648893600000,77.49,78.49,76.63,77.42,82.68
1648897200000,76.64,78.49,76.63,77.24,14.66
1648900800000,75.11,79.68,75.11,78.25,28.99
1648904400000,78.33,80.14,78.27,79.65,22.98
1648908000000,77.46,79.71,77.04,77.04,77.39
1648911600000,75.83,76.4,75.0,75.0,4.77
1648915200000,74.85,77.35,74.85,76.87,11.02
1648918800000,77.09,77.09,75.94,76.63,1.69
1648922400000,78.1,78.11,70.78,73.69,90.66
1648926000000,74.39,75.37,73.86,74.7,36.47
1648929600000,76.26,76.26,73.8,75.19,1.77
1648933200000,75.16,75.17,75.16,75.17,1.25
1648936800000,73.99,75.14,73.99,75.14,6.82
1648940400000,75.09,75.14,73.67,73.67,16.29
1648944000000,74.98,75.39,74.98,75.39,19.9
1648947600000,73.09,73.09,72.43,72.43,44.14
1648951200000,73.72,73.73,73.72,73.73,2.68
1648954800000,72.84,72.84,72.84,72.84,1.02
1648958400000,72.84,72.84,72.84,72.84,0.0
1648962000000,72.84,72.84,72.84,72.84,0.0
1648965600000,74.44,74.44,74.44,74.44,4.93
1648969200000,74.52,76.81,74.51,75.89,43.45
1648972800000,74.64,75.9,74.64,75.07,13.17
1648976400000,74.08,76.56,74.06,75.29,22.93
1648980000000,76.17,76.36,74.35,75.21,12.15
1648983600000,75.37,75.61,75.37,75.61,1.84
1648987200000,75.26,76.5,74.25,76.3,183.16
1648990800000,74.96,76.34,74.26,75.19,91.54
1648994400000,74.86,74.86,74.17,74.17,18.92
1648998000000,74.82,76.03,74.47,74.47,16.88
1649001600000,74.26,75.93,74.01,74.01,6.97
1649005200000,73.92,74.47,73.47,73.61,46.34
1649008800000,74.72,74.89,73.48,74.22,78.09
1649012400000,75.59,75.61,73.38,74.12,12.52
1649016000000,73.99,75.09,73.86,73.86,26.43
1649019600000,75.03,75.29,74.15,75.29,2.61
1649023200000,76.62,76.62,75.13,75.6,79.05
1649026800000,75.1,76.41,73.86,74.5,40.91
1649030400000,74.0,74.0,73.4,73.4,15.89
1649034000000,73.86,74.01,73.86,74.01,68.79
1649037600000,74.01,74.01,74.01,74.01,0.0
1649041200000,74.55,74.55,74.55,74.55,0.67
1649044800000,74.55,74.55,74.55,74.55,0.0
1649048400000,73.17,73.17,73.15,73.15,5.6
1649052000000,74.11,74.11,74.11,74.11,4.03
1649055600000,74.45,74.45,74.45,74.45,0.2
1649059200000,74.05,74.24,73.4,73.93,56.8
1649062800000,74.11,74.11,72.97,73.03,19.17
1649066400000,73.49,74.16,72.5,73.09,169.7
1649070000000,72.98,74.24,72.14,73.68,45.54
1649073600000,73.81,74.81,72.07,72.39,24.42
1649077200000,72.27,74.03,71.52,72.45,120.08
1649080800000,71.61,72.63,70.6,71.08,237.36
1649084400000,70.54,71.13,70.02,70.86,88.08
1649088000000,70.02,72.18,70.02,71.01,110.59
1649091600000,70.85,72.09,69.22,70.88,83.56
1649095200000,69.25,71.06,69.25,71.06,145.44
1649098800000,70.69,73.06,70.49,72.36,227.69
1649102400000,72.17,73.7,71.35,72.39,40.82
1649106000000,71.17,73.51,71.17,72.51,250.73
1649109600000,72.79,72.8,71.9,71.92,120.89
1649113200000,71.9,74.32,71.9,73.39,6.91
1649116800000,73.33,74.91,73.33,74.91,1.23
1649120400000,72.67,72.67,72.67,72.67,0.21
1649124000000,74.73,74.73,72.48,72.48,16.14
1649127600000,72.48,72.48,72.48,72.48,0.0
1649131200000,74.84,74.98,73.07,74.98,2.95
1649134800000,74.98,74.98,74.98,74.98,0.0
1649138400000,72.98,74.97,72.38,72.38,149.59
1649142000000,71.89,73.56,71.86,72.44,56.41
1649145600000,73.99,73.99,72.68,72.68,52.32
1649149200000,73.96,74.53,72.86,72.86,26.69
1649152800000,72.13,73.7,72.12,72.49,5.81
1649156400000,73.66,73.68,72.49,72.73,50.72
1649160000000,73.99,74.22,73.64,73.79,56.02
1649163600000,73.29,73.29,72.4,72.64,81.56
1649167200000,72.46,72.75,71.11,71.56,108.97
1649170800000,71.46,71.83,71.39,71.39,45.46
1649174400000,71.65,72.09,70.93,71.24,146.45
1649178000000,71.77,72.04,71.32,71.53,29.44
1649181600000,71.48,71.77,71.41,71.75,48.28
1649185200000,71.4,71.4,70.54,70.87,172.52
1649188800000,70.87,71.1,70.51,70.68,35.94
1649192400000,70.81,70.87,70.52,70.87,10.12
1649196000000,70.66,70.66,70.4,70.4,27.4
1649199600000,70.11,70.51,69.47,69.47,19.41
1649203200000,69.47,69.47,66.32,68.19,125.75
1649206800000,68.8,69.12,68.77,69.12,19.37
1649210400000,68.95,69.18,68.95,68.99,1.7
1649214000000,68.55,68.89,68.55,68.89,8.84
1649217600000,68.53,69.1,68.53,69.1,2.45
1649221200000,69.39,69.6,69.1,69.6,7.7
1649224800000,69.45,69.45,68.37,69.45,181.4
1649228400000,69.59,69.59,69.0,69.38,8.76
1649232000000,69.04,69.04,68.62,68.73,142.07
1649235600000,68.72,68.73,68.21,68.49,70.46
1649239200000,67.79,68.4,67.52,67.52,22.33
1649242800000,67.0,67.18,65.89,67.0,171.18
1649246400000,66.49,67.33,66.4,66.5,65.89
1649250000000,67.92,67.92,64.94,64.96,190.1
1649253600000,64.96,65.66,64.0,65.46,155.02
1649257200000,65.17,65.63,64.64,65.09,61.66
1649260800000,64.91,65.52,64.28,64.5,71.63
1649264400000,63.85,65.62,63.62,65.62,59.23
1649268000000,65.28,65.5,63.85,65.43,74.2
1649271600000,65.86,66.01,65.26,65.84,17.21
1649275200000,66.03,66.4,65.72,66.15,56.33
1649278800000,66.16,66.17,65.47,65.59,135.93
1649282400000,65.45,65.48,64.59,64.7,32.36
1649286000000,64.44,64.8,63.33,63.47,28.33
1649289600000,64.0,64.35,62.82,62.82,122.41
1649293200000,63.28,63.98,63.28,63.98,68.58
1649296800000,64.07,64.07,63.37,63.49,3.7
1649300400000,63.97,63.97,63.45,63.7,34.02
1649304000000,63.99,63.99,63.99,63.99,4.09
1649307600000,63.85,64.29,63.85,64.29,12.25
1649311200000,63.86,64.35,63.86,64.35,45.93
1649314800000,64.6,64.87,64.48,64.87,102.55
1649318400000,64.97,65.17,64.85,65.05,68.36
1649322000000,64.94,64.95,64.37,64.79,31.94
1649325600000,64.51,64.58,64.24,64.58,111.29
1649329200000,64.58,65.56,64.58,65.56,176.01
1649332800000,65.56,65.89,64.88,64.88,47.1
1649336400000,64.84,64.96,64.35,64.96,19.68
1649340000000,65.22,67.1,64.24,64.24,165.46
1649343600000,64.44,64.44,62.7,63.69,294.42
1649347200000,63.94,65.4,63.94,65.4,109.26
1649350800000,66.35,66.35,65.51,65.92,45.35
1649354400000,66.3,67.0,66.13,67.0,101.47
1649358000000,67.71,67.84,66.4,66.4,53.04
1649361600000,66.58,67.22,66.58,67.22,35.89
1649365200000,66.93,66.93,66.26,66.74,44.73
1649368800000,66.64,67.21,66.64,67.21,22.16
1649372400000,67.68,67.87,67.12,67.12,13.51
1649376000000,66.91,67.54,66.91,66.99,36.94
1649379600000,66.98,66.98,66.98,66.98,28.63
1649383200000,67.97,67.97,67.59,67.59,1.62
1649386800000,67.59,67.59,67.59,67.59,0.0
1649390400000,67.59,67.59,67.59,67.59,0.0
1649394000000,67.86,68.49,67.56,67.57,215.42
1649397600000,67.93,68.08,67.43,67.57,49.15
1649401200000,68.01,68.01,66.66,67.64,106.06
1649404800000,67.57,68.28,67.23,68.28,173.96
1649408400000,68.18,68.18,67.6,67.75,57.29
1649412000000,67.39,67.39,67.1,67.2,68.62
1649415600000,67.39,67.39,66.29,66.29,85.66
1649419200000,66.83,67.11,66.54,66.54,21.76
1649422800000,66.49,66.64,66.25,66.63,108.32
1649426400000,66.79,69.02,66.79,68.82,89.98
1649430000000,69.15,69.15,68.62,68.67,156.62
1649433600000,69.27,69.27,67.84,67.84,94.88
1649437200000,67.57,67.6,66.53,67.6,22.52
1649440800000,66.45,67.19,66.01,66.85,20.25
1649444400000,67.42,67.42,66.21,66.21,71.71
1649448000000,66.67,66.67,66.01,66.29,46.99
1649451600000,65.99,66.27,65.75,65.75,202.36
1649455200000,64.64,64.88,64.4,64.6,4.47
1649458800000,64.23,64.35,63.63,63.63,90.15
1649462400000,64.65,65.74,64.48,65.74,34.96
1649466000000,65.52,65.52,64.66,64.81,15.33
1649469600000,65.0,65.0,63.8,63.83,172.35
1649473200000,64.17,64.22,64.05,64.21,34.5
1649476800000,64.27,64.27,64.23,64.23,2.68
1649480400000,64.26,64.26,64.26,64.26,30.0
1649484000000,64.3,64.76,64.3,64.76,11.26
1649487600000,64.37,64.81,64.37,64.8,71.19
1649491200000,64.8,65.0,64.66,64.9,15.52
1649494800000,64.77,64.84,64.39,64.39,64.95
1649498400000,64.39,64.52,64.04,64.52,2.24
1649502000000,64.52,64.69,64.52,64.6,56.93
1649505600000,64.53,64.86,64.41,64.86,41.75
1649509200000,64.99,65.01,64.7,64.7,72.3
1649512800000,64.51,64.51,63.18,63.9,395.18
1649516400000,63.97,63.97,63.27,63.27,34.48
1649520000000,63.66,63.94,63.65,63.74,37.11
1649523600000,63.83,64.6,63.83,64.6,29.59
1649527200000,64.01,64.24,64.01,64.24,9.99
1649530800000,64.15,64.27,63.77,63.79,54.89
1649534400000,64.1,64.26,63.79,63.79,69.69
1649538000000,63.79,64.02,63.79,64.02,25.43
1649541600000,64.36,64.56,64.29,64.4,63.46
1649545200000,64.36,65.25,64.36,65.25,2.39
1649548800000,65.03,65.12,65.03,65.12,2.91
1649552400000,64.39,64.7,64.39,64.7,2.0
1649556000000,64.84,64.84,64.76,64.76,2.18
1649559600000,65.11,65.11,65.11,65.11,0.44
1649563200000,64.76,64.76,64.62,64.63,4.65
1649566800000,64.73,64.73,64.48,64.56,31.5
1649570400000,64.39,64.39,64.39,64.39,0.69
1649574000000,64.26,64.26,64.12,64.16,21.22
1649577600000,63.91,64.38,63.9,64.38,18.8
1649581200000,64.0,64.07,63.79,63.99,104.71
1649584800000,63.99,64.15,63.94,64.15,16.17
1649588400000,64.32,64.42,64.11,64.42,6.3
1649592000000,64.56,64.74,64.38,64.44,86.71
1649595600000,64.6,64.6,64.27,64.42,8.28
1649599200000,64.13,64.78,64.13,64.76,24.14
1649602800000,64.52,64.52,64.52,64.52,0.2
1649606400000,64.74,65.05,64.58,64.88,48.47
1649610000000,65.1,65.78,65.1,65.64,36.1
1649613600000,65.76,66.0,65.53,65.59,43.42
1649617200000,65.45,65.46,65.29,65.39,48.55
1649620800000,65.66,65.69,65.05,65.05,39.16
1649624400000,65.63,65.63,64.49,64.5,80.43
1649628000000,64.33,64.35,63.6,64.11,348.41
1649631600000,63.42,64.08,62.3,62.3,116.2
1649635200000,62.11,62.11,61.87,61.87,8.85
1649638800000,62.34,62.34,62.34,62.34,0.96
1649642400000,61.45,61.73,60.33,60.33,116.97
1649646000000,60.21,60.85,60.21,60.85,57.79
1649649600000,60.85,60.85,60.85,60.85,0.18
1649653200000,60.85,60.85,60.85,60.85,0.0
1649656800000,61.21,61.38,61.19,61.35,15.83
1649660400000,61.27,61.61,60.91,61.56,184.13
1649664000000,61.39,61.39,60.63,60.87,33.75
1649667600000,60.41,60.7,59.0,59.11,296.1
1649671200000,58.32,59.12,58.32,59.05,39.4
1649674800000,59.0,59.08,57.88,58.44,118.39
1649678400000,58.66,59.08,58.16,58.16,274.56
1649682000000,58.43,58.56,57.55,58.54,55.55
1649685600000,58.81,58.81,57.99,58.47,29.82
1649689200000,58.33,59.04,58.33,58.44,15.92
1649692800000,58.04,58.39,57.59,58.33,115.56
1649696400000,58.56,58.74,58.11,58.51,71.12
1649700000000,58.51,58.56,57.3,57.58,74.99
1649703600000,57.93,57.93,56.68,57.09,91.2
1649707200000,56.86,57.14,56.5,56.97,81.34
1649710800000,56.88,57.15,56.05,56.29,74.09
1649714400000,56.27,57.51,55.87,57.51,142.0
1649718000000,57.32,57.35,57.01,57.01,47.49
1649721600000,57.16,57.7,57.12,57.63,37.89
1649725200000,57.59,58.36,57.59,58.36,2.06
1649728800000,57.01,57.01,57.01,57.01,0.27
1649732400000,57.46,57.78,57.46,57.73,119.4
1649736000000,57.63,58.35,57.63,58.35,1.57
1649739600000,59.06,59.06,58.88,58.88,6.07
1649743200000,59.56,59.56,58.86,58.86,18.1
1649746800000,59.04,59.56,59.04,59.56,56.35
1649750400000,59.56,59.78,59.52,59.65,29.53
1649754000000,59.19,59.44,59.17,59.42,74.51
1649757600000,59.78,59.82,59.25,59.82,9.88
1649761200000,59.77,60.4,59.57,60.27,77.94
1649764800000,60.48,60.66,60.07,60.41,31.63
1649768400000,61.03,61.07,60.4,60.47,75.33
1649772000000,60.31,60.32,58.4,58.76,250.09
1649775600000,58.82,59.43,58.82,59.16,31.97
1649779200000,59.32,59.33,58.75,58.97,36.24
1649782800000,59.18,59.62,58.87,58.94,40.98
1649786400000,58.56,58.56,58.01,58.01,18.05
1649790000000,57.7,58.04,57.36,57.36,67.93
1649793600000,57.37,58.09,57.37,57.9,67.48
1649797200000,58.09,58.14,58.09,58.1,5.81
1649800800000,58.39,58.39,57.88,58.31,11.52
1649804400000,58.61,58.98,58.61,58.92,22.09
1649808000000,58.99,58.99,58.55,58.55,19.27
1649811600000,59.0,59.0,59.0,59.0,0.24
1649815200000,59.21,59.3,59.21,59.24,15.3
1649818800000,59.29,59.79,59.29,59.68,49.3
1649822400000,59.14,59.14,59.02,59.02,15.53
1649826000000,59.67,59.67,59.67,59.67,5.08
1649829600000,59.67,59.72,59.37,59.38,12.78
1649833200000,59.38,59.49,59.38,59.49,70.18
1649836800000,59.53,59.88,59.47,59.88,163.11
1649840400000,59.69,60.03,59.6,59.73,13.79
1649844000000,59.85,59.85,58.92,59.15,3.78
1649847600000,59.45,59.45,59.26,59.36,21.75
1649851200000,58.83,59.08,58.83,59.08,4.71
1649854800000,58.65,61.6,58.43,60.26,82.25
1649858400000,60.62,62.45,60.0,60.64,108.38
1649862000000,60.9,61.79,60.9,61.28,63.67
1649865600000,61.28,61.57,60.9,61.21,5.66
1649869200000,60.87,60.87,60.5,60.62,32.77
1649872800000,61.25,61.36,61.25,61.36,17.76
1649876400000,61.35,61.69,61.23,61.23,21.82
1649880000000,61.46,61.46,61.29,61.29,1.48
1649883600000,61.37,61.37,61.04,61.04,42.53
1649887200000,61.14,61.25,60.76,60.76,52.48
1649890800000,61.15,61.27,60.93,61.12,89.41
1649894400000,61.14,61.17,61.11,61.11,33.32
1649898000000,61.35,61.91,61.35,61.91,9.22
1649901600000,61.91,61.91,61.91,61.91,0.0
1649905200000,61.83,61.83,61.83,61.83,3.16
1649908800000,61.83,61.83,61.83,61.83,0.0
1649912400000,62.29,62.4,62.18,62.18,32.4
1649916000000,61.83,61.97,61.68,61.73,28.09
1649919600000,61.83,62.01,61.83,62.01,4.03
1649923200000,61.71,61.89,61.64,61.64,13.15
1649926800000,61.4,61.71,61.16,61.71,42.0
1649930400000,61.18,61.31,60.53,60.53,17.52
1649934000000,60.76,60.88,60.24,60.24,37.61
1649937600000,60.31,61.69,60.31,61.69,73.41
1649941200000,61.73,61.76,60.64,60.64,110.47
1649944800000,60.5,60.5,59.73,59.92,201.63
1649948400000,59.8,59.91,59.26,59.91,6.79
1649952000000,59.27,59.27,58.5,58.74,76.25
1649955600000,58.99,59.21,58.66,58.89,111.07
1649959200000,59.26,59.28,58.69,58.69,19.07
1649962800000,58.51,59.03,58.51,58.79,35.38
1649966400000,58.88,59.27,58.54,59.24,63.46
1649970000000,59.22,59.4,59.22,59.4,11.0
1649973600000,59.17,59.42,58.92,58.92,12.03
1649977200000,58.97,58.97,58.97,58.97,0.3
1649980800000,59.08,59.08,58.8,58.8,6.0
1649984400000,58.8,58.8,58.8,58.8,0.0
1649988000000,59.28,59.28,59.28,59.28,0.63
1649991600000,59.48,59.94,59.48,59.93,15.38
1649995200000,59.97,60.09,59.93,59.93,35.78
1649998800000,59.93,59.93,59.93,59.93,0.0
1650002400000,60.08,60.08,59.6,59.6,8.44
1650006000000,59.78,59.78,59.68,59.75,77.81
1650009600000,59.46,59.46,59.45,59.45,28.15
1650013200000,59.74,59.74,59.38,59.38,20.33
1650016800000,59.73,59.81,59.6,59.66,25.36
1650020400000,59.75,59.9,59.75,59.77,14.41
1650024000000,59.77,59.77,59.3,59.3,29.05
1650027600000,59.56,59.56,57.58,57.98,312.13
1650031200000,57.91,58.63,57.39,58.16,99.71
1650034800000,58.86,58.98,58.56,58.98,80.91
1650038400000,58.79,59.07,58.55,59.07,76.75
1650042000000,59.07,59.27,59.07,59.07,4.03
1650045600000,59.0,59.0,58.99,58.99,2.09
1650049200000,58.98,59.13,58.98,59.13,11.04
1650052800000,59.15,59.15,59.15,59.15,2.0
1650056400000,59.42,59.48,59.24,59.24,5.68
1650060000000,59.24,59.24,59.15,59.2,1.35
1650063600000,59.44,59.52,59.44,59.5,9.05
1650067200000,59.46,59.46,59.46,59.46,1.65
1650070800000,59.46,59.46,59.46,59.46,0.0
1650074400000,59.41,59.41,59.41,59.41,0.31
1650078000000,58.81,58.81,58.81,58.81,0.24
1650081600000,58.81,58.81,58.81,58.81,0.0
1650085200000,58.81,58.81,58.81,58.81,0.0
1650088800000,59.31,59.31,59.06,59.06,9.39
1650092400000,59.46,59.52,59.46,59.5,134.73
1650096000000,59.31,59.33,59.04,59.1,49.15
1650099600000,58.94,59.1,58.94,59.04,8.56
1650103200000,59.18,59.22,59.18,59.22,9.6
1650106800000,59.37,59.83,59.37,59.59,11.08
1650110400000,59.35,59.66,59.35,59.6,40.86
1650114000000,59.44,59.54,59.42,59.46,3.73
1650117600000,59.69,59.87,59.69,59.87,19.14
1650121200000,59.94,60.27,58.93,58.93,33.35
1650124800000,58.98,59.21,58.93,59.19,23.88
1650128400000,58.97,59.39,58.96,59.2,164.29
1650132000000,59.14,59.26,59.03,59.25,36.47
1650135600000,59.51,59.51,59.27,59.27,7.49
1650139200000,59.4,59.5,59.29,59.5,26.22
1650142800000,59.54,59.81,59.54,59.81,8.41
1650146400000,60.05,60.05,59.53,59.53,20.59
1650150000000,59.57,59.95,59.57,59.91,40.62
1650153600000,59.57,59.57,59.57,59.57,5.02
1650157200000,59.57,59.57,59.57,59.57,0.0
1650160800000,59.57,59.57,59.57,59.57,0.0
1650164400000,59.54,59.54,59.54,59.54,1.29
1650168000000,59.36,59.36,59.36,59.36,3.61
1650171600000,59.36,59.36,59.36,59.36,0.0
1650175200000,59.63,59.63,59.63,59.63,0.87
1650178800000,59.7,59.7,59.7,59.7,0.82
1650182400000,59.59,59.91,59.59,59.73,14.37
1650186000000,59.73,59.73,59.73,59.73,0.0
1650189600000,59.98,60.02,59.64,59.66,16.64
1650193200000,59.92,59.93,59.76,59.76,10.5
1650196800000,59.73,59.78,59.59,59.78,17.12
1650200400000,59.75,60.54,59.75,60.54,20.95
1650204000000,60.09,60.09,60.05,60.05,3.45
1650207600000,60.08,60.46,60.08,60.46,10.17
1650211200000,60.48,60.48,60.33,60.36,10.94
1650214800000,60.34,60.34,60.34,60.34,0.41
1650218400000,59.51,60.33,59.25,59.34,64.53
1650222000000,59.35,60.13,59.35,60.11,10.91
1650225600000,60.33,62.75,59.72,59.82,103.02
1650229200000,59.6,59.6,59.4,59.56,81.28
1650232800000,59.4,59.4,59.08,59.19,7.83
1650236400000,58.91,58.91,57.91,58.41,14.96
1650240000000,58.17,58.17,58.17,58.17,0.84
1650243600000,58.55,58.7,58.42,58.7,31.59
1650247200000,58.64,58.64,58.64,58.64,0.25
1650250800000,58.63,58.64,58.63,58.64,37.41
1650254400000,58.0,58.0,55.77,55.77,121.88
1650258000000,55.29,55.29,55.27,55.27,1.3
1650261600000,56.24,56.33,56.24,56.33,1.8
1650265200000,56.47,56.6,56.0,56.16,198.04
1650268800000,56.35,56.35,56.35,56.35,15.0
1650272400000,55.99,56.44,55.9,56.44,53.38
1650276000000,58.03,58.03,56.03,56.49,174.11
1650279600000,56.35,56.48,56.23,56.23,29.92
1650283200000,56.39,57.36,56.39,57.29,9.45
1650286800000,57.29,57.5,57.09,57.37,102.19
1650290400000,57.53,57.75,57.42,57.75,100.47
1650294000000,57.75,57.75,57.37,57.37,42.45
1650297600000,57.53,57.9,57.22,57.82,23.34
1650301200000,58.1,58.8,58.1,58.8,100.3
1650304800000,58.92,59.25,58.68,59.22,88.39
1650308400000,58.79,59.08,58.49,58.78,131.33
1650312000000,58.95,59.51,58.95,59.51,86.45
1650315600000,59.71,60.21,59.71,59.83,106.62
1650319200000,59.73,59.89,59.72,59.88,39.07
1650322800000,60.14,60.14,60.14,60.14,4.98
1650326400000,59.97,60.48,59.94,60.48,6.63
1650330000000,60.08,60.08,59.92,59.92,4.7
1650333600000,59.81,59.81,59.81,59.81,1.31
1650337200000,59.81,59.81,59.81,59.81,0.0
1650340800000,59.49,59.8,59.49,59.79,17.0
1650344400000,59.43,59.43,59.43,59.43,50.08
1650348000000,59.91,59.91,59.74,59.74,0.84
1650351600000,59.74,59.98,59.68,59.98,1.74
1650355200000,59.85,59.98,59.7,59.7,12.05
1650358800000,59.92,59.92,59.42,59.7,50.37
1650362400000,59.94,60.29,59.93,59.93,11.78
1650366000000,60.37,60.87,60.23,60.87,6.59
1650369600000,60.08,60.87,60.08,60.59,38.21
1650373200000,60.41,61.31,60.41,61.31,45.39
1650376800000,61.61,64.68,61.23,61.6,235.47
1650380400000,61.81,63.03,61.81,61.96,116.78
1650384000000,61.96,61.96,61.19,61.2,30.23
1650387600000,61.06,61.06,60.8,60.8,24.64
1650391200000,61.14,61.27,61.02,61.23,41.57
1650394800000,61.13,61.58,61.13,61.44,30.32
1650398400000,61.09,61.1,61.09,61.1,1.0
1650402000000,61.48,61.48,61.45,61.45,3.3
1650405600000,61.43,61.43,61.1,61.41,25.27
1650409200000,61.59,61.85,61.59,61.85,0.6
1650412800000,61.31,61.32,61.31,61.32,8.61
1650416400000,61.32,61.32,61.32,61.32,0.0
1650420000000,60.96,60.96,60.96,60.96,0.67
1650423600000,61.42,61.44,61.41,61.44,22.83
1650427200000,61.21,61.21,61.21,61.21,10.0
1650430800000,61.16,61.19,60.94,61.06,51.99
1650434400000,60.89,61.09,60.76,61.05,22.03
1650438000000,61.21,61.34,60.63,60.98,39.93
1650441600000,61.06,61.06,60.92,60.99,32.78
1650445200000,60.97,61.28,60.97,61.28,11.75
1650448800000,61.98,62.03,61.85,61.89,3.96
1650452400000,61.89,62.39,61.51,62.39,24.02
1650456000000,62.47,62.47,62.0,62.0,9.58
1650459600000,61.87,61.87,60.68,60.68,21.47
1650463200000,60.66,61.03,60.48,60.82,97.76
1650466800000,60.04,60.07,59.62,60.07,19.54
1650470400000,60.12,60.12,60.06,60.06,14.88
1650474000000,60.33,60.33,60.3,60.3,8.75
1650477600000,60.3,60.3,59.45,59.45,33.54
1650481200000,59.62,59.84,59.6,59.84,32.88
1650484800000,59.71,60.29,59.71,60.27,128.16
1650488400000,59.92,60.5,59.92,60.45,169.43
1650492000000,60.26,60.77,60.26,60.57,3.58
1650495600000,60.06,60.06,59.9,59.9,14.25
1650499200000,60.21,60.21,60.21,60.21,3.6
1650502800000,60.21,60.21,60.21,60.21,0.0
1650506400000,60.43,60.43,60.43,60.43,3.3
1650510000000,60.43,60.43,60.43,60.43,33.08
1650513600000,60.43,60.43,60.43,60.43,0.0
1650517200000,60.54,60.54,60.54,60.54,4.03
1650520800000,59.73,59.73,59.73,59.73,1.12
1650524400000,59.99,60.02,59.99,60.02,19.92
1650528000000,60.28,60.3,60.27,60.27,5.59
1650531600000,60.27,60.27,60.15,60.17,66.89
1650535200000,59.71,60.42,59.71,60.42,23.67
1650538800000,60.9,61.16,60.9,60.94,62.85
1650542400000,60.75,61.22,60.63,61.07,99.89
1650546000000,61.0,61.44,61.0,61.22,10.01
1650549600000,61.04,61.04,60.44,60.45,22.84
1650553200000,60.89,60.93,60.52,60.52,47.71
1650556800000,60.52,60.83,60.02,60.02,255.2
1650560400000,60.24,60.24,59.95,59.95,4.77
1650564000000,59.62,59.81,59.4,59.61,29.35
1650567600000,59.27,59.27,58.79,58.9,61.47
1650571200000,58.54,58.8,58.0,58.01,103.11
1650574800000,58.19,58.36,57.96,58.01,37.63
1650578400000,57.78,57.78,57.0,57.71,29.61
1650582000000,58.04,58.05,57.42,57.74,44.85
1650585600000,57.81,58.2,57.81,58.2,11.7
1650589200000,58.2,58.2,58.2,58.2,0.0
1650592800000,57.99,57.99,57.99,57.99,9.4
1650596400000,58.61,58.61,58.61,58.61,0.23
1650600000000,58.37,58.78,58.37,58.74,35.26
1650603600000,58.83,58.83,58.77,58.77,3.79
1650607200000,58.99,59.33,58.99,59.13,54.97
1650610800000,59.57,59.61,58.87,58.88,146.52
1650614400000,58.95,59.09,58.7,58.7,36.98
1650618000000,58.74,58.97,58.74,58.79,118.96
1650621600000,58.59,58.71,58.34,58.57,10.4
1650625200000,58.82,58.96,58.63,58.76,13.3
1650628800000,58.87,59.12,58.87,58.97,110.48
1650632400000,58.8,59.04,58.0,58.01,76.66
1650636000000,58.12,58.12,57.42,58.0,68.19
1650639600000,58.06,58.06,57.52,57.52,15.94
1650643200000,57.28,57.92,57.28,57.72,132.21
1650646800000,57.98,57.98,57.74,57.74,4.08
1650650400000,57.64,58.15,57.51,58.11,52.57
1650654000000,58.21,58.48,58.12,58.12,208.52
1650657600000,57.97,57.97,57.83,57.85,13.83
1650661200000,57.85,57.88,57.85,57.88,5.51
1650664800000,57.43,58.01,57.43,58.01,48.59
1650668400000,57.94,58.15,57.84,57.96,11.14
1650672000000,57.53,57.7,57.45,57.7,13.23
1650675600000,57.63,57.63,57.58,57.58,35.0
1650679200000,57.5,57.59,57.33,57.33,4.41
1650682800000,57.19,57.19,57.19,57.19,0.5
1650686400000,57.0,57.2,56.92,57.2,176.25
1650690000000,57.2,57.2,57.2,57.2,0.0
1650693600000,57.58,57.74,57.58,57.74,29.45
1650697200000,57.66,57.66,57.6,57.6,12.42
1650700800000,57.74,57.77,57.46,57.77,33.31
1650704400000,57.72,57.85,57.64,57.68,16.16
1650708000000,57.68,57.85,57.68,57.85,26.87
1650711600000,57.81,57.82,57.81,57.81,17.22
1650715200000,57.52,57.76,57.24,57.63,93.95
1650718800000,57.8,57.8,57.75,57.75,1.31
1650722400000,57.56,57.56,57.56,57.56,1.0
1650726000000,57.59,57.76,57.52,57.66,7.89
1650729600000,57.69,57.92,57.69,57.89,3.64
1650733200000,57.51,57.89,57.43,57.89,43.92
1650736800000,57.95,57.95,57.45,57.54,33.57
1650740400000,57.57,57.57,57.38,57.38,2.7
1650744000000,57.46,57.46,57.46,57.46,4.35
1650747600000,57.6,57.62,57.48,57.48,7.55
1650751200000,57.38,57.63,57.38,57.58,6.09
1650754800000,57.33,57.33,56.51,56.51,17.49
1650758400000,56.89,57.06,56.82,57.06,24.71
1650762000000,57.14,57.14,57.14,57.14,14.36
1650765600000,57.01,57.01,57.01,57.01,8.75
1650769200000,57.21,57.21,57.18,57.18,23.94
1650772800000,57.24,57.24,57.24,57.24,10.21
1650776400000,56.85,56.85,56.85,56.85,1.8
1650780000000,56.85,56.85,56.85,56.85,0.0
1650783600000,57.24,57.24,57.12,57.12,8.71
1650787200000,57.02,57.06,57.02,57.06,7.0
1650790800000,56.95,57.15,56.95,57.15,1.58
1650794400000,56.94,56.94,56.84,56.84,6.24
1650798000000,56.81,56.88,56.8,56.88,23.66
1650801600000,56.8,56.83,56.55,56.6,40.81
1650805200000,56.5,56.56,56.5,56.56,0.72
1650808800000,56.33,56.33,56.22,56.22,1.23
1650812400000,56.56,56.56,56.33,56.47,3.28
1650816000000,56.24,56.24,55.5,55.5,20.31
1650819600000,56.05,56.05,55.5,55.9,39.75
1650823200000,56.2,56.42,56.08,56.42,31.77
1650826800000,56.39,56.51,56.39,56.43,22.98
1650830400000,56.0,56.0,56.0,56.0,1.0
1650834000000,56.08,56.49,56.04,56.34,135.18
1650837600000,56.33,56.7,56.33,56.47,39.84
1650841200000,56.15,56.15,55.91,55.91,15.11
1650844800000,55.7,55.7,54.45,54.45,184.42
1650848400000,54.46,54.95,54.46,54.95,3.77
1650852000000,54.74,54.74,54.74,54.74,14.25
1650855600000,54.98,55.11,54.98,55.11,2.52
1650859200000,55.03,55.03,54.93,54.93,15.45
1650862800000,55.09,55.09,55.04,55.06,14.23
1650866400000,54.5,54.5,53.71,53.81,85.48
1650870000000,53.77,53.81,53.21,53.51,200.76
1650873600000,53.33,53.66,53.07,53.24,62.08
1650877200000,53.02,53.96,52.87,53.93,177.87
1650880800000,54.01,54.04,53.67,53.83,40.27
1650884400000,53.61,54.25,53.4,54.25,26.15
1650888000000,54.48,54.83,54.32,54.83,80.02
1650891600000,54.56,55.19,54.56,54.69,25.24
1650895200000,54.5,55.24,54.5,54.93,62.27
1650898800000,55.05,55.31,54.66,54.84,225.77
1650902400000,54.72,55.84,54.71,55.84,53.03
1650906000000,55.84,55.99,55.44,55.44,55.19
1650909600000,55.44,55.7,55.43,55.7,94.18
1650913200000,55.7,56.53,55.67,56.51,82.0
1650916800000,56.52,56.7,56.32,56.45,7.74
1650920400000,56.48,56.69,56.46,56.69,66.14
1650924000000,56.71,57.23,56.57,57.23,16.0
1650927600000,57.02,57.4,56.78,57.26,18.75
1650931200000,57.21,57.39,57.21,57.39,9.78
1650934800000,56.77,56.77,56.77,56.77,2.81
1650938400000,56.77,56.77,56.77,56.77,0.0
1650942000000,56.44,56.44,56.44,56.44,3.03
1650945600000,56.44,56.44,56.44,56.44,0.0
1650949200000,56.81,56.97,56.81,56.92,23.63
1650952800000,56.92,56.92,56.78,56.78,30.54
1650956400000,56.58,56.88,56.44,56.81,51.32
1650960000000,56.89,56.93,56.86,56.86,21.38
1650963600000,56.87,56.87,56.19,56.37,173.87
1650967200000,56.48,56.67,56.15,56.21,168.91
1650970800000,56.15,56.31,56.15,56.31,13.9
1650974400000,56.25,56.38,55.88,55.88,19.7
1650978000000,55.88,55.9,55.0,55.0,153.8
1650981600000,54.85,54.85,54.01,54.26,98.18
1650985200000,54.0,54.66,53.8,54.37,41.21
1650988800000,53.85,55.25,53.85,55.25,46.9
1650992400000,54.66,54.97,54.31,54.97,98.49
1650996000000,54.69,54.86,54.59,54.59,19.5
1650999600000,54.63,54.63,54.0,54.31,36.34
1651003200000,54.29,54.29,53.72,54.12,41.63
1651006800000,54.36,55.33,54.36,55.33,187.79
1651010400000,55.25,55.45,54.98,54.98,17.24
1651014000000,54.88,54.88,54.3,54.76,36.9
1651017600000,54.87,54.87,54.87,54.87,0.27
1651021200000,54.98,55.38,54.97,55.38,10.03
1651024800000,55.4,55.42,55.37,55.37,18.89
1651028400000,55.65,55.65,55.65,55.65,5.31
1651032000000,55.18,55.28,55.01,55.01,44.1
1651035600000,55.01,55.04,55.0,55.04,4.86
1651039200000,55.6,55.87,55.6,55.87,13.36
1651042800000,55.87,56.35,55.84,56.35,25.95
1651046400000,56.41,56.45,55.45,55.86,125.62
1651050000000,55.74,56.09,55.74,55.92,195.44
1651053600000,56.19,56.28,56.14,56.14,65.03
1651057200000,55.79,55.86,55.44,55.52,98.52
1651060800000,55.95,55.95,55.7,55.91,9.01
1651064400000,55.81,57.27,55.81,57.19,73.05
1651068000000,56.25,56.66,56.13,56.29,25.69
1651071600000,56.49,56.52,56.16,56.17,49.06
1651075200000,56.16,56.16,55.79,55.79,9.05
1651078800000,55.33,55.66,55.33,55.66,1.13
1651082400000,55.64,55.64,55.58,55.59,14.04
1651086000000,55.25,55.25,54.7,54.92,42.98
1651089600000,54.94,55.43,54.94,55.3,91.84
1651093200000,55.04,55.63,55.04,55.59,78.52
1651096800000,55.57,55.57,55.57,55.57,4.5
1651100400000,55.6,55.86,55.6,55.72,15.51
1651104000000,55.86,55.91,55.86,55.91,2.65
1651107600000,55.85,55.91,55.65,55.65,16.72
1651111200000,55.65,55.65,55.65,55.65,0.0
1651114800000,55.65,55.65,55.65,55.65,0.64
1651118400000,55.69,55.69,55.69,55.69,2.52
1651122000000,55.69,55.69,55.69,55.69,0.0
1651125600000,55.38,55.45,55.19,55.37,34.97
1651129200000,55.41,55.62,55.41,55.49,4.8
1651132800000,55.64,56.22,55.64,56.22,29.19
1651136400000,56.35,56.35,56.23,56.27,18.17
1651140000000,55.95,56.24,55.88,55.96,13.79
1651143600000,56.42,56.49,56.23,56.49,30.53
1651147200000,56.36,56.61,56.01,56.14,10.54
1651150800000,55.45,55.45,54.97,54.97,5.92
1651154400000,54.5,54.95,54.42,54.95,45.01
1651158000000,54.78,55.61,54.01,54.01,124.23
1651161600000,54.21,54.99,54.21,54.99,54.69
1651165200000,54.6,54.89,54.44,54.72,23.79
1651168800000,54.68,55.0,54.68,54.99,59.65
1651172400000,54.62,54.62,54.4,54.4,0.73
1651176000000,54.0,54.54,54.0,54.54,6.65
1651179600000,54.16,54.16,54.08,54.13,2.91
1651183200000,54.1,54.1,53.65,53.92,58.12
1651186800000,54.08,54.08,54.03,54.03,3.3
1651190400000,54.15,54.22,53.91,54.22,24.51
1651194000000,54.12,54.12,53.88,53.88,43.8
1651197600000,53.88,53.88,53.26,53.26,48.19
1651201200000,53.39,53.54,53.15,53.33,19.8
1651204800000,53.26,53.26,53.26,53.26,17.32
1651208400000,53.37,53.48,53.37,53.48,3.38
1651212000000,53.62,53.64,53.61,53.64,7.3
1651215600000,53.61,54.18,53.61,54.15,23.76
1651219200000,53.98,53.98,53.4,53.53,93.47
1651222800000,53.4,53.46,53.0,53.09,137.01
1651226400000,52.92,53.16,52.0,52.11,126.5
1651230000000,52.22,52.48,52.05,52.35,186.26
1651233600000,52.56,53.13,52.54,52.88,330.79
1651237200000,52.78,52.89,52.48,52.89,29.64
1651240800000,52.76,52.84,51.79,51.92,115.59
1651244400000,51.91,52.1,51.91,51.96,8.65
1651248000000,52.03,52.11,51.47,51.75,62.57
1651251600000,51.62,51.62,51.3,51.48,33.22
1651255200000,51.3,51.41,50.52,50.62,120.8
1651258800000,50.79,50.94,49.55,49.67,230.46
1651262400000,49.87,50.68,49.87,50.39,522.49
1651266000000,50.35,50.35,50.22,50.22,207.05
1651269600000,50.4,50.58,50.0,50.58,70.54
1651273200000,50.6,50.66,50.35,50.4,63.75
1651276800000,50.9,51.03,50.9,51.03,4.86
1651280400000,51.13,51.28,51.1,51.28,85.44
1651284000000,51.28,51.28,51.28,51.28,0.0
1651287600000,51.06,51.06,51.04,51.04,3.0
1651291200000,51.04,51.04,51.04,51.04,2.0
1651294800000,51.14,51.14,51.13,51.13,16.82
1651298400000,51.02,51.06,51.02,51.02,20.26
1651302000000,51.02,51.02,50.4,50.4,29.46
1651305600000,50.31,50.62,50.16,50.16,232.77
1651309200000,50.13,50.14,49.9,49.9,66.71
1651312800000,50.02,50.18,49.96,50.1,81.75
1651316400000,49.88,50.21,49.88,50.19,22.52
1651320000000,50.09,50.24,49.81,49.81,217.11
1651323600000,49.86,50.1,49.17,49.17,287.78
1651327200000,49.0,49.21,47.87,47.87,77.86
1651330800000,48.12,48.48,48.09,48.11,63.72
1651334400000,48.11,48.43,48.03,48.03,55.16
1651338000000,47.8,48.14,46.83,47.03,155.69
1651341600000,47.08,47.41,46.94,46.94,70.61
1651345200000,46.87,47.61,46.75,47.61,72.45
1651348800000,47.37,47.48,47.05,47.05,79.28
1651352400000,47.02,47.18,46.2,46.2,25.14
1651356000000,46.0,46.26,45.44,45.44,223.82
1651359600000,45.52,45.54,43.72,45.54,1201.61
1651363200000,45.5,46.44,45.0,45.87,231.72
1651366800000,45.89,46.81,45.45,46.81,131.93
1651370400000,46.45,46.86,46.45,46.74,28.9
1651374000000,46.33,46.5,46.33,46.39,8.68
1651377600000,46.48,46.48,46.33,46.33,13.88
1651381200000,47.31,47.78,47.31,47.46,31.9
1651384800000,47.7,47.7,47.14,47.32,7.68
1651388400000,47.0,47.29,46.65,46.67,156.01
1651392000000,46.71,47.59,46.57,47.58,392.47
1651395600000,47.64,47.69,46.85,47.09,315.67
1651399200000,47.09,47.61,47.0,47.33,313.6
1651402800000,47.22,47.22,46.74,46.74,13.14
1651406400000,47.0,47.0,46.54,46.54,39.88
1651410000000,46.76,46.95,46.76,46.94,23.77
1651413600000,46.7,46.7,46.03,46.34,37.05
1651417200000,47.0,48.22,47.0,48.22,162.13
1651420800000,48.22,48.73,48.06,48.32,364.4
1651424400000,48.28,48.33,47.52,47.52,173.16
1651428000000,47.49,47.49,46.15,46.31,30.35
1651431600000,46.28,46.28,45.51,45.79,115.46
1651435200000,45.78,46.86,45.78,46.86,67.9
1651438800000,47.14,47.28,46.55,46.55,63.78
1651442400000,46.84,46.84,46.32,46.32,127.02
1651446000000,46.22,46.78,46.18,46.78,41.07
1651449600000,46.78,48.03,46.78,48.03,47.38
1651453200000,47.6,47.6,47.29,47.29,2.35
1651456800000,46.9,46.9,46.74,46.74,6.03
1651460400000,47.24,47.24,47.06,47.06,3.64
1651464000000,46.93,47.13,46.93,47.13,8.36
1651467600000,47.13,47.13,47.13,47.13,0.0
1651471200000,48.15,48.22,47.69,47.69,55.92
1651474800000,47.48,47.73,47.26,47.26,66.33
1651478400000,47.4,47.4,46.91,47.01,37.47
1651482000000,47.2,47.5,46.15,46.15,161.59
1651485600000,46.0,46.34,45.72,45.93,224.48
1651489200000,45.95,45.95,45.23,45.46,306.56
1651492800000,45.43,46.1,45.39,45.73,73.21
1651496400000,45.92,46.47,45.59,46.35,89.56
1651500000000,46.56,48.01,46.56,47.79,85.26
1651503600000,47.55,49.0,47.32,48.73,135.77
1651507200000,48.73,49.78,48.73,49.63,236.85
1651510800000,49.12,49.23,48.36,48.57,128.2
1651514400000,48.4,48.72,47.92,47.94,138.05
1651518000000,47.95,48.3,47.86,47.86,124.27
1651521600000,47.32,47.83,47.32,47.42,82.7
1651525200000,47.45,48.3,47.43,48.3,30.22
1651528800000,48.86,48.86,48.48,48.48,58.88
1651532400000,48.16,48.65,48.16,48.41,23.61
1651536000000,48.51,48.51,47.98,47.98,13.45
1651539600000,48.1,48.53,48.1,48.53,51.8
1651543200000,48.43,49.17,48.43,49.17,2.7
1651546800000,48.95,49.11,48.95,49.07,75.5
1651550400000,49.53,49.53,49.2,49.2,3.47
1651554000000,49.35,49.35,48.93,49.08,129.18
1651557600000,49.18,49.23,49.18,49.22,27.22
1651561200000,49.44,49.44,48.85,48.85,17.82
1651564800000,48.93,49.07,48.93,49.07,4.97
1651568400000,48.94,49.05,48.68,48.72,30.0
1651572000000,48.61,48.63,48.39,48.55,219.4
1651575600000,48.4,48.93,48.4,48.93,89.57
1651579200000,49.3,49.3,48.41,48.57,19.17
1651582800000,48.6,48.6,48.35,48.57,63.78
1651586400000,48.54,48.68,48.22,48.22,4.9
1651590000000,48.32,48.63,48.25,48.25,51.77
1651593600000,47.77,47.89,47.77,47.84,51.49
1651597200000,47.7,48.5,47.7,48.0,150.58
1651600800000,47.61,47.61,46.95,46.95,66.65
1651604400000,47.12,47.26,46.7,46.7,143.22
1651608000000,46.98,47.07,46.58,47.02,48.01
1651611600000,47.18,47.63,46.77,47.45,53.49
1651615200000,47.94,48.1,47.7,47.7,36.55
1651618800000,47.55,47.81,47.49,47.81,48.45
1651622400000,47.82,48.24,47.82,48.24,4.45
1651626000000,48.41,48.41,48.41,48.41,0.23
1651629600000,48.41,48.41,48.41,48.41,0.0
1651633200000,48.28,48.28,48.28,48.28,7.87
1651636800000,48.24,48.24,48.24,48.24,4.13
1651640400000,47.78,47.78,47.78,47.78,2.2
1651644000000,48.0,48.66,47.99,48.39,163.3
1651647600000,48.38,48.88,48.38,48.88,60.63
1651651200000,48.83,49.35,48.78,48.89,55.63
1651654800000,48.77,48.84,48.77,48.84,3.4
1651658400000,48.97,49.74,48.83,49.54,24.21
1651662000000,49.24,49.4,49.19,49.4,74.99
1651665600000,49.42,49.47,48.77,49.0,64.66
1651669200000,48.85,49.01,48.66,48.66,22.84
1651672800000,49.01,49.01,48.7,48.7,46.65
1651676400000,48.66,48.78,48.29,48.6,43.64
1651680000000,48.63,49.47,48.63,49.18,29.45
1651683600000,49.2,49.55,48.75,49.55,88.1
1651687200000,49.82,51.89,49.41,51.7,136.03
1651690800000,51.57,53.58,51.57,53.39,401.65
1651694400000,53.18,53.18,52.34,52.62,1443.45
1651698000000,52.84,52.84,52.36,52.77,153.17
1651701600000,52.77,52.92,52.56,52.91,196.49
1651705200000,52.73,53.14,52.65,53.14,45.06
1651708800000,53.38,53.5,53.17,53.49,21.53
1651712400000,53.37,53.41,53.03,53.04,21.75
1651716000000,53.17,53.94,53.17,53.94,57.19
1651719600000,54.05,55.07,54.05,54.53,30.64
1651723200000,54.45,54.46,54.44,54.44,55.67
1651726800000,54.05,54.42,53.62,53.62,51.39
1651730400000,53.73,53.97,53.39,53.39,30.87
1651734000000,53.44,53.73,53.37,53.59,25.75
1651737600000,53.35,53.35,52.91,52.92,17.77
1651741200000,52.92,53.28,52.13,52.13,52.84
1651744800000,52.34,52.82,52.34,52.62,34.88
1651748400000,53.11,53.11,52.83,52.83,22.22
1651752000000,53.27,53.38,53.09,53.38,30.49
1651755600000,53.1,53.35,51.6,51.6,521.79
1651759200000,51.6,51.6,49.72,49.72,639.68
1651762800000,49.49,49.49,46.86,46.86,676.32
1651766400000,47.36,47.97,47.34,47.83,175.72
1651770000000,47.95,47.98,47.25,47.25,85.12
1651773600000,47.22,47.31,46.16,47.13,183.49
1651777200000,47.17,47.47,46.34,47.46,265.84
1651780800000,47.16,48.29,47.12,48.29,187.97
1651784400000,48.2,48.6,48.07,48.35,57.05
1651788000000,48.12,48.12,47.5,47.5,31.66
1651791600000,47.57,47.99,47.57,47.82,50.27
1651795200000,47.66,47.66,46.81,47.47,36.92
1651798800000,47.39,47.39,46.97,47.25,11.62
1651802400000,47.41,47.57,47.41,47.57,1.89
1651806000000,47.31,47.31,47.07,47.09,70.24
1651809600000,46.85,46.86,46.65,46.65,58.51
1651813200000,47.17,47.75,47.17,47.75,37.62
1651816800000,47.69,47.91,47.57,47.75,53.62
1651820400000,47.86,48.07,46.32,47.21,127.57
1651824000000,46.9,46.9,46.34,46.61,168.33
1651827600000,46.64,47.15,46.64,47.09,115.49
1651831200000,47.1,47.13,46.0,46.16,68.46
1651834800000,46.16,46.46,45.47,45.78,124.92
1651838400000,46.01,46.99,45.86,46.21,191.87
1651842000000,46.33,46.33,44.77,45.06,177.87
1651845600000,45.2,46.24,44.82,46.24,51.15
1651849200000,46.34,46.94,46.06,46.44,101.14
1651852800000,46.05,46.36,45.66,46.36,169.79
1651856400000,46.27,46.28,46.04,46.04,25.13
1651860000000,46.09,46.13,45.85,46.02,16.57
1651863600000,45.85,46.57,45.84,46.44,41.92
1651867200000,46.36,46.36,46.3,46.31,7.89
1651870800000,46.57,46.57,46.42,46.42,18.21
1651874400000,46.11,46.46,45.88,46.46,16.32
1651878000000,46.45,46.51,46.19,46.38,26.96
1651881600000,46.1,46.1,46.0,46.0,1.45
1651885200000,46.0,46.38,45.72,46.14,70.53
1651888800000,46.14,46.14,46.14,46.14,0.0
1651892400000,45.59,45.59,45.59,45.59,1.0
1651896000000,45.35,45.37,44.88,44.88,42.89
1651899600000,45.41,45.41,45.41,45.41,0.23
1651903200000,45.61,45.61,45.22,45.59,20.56
1651906800000,45.35,45.6,45.35,45.51,21.57
1651910400000,45.63,46.09,45.6,46.06,33.97
1651914000000,45.98,46.15,45.82,45.82,39.46
1651917600000,46.02,46.1,45.79,46.1,13.46
1651921200000,46.05,46.3,45.88,45.88,36.14
1651924800000,45.85,46.42,45.85,46.42,9.87
1651928400000,46.16,46.16,45.86,45.96,72.52
1651932000000,45.91,46.47,45.87,46.47,73.85
1651935600000,46.43,46.48,46.19,46.48,51.48
1651939200000,46.41,46.6,46.38,46.48,78.85
1651942800000,46.37,46.43,46.28,46.28,95.43
1651946400000,46.39,46.63,46.25,46.33,100.74
1651950000000,46.32,46.38,46.25,46.25,59.18
1651953600000,45.98,46.09,45.88,45.92,24.84
1651957200000,45.7,45.7,44.68,44.68,87.0
1651960800000,44.67,44.87,43.48,43.49,129.4
1651964400000,44.43,45.4,44.37,44.81,59.48
1651968000000,44.84,44.84,44.15,44.15,35.8
1651971600000,44.21,44.27,43.17,43.31,39.94
1651975200000,43.26,43.38,42.6,42.6,47.49
1651978800000,43.27,43.36,42.86,43.34,39.23
1651982400000,43.52,43.81,43.35,43.35,26.98
1651986000000,43.45,43.77,43.29,43.71,34.21
1651989600000,43.64,44.27,43.61,44.21,31.82
1651993200000,44.45,44.45,43.52,43.82,92.49
1651996800000,43.83,44.26,43.73,44.04,36.58
1652000400000,44.03,44.03,43.01,43.43,202.32
1652004000000,43.71,44.19,43.71,44.12,65.16
1652007600000,44.11,44.34,43.82,43.88,42.02
1652011200000,44.0,44.0,43.39,43.62,9.47
1652014800000,43.01,43.01,42.0,42.0,65.1
1652018400000,42.39,42.43,41.99,42.12,67.94
1652022000000,42.51,42.96,42.21,42.21,35.28
1652025600000,42.38,42.76,42.2,42.2,142.35
1652029200000,41.71,41.81,41.29,41.71,206.73
1652032800000,41.71,42.98,41.57,42.92,55.78
1652036400000,43.04,43.13,42.81,42.81,79.33
1652040000000,42.69,42.69,42.35,42.48,111.31
1652043600000,42.56,42.85,42.56,42.85,65.79
1652047200000,42.49,42.54,42.11,42.26,56.66
1652050800000,42.08,42.1,41.63,41.85,33.87
1652054400000,42.12,42.95,42.12,42.95,4.41
1652058000000,42.48,42.6,41.95,41.95,12.26
1652061600000,41.99,41.99,40.7,41.12,48.03
1652065200000,41.42,41.94,41.42,41.55,30.06
1652068800000,41.63,42.18,41.59,41.63,72.57
1652072400000,41.69,41.88,41.12,41.12,23.42
1652076000000,41.26,41.31,40.7,41.3,54.29
1652079600000,41.36,41.36,40.85,41.04,425.4
1652083200000,40.72,41.32,40.48,41.32,626.66
1652086800000,41.38,41.52,40.94,40.99,27.04
1652090400000,40.54,40.72,38.63,38.77,229.87
1652094000000,39.13,40.13,39.13,40.13,138.06
1652097600000,40.07,40.13,39.55,39.55,896.53
1652101200000,39.58,40.83,39.07,40.06,87.52
1652104800000,40.01,40.01,39.08,39.11,89.52
1652108400000,39.27,39.41,38.0,38.35,108.6
1652112000000,39.09,39.09,36.43,36.47,63.77
1652115600000,36.35,37.01,36.0,36.12,176.72
1652119200000,35.91,36.39,34.36,35.71,170.26
1652122800000,35.33,36.72,34.74,35.71,232.92
1652126400000,35.8,37.8,35.8,36.97,366.23
1652130000000,36.73,37.18,36.0,36.0,342.29
1652133600000,35.95,36.47,35.84,35.86,115.28
1652137200000,36.08,36.08,33.6,33.6,211.77
1652140800000,33.55,34.79,32.57,34.1,181.68
1652144400000,34.95,35.48,34.11,34.47,82.45
1652148000000,34.15,35.19,34.13,34.54,74.76
1652151600000,34.9,35.17,34.28,34.28,117.09
1652155200000,34.04,36.27,34.01,36.27,95.22
1652158800000,36.25,37.91,36.13,37.73,82.73
1652162400000,37.85,39.75,37.59,39.01,196.29
1652166000000,38.72,38.74,37.66,37.67,209.46
1652169600000,37.75,39.09,37.75,38.3,398.27
1652173200000,38.52,38.57,37.84,38.06,90.12
1652176800000,38.11,38.59,37.9,37.99,81.51
1652180400000,38.05,39.05,37.94,38.81,147.62
1652184000000,38.94,40.43,38.7,40.31,760.3
1652187600000,40.09,40.52,39.27,39.57,205.86
1652191200000,39.48,40.67,37.89,37.95,153.77
1652194800000,37.88,38.89,37.04,38.4,236.28
1652198400000,38.72,38.72,37.51,37.78,140.59
1652202000000,38.33,39.43,38.33,39.25,213.8
1652205600000,39.12,39.13,38.26,38.55,95.51
1652209200000,38.35,38.35,37.09,37.31,254.27
1652212800000,37.02,37.07,35.84,35.85,108.87
1652216400000,36.18,36.18,34.41,34.47,114.41
1652220000000,34.46,36.2,34.46,34.96,95.76
1652223600000,36.28,36.77,35.78,36.19,48.36
1652227200000,36.34,37.49,36.22,36.61,43.52
1652230800000,36.3,36.3,35.56,35.56,36.47
1652234400000,35.71,36.71,35.63,36.07,22.36
1652238000000,35.91,35.91,35.5,35.57,13.01
1652241600000,35.75,35.75,33.48,33.48,173.56
1652245200000,33.02,35.12,32.99,33.57,180.32
1652248800000,33.47,33.63,30.29,30.29,508.09
1652252400000,30.63,31.61,26.7,29.53,434.13
1652256000000,29.5,31.03,28.91,30.75,358.08
1652259600000,30.8,33.27,30.0,33.13,591.96
1652263200000,33.34,33.51,32.04,32.04,131.44
1652266800000,31.68,31.84,30.41,30.41,121.66
1652270400000,30.49,32.13,21.68,21.68,497.57
1652274000000,23.55,31.44,23.25,27.75,353.79
1652277600000,28.03,32.41,27.36,28.78,667.05
1652281200000,28.37,29.63,27.01,27.79,52.97
1652284800000,27.94,28.78,25.77,25.77,128.47
1652288400000,25.57,27.9,24.04,25.63,801.86
1652292000000,25.63,27.01,25.44,25.69,694.55
1652295600000,25.57,26.73,24.5,24.96,147.47
1652299200000,25.28,25.53,22.05,22.66,256.96
1652302800000,22.55,26.28,22.0,24.45,237.55
1652306400000,24.31,25.9,23.58,24.04,279.62
1652310000000,25.5,26.28,24.17,25.19,295.35
1652313600000,25.36,27.34,24.95,26.28,177.67
1652317200000,26.12,27.16,25.59,25.59,263.6
1652320800000,25.83,25.88,24.45,24.65,195.94
1652324400000,24.33,24.51,23.31,23.33,296.92
1652328000000,23.38,23.74,22.2,22.52,321.56
1652331600000,22.22,22.22,20.25,20.97,379.72
1652335200000,20.97,22.25,20.0,20.0,1047.47
1652338800000,19.41,22.69,17.0,22.15,1078.4
1652342400000,22.42,23.21,21.44,22.95,403.13
1652346000000,21.78,23.37,21.78,22.19,345.46
1652349600000,22.49,23.99,22.11,23.57,438.86
1652353200000,23.29,23.99,22.64,22.86,669.35
1652356800000,22.76,24.4,22.36,24.17,971.38
1652360400000,23.75,24.65,23.06,23.15,295.14
1652364000000,23.53,24.65,23.21,24.65,251.97
1652367600000,26.81,27.73,25.23,25.23,389.47
1652371200000,25.12,27.81,24.45,26.31,250.88
1652374800000,27.03,27.97,25.37,25.37,562.79
1652378400000,25.37,26.35,24.54,24.59,371.37
1652382000000,24.39,26.07,24.11,24.89,181.77
1652385600000,25.87,26.24,23.01,24.76,344.59
1652389200000,24.03,24.2,23.61,24.2,27.91
1652392800000,24.99,24.99,23.01,23.62,113.99
1652396400000,23.33,26.24,23.33,24.65,74.7
1652400000000,24.96,25.3,24.3,25.3,51.83
1652403600000,26.19,26.19,24.78,25.41,16.38
1652407200000,25.2,26.9,25.19,26.13,15.19
1652410800000,27.0,27.8,25.78,27.8,137.45
1652414400000,27.09,28.35,27.09,28.35,47.48
1652418000000,28.13,29.39,28.08,28.77,238.33
1652421600000,28.68,28.97,28.33,28.75,685.33
1652425200000,28.54,28.54,27.4,27.46,1004.57
1652428800000,27.51,28.69,27.51,28.2,246.93
1652432400000,28.55,28.92,27.99,27.99,300.09
1652436000000,28.08,28.83,27.66,28.83,209.21
1652439600000,28.73,29.61,28.28,29.61,332.45
1652443200000,29.56,29.72,28.87,29.66,307.81
1652446800000,29.45,30.34,28.56,30.34,527.88
1652450400000,30.34,32.32,28.84,30.49,225.62
1652454000000,30.77,30.89,29.09,29.71,185.07
1652457600000,31.05,31.05,27.04,28.78,197.25
1652461200000,27.84,28.48,27.14,27.5,124.61
1652464800000,29.03,29.04,26.81,27.84,69.92
1652468400000,27.65,27.83,26.97,27.57,86.35
1652472000000,27.24,27.98,26.71,26.71,133.89
1652475600000,26.57,27.43,26.57,27.43,85.0
1652479200000,27.24,28.26,26.9,26.93,1300.62
1652482800000,27.15,27.15,25.9,26.24,1838.19
1652486400000,26.36,26.75,26.18,26.31,103.47
1652490000000,26.18,27.02,26.18,26.84,46.36
1652493600000,26.83,27.15,26.33,26.71,204.7
1652497200000,26.89,27.02,26.41,26.62,17.45
1652500800000,26.44,26.62,25.43,25.7,104.64
1652504400000,25.53,26.29,25.53,26.08,130.81
1652508000000,25.98,26.45,25.9,26.28,62.62
1652511600000,26.18,26.36,25.79,25.79,60.65
1652515200000,25.96,26.36,25.78,26.36,914.25
1652518800000,26.18,28.33,26.05,26.05,210.93
1652522400000,26.11,26.11,25.4,25.4,18.8
1652526000000,25.28,25.45,24.63,25.07,1345.98
1652529600000,24.9,25.2,24.53,24.66,163.72
1652533200000,24.83,24.83,24.27,24.29,134.37
1652536800000,24.17,24.46,23.93,24.29,58.22
1652540400000,24.46,24.83,24.11,24.11,50.87
1652544000000,24.28,25.71,24.0,25.33,987.16
1652547600000,25.15,25.97,25.12,25.97,412.62
1652551200000,25.96,26.54,25.87,25.87,128.26
1652554800000,25.79,25.96,25.41,25.62,204.78
1652558400000,25.7,26.36,25.7,25.93,113.44
1652562000000,26.0,27.07,25.92,26.84,62.98
1652565600000,26.81,27.77,26.71,27.77,380.13
1652569200000,27.52,27.98,27.33,27.79,325.12
1652572800000,27.65,28.07,27.11,27.11,57.23
1652576400000,26.97,27.02,26.57,26.84,5.91
1652580000000,26.76,27.0,26.14,26.36,85.68
1652583600000,26.25,26.49,26.05,26.49,16.81
1652587200000,26.31,26.71,26.31,26.31,60.88
1652590800000,26.18,27.57,26.18,27.38,336.01
1652594400000,27.24,27.76,27.11,27.76,223.52
1652598000000,27.84,27.84,27.17,27.17,328.98
1652601600000,27.11,27.41,26.97,26.97,12.12
1652605200000,26.84,27.43,26.84,27.3,8.58
1652608800000,27.35,27.98,27.01,27.98,22.17
1652612400000,28.12,28.68,27.79,28.52,269.76
1652616000000,28.64,28.8,27.98,28.1,98.06
1652619600000,27.93,28.26,27.79,28.11,41.52
1652623200000,27.99,28.68,27.65,28.33,117.21
1652626800000,28.25,28.62,27.93,28.12,150.56
1652630400000,28.26,28.84,28.07,28.7,77.5
1652634000000,28.74,28.95,28.42,28.52,480.24
1652637600000,28.35,28.85,28.21,28.61,238.05
1652641200000,28.49,28.7,28.24,28.7,32.68
1652644800000,28.84,29.42,28.84,29.42,178.6
1652648400000,29.56,29.79,29.07,29.79,141.69
1652652000000,29.85,30.15,29.51,29.51,439.29
1652655600000,29.36,29.85,29.21,29.85,76.53
1652659200000,29.65,29.65,28.49,28.68,174.48
1652662800000,28.68,28.74,28.21,28.31,293.84
1652666400000,28.21,28.39,27.8,28.26,54.49
1652670000000,28.1,28.1,27.79,27.79,8.89
1652673600000,27.65,27.84,27.52,27.84,74.83
1652677200000,27.98,28.19,27.93,27.93,7.46
1652680800000,27.79,27.79,26.71,26.71,197.78
1652684400000,26.65,27.29,26.57,27.2,186.49
1652688000000,27.43,27.84,27.43,27.84,33.52
1652691600000,27.65,27.65,25.83,25.92,355.1
1652695200000,26.1,27.29,25.79,27.11,312.97
1652698800000,27.03,27.16,26.64,26.89,176.22
1652702400000,26.98,27.57,26.57,27.15,391.48
1652706000000,26.97,27.29,26.57,26.57,77.8
1652709600000,26.5,27.0,26.44,26.82,95.17
1652713200000,26.57,26.9,26.2,26.75,530.48
1652716800000,26.57,26.75,26.17,26.32,100.61
1652720400000,26.36,26.95,26.36,26.89,142.46
1652724000000,26.71,27.15,26.66,26.91,36.38
1652727600000,27.02,27.15,26.57,26.57,341.59
1652731200000,26.75,26.89,26.7,26.89,75.09
1652734800000,27.02,27.57,27.02,27.57,93.29
1652738400000,27.51,27.57,26.97,27.13,320.99
1652742000000,27.13,27.13,26.31,26.31,139.48
1652745600000,26.49,27.15,26.49,27.14,208.7
1652749200000,26.97,27.29,26.71,27.29,6.35
1652752800000,27.43,27.43,26.97,27.15,226.99
1652756400000,27.29,27.84,27.29,27.84,77.39
1652760000000,27.65,27.98,27.52,27.98,7.13
1652763600000,27.79,27.98,27.65,27.98,207.69
1652767200000,27.79,27.98,27.62,27.98,95.3
1652770800000,28.0,28.0,26.97,27.3,147.16
1652774400000,27.43,27.57,27.24,27.45,314.19
1652778000000,27.53,27.87,27.45,27.59,188.48
1652781600000,27.54,27.69,27.38,27.57,147.43
1652785200000,27.71,27.72,27.38,27.38,54.86
1652788800000,27.51,28.26,27.51,28.07,86.57
1652792400000,28.07,28.58,28.03,28.03,119.35
1652796000000,28.1,28.18,26.84,26.84,333.97
1652799600000,27.02,27.15,26.71,26.79,70.78
1652803200000,26.89,27.02,26.44,27.01,276.02
1652806800000,26.84,27.15,26.5,26.5,38.21
1652810400000,26.59,26.89,25.86,26.49,417.64
1652814000000,26.62,27.19,26.62,26.73,72.85
1652817600000,26.72,26.89,26.57,26.57,30.42
1652821200000,26.75,27.38,26.75,27.38,23.5
1652824800000,27.43,27.71,27.38,27.38,7.23
1652828400000,27.57,27.77,27.49,27.52,104.49
1652832000000,27.71,28.05,27.71,27.79,12.18
1652835600000,27.75,27.75,27.11,27.11,28.43
1652839200000,27.19,27.29,27.11,27.29,2.79
1652842800000,27.11,27.11,26.71,26.71,90.62
1652846400000,26.89,27.02,26.84,26.84,2.22
1652850000000,27.02,27.15,26.97,26.97,7.2
1652853600000,26.95,27.18,26.71,26.71,34.78
1652857200000,26.89,27.02,26.74,27.0,39.01
1652860800000,27.01,27.03,26.84,26.99,81.98
1652864400000,26.84,26.89,26.57,26.79,54.31
1652868000000,26.87,27.08,26.86,26.94,106.37
1652871600000,27.12,27.12,26.65,26.77,221.54
1652875200000,26.57,26.73,26.05,26.1,259.77
1652878800000,26.01,26.1,25.53,25.66,100.26
1652882400000,25.7,25.84,25.0,25.26,184.07
1652886000000,25.03,25.07,24.41,24.58,213.35
1652889600000,24.41,25.4,24.29,24.64,125.4
1652893200000,24.68,24.84,24.41,24.53,484.3
1652896800000,24.68,24.83,24.39,24.83,68.79
1652900400000,24.95,25.21,24.91,25.11,77.32
1652904000000,25.03,25.11,24.66,24.95,244.53
1652907600000,24.78,25.16,24.74,24.78,79.03
1652911200000,24.69,24.95,24.66,24.81,9.8
1652914800000,24.83,24.93,23.81,23.81,58.11
1652918400000,23.97,24.29,23.5,23.93,578.57
1652922000000,23.89,24.21,23.34,23.34,192.58
1652925600000,23.42,23.97,23.08,23.81,160.81
1652929200000,23.97,24.21,23.81,23.99,155.81
1652932800000,24.21,24.21,23.81,23.81,25.16
1652936400000,23.69,23.82,23.17,23.17,121.79
1652940000000,23.38,24.21,23.38,24.21,170.65
1652943600000,24.05,24.15,23.58,23.74,208.68
1652947200000,23.76,23.76,22.5,22.93,745.17
1652950800000,22.96,22.97,22.43,22.73,250.64
1652954400000,22.71,22.71,22.21,22.54,214.94
1652958000000,22.59,23.62,22.48,23.62,83.25
1652961600000,23.62,23.64,23.11,23.38,68.82
1652965200000,23.5,24.35,23.11,23.34,99.83
1652968800000,23.5,24.7,23.46,24.22,46.19
1652972400000,24.46,25.45,24.17,24.78,128.69
1652976000000,24.95,24.95,24.23,24.23,132.49
1652979600000,24.46,24.78,24.05,24.46,66.09
1652983200000,24.29,24.52,24.13,24.22,18.04
1652986800000,24.33,24.33,23.69,23.69,158.03
1652990400000,23.69,24.33,23.69,24.02,204.37
1652994000000,23.93,24.17,23.75,23.8,143.14
1652997600000,23.69,23.69,23.22,23.52,135.14
1653001200000,23.74,24.47,23.67,24.34,449.24
1653004800000,24.35,24.46,24.15,24.29,891.03
1653008400000,24.2,25.2,24.09,24.97,339.84
1653012000000,24.9,24.9,24.41,24.41,294.26
1653015600000,24.29,24.29,23.93,23.93,405.35
1653019200000,24.09,24.33,23.81,23.88,94.63
1653022800000,24.07,24.38,23.93,24.38,180.1
1653026400000,24.33,24.36,23.5,23.74,109.35
1653030000000,23.58,24.29,23.58,24.29,33.67
1653033600000,24.11,24.46,24.05,24.23,230.96
1653037200000,24.28,25.01,24.05,24.83,268.76
1653040800000,24.78,25.32,24.76,25.32,804.03
1653044400000,25.4,25.58,24.81,25.22,367.25
1653048000000,25.03,25.03,24.41,24.58,5.61
1653051600000,24.7,25.32,24.4,24.98,31.46
1653055200000,25.04,25.04,23.44,23.91,372.91
1653058800000,23.69,23.74,22.88,23.0,228.62
1653062400000,22.88,22.88,22.32,22.63,130.27
1653066000000,22.56,23.07,22.37,23.07,152.96
1653069600000,22.88,22.92,22.5,22.9,231.66
1653073200000,22.77,24.25,22.75,23.49,129.2
1653076800000,23.58,23.61,23.03,23.03,43.33
1653080400000,23.27,23.5,23.08,23.22,66.53
1653084000000,23.22,23.43,23.22,23.22,93.13
1653087600000,23.38,23.38,23.11,23.11,7.53
1653091200000,23.02,23.27,22.88,23.17,38.89
1653094800000,22.99,23.06,22.65,23.05,285.19
1653098400000,23.15,23.38,23.04,23.35,707.63
1653102000000,23.33,23.62,23.21,23.62,249.55
1653105600000,23.51,23.51,23.34,23.34,121.02
1653109200000,23.22,23.38,23.22,23.22,88.67
1653112800000,23.38,23.5,23.22,23.5,997.58
1653116400000,23.47,23.74,23.31,23.74,242.0
1653120000000,23.58,23.74,23.55,23.55,116.61
1653123600000,23.46,23.59,23.41,23.59,9.54
1653127200000,23.59,23.59,23.34,23.36,5.79
1653130800000,23.32,23.32,23.11,23.27,10.67
1653134400000,23.27,23.27,22.99,23.25,249.35
1653138000000,23.27,23.6,23.25,23.47,134.02
1653141600000,23.4,23.94,23.4,23.94,92.26
1653145200000,23.95,23.97,23.69,23.9,81.22
1653148800000,24.08,24.46,23.89,24.17,251.58
1653152400000,24.22,24.31,23.81,23.97,75.28
1653156000000,24.05,24.05,23.69,23.85,23.98
1653159600000,23.97,23.97,23.58,23.61,7.61
1653163200000,23.74,23.85,23.6,23.61,314.98
1653166800000,24.0,24.11,23.48,23.51,94.89
1653170400000,23.66,23.66,23.6,23.6,5.05
1653174000000,23.91,23.91,23.75,23.84,27.5
1653177600000,23.98,24.12,23.85,24.01,360.49
1653181200000,23.84,23.84,23.84,23.84,25.2
1653184800000,23.66,23.66,23.66,23.66,30.82
1653188400000,23.73,23.73,23.57,23.57,25.34
1653192000000,23.75,23.75,23.52,23.52,2.03
1653195600000,23.56,23.94,23.56,23.77,776.63
1653199200000,23.77,23.77,23.77,23.77,0.0
1653202800000,23.7,23.83,23.25,23.63,203.1
1653206400000,23.98,23.98,23.88,23.88,169.7
1653210000000,23.95,24.55,23.86,24.55,213.48
1653213600000,24.7,24.7,24.32,24.37,203.45
1653217200000,24.38,24.38,24.0,24.0,210.81
1653220800000,24.21,24.79,24.15,24.73,686.26
1653224400000,24.76,25.3,24.76,25.3,286.07
1653228000000,25.3,25.93,25.3,25.84,309.24
1653231600000,25.81,25.81,25.11,25.45,103.79
1653235200000,24.91,25.12,24.91,25.12,91.18
1653238800000,25.32,25.32,25.02,25.02,120.07
1653242400000,25.03,25.5,24.99,25.13,149.17
1653246000000,25.24,25.24,24.74,24.8,4.03
1653249600000,24.82,25.11,24.73,25.11,233.69
1653253200000,24.96,25.58,24.75,24.75,236.89
1653256800000,25.39,25.79,25.39,25.63,5.13
1653260400000,26.02,26.02,25.29,25.29,80.37
1653264000000,25.26,25.48,25.2,25.48,273.23
1653267600000,25.48,25.48,24.97,24.97,31.48
1653271200000,24.82,24.84,24.64,24.7,20.13
1653274800000,24.91,24.93,24.91,24.92,111.9
1653278400000,24.92,24.92,24.92,24.92,0.0
1653282000000,24.87,24.87,24.83,24.83,26.99
1653285600000,25.07,25.52,25.07,25.52,53.27
1653289200000,25.5,25.74,25.5,25.65,143.32
1653292800000,25.71,25.71,25.03,25.03,569.76
1653296400000,25.62,25.62,24.97,25.17,12.61
1653300000000,25.65,25.65,25.24,25.46,144.33
1653303600000,25.48,25.85,25.48,25.58,1099.07
1653307200000,25.73,25.83,25.51,25.83,54.23
1653310800000,25.69,25.69,25.18,25.68,205.17
1653314400000,25.0,25.0,24.85,24.85,44.3
1653318000000,25.18,25.6,25.18,25.46,222.65
1653321600000,25.62,26.16,25.62,25.85,174.96
1653325200000,25.65,25.65,25.21,25.29,170.17
1653328800000,25.27,25.34,25.27,25.27,13.5
1653332400000,24.41,24.55,23.95,23.95,149.9
1653336000000,23.81,24.31,23.81,24.07,132.57
1653339600000,24.12,24.17,24.12,24.13,20.15
1653343200000,24.11,24.11,22.96,23.22,54.37
1653346800000,23.03,23.06,23.03,23.06,13.35
1653350400000,23.02,23.44,23.02,23.29,183.89
1653354000000,23.29,23.43,23.16,23.43,115.74
1653357600000,23.4,23.4,23.4,23.4,25.54
1653361200000,23.36,23.36,23.23,23.23,304.27
1653364800000,23.31,23.31,23.31,23.31,2.14
1653368400000,23.47,23.47,23.35,23.35,67.35
1653372000000,23.44,23.45,23.44,23.44,20.37
1653375600000,23.44,23.44,23.44,23.44,0.0
1653379200000,23.02,23.2,22.94,23.18,169.35
1653382800000,23.0,23.06,22.81,22.99,66.21
1653386400000,23.02,23.1,22.89,22.9,113.34
1653390000000,23.07,23.07,22.75,22.75,11.12
1653393600000,22.97,22.97,22.75,22.88,137.67
1653397200000,22.76,22.76,21.9,21.9,196.43
1653400800000,21.55,22.23,21.46,22.0,265.4
1653404400000,22.0,23.29,22.0,23.09,110.71
1653408000000,22.95,22.95,22.52,22.52,37.78
1653411600000,22.54,22.55,22.29,22.5,81.54
1653415200000,22.48,22.89,22.48,22.55,44.24
1653418800000,22.57,22.9,22.57,22.88,39.36
1653422400000,22.76,22.82,22.76,22.82,11.45
1653426000000,22.9,23.06,22.9,23.06,11.66
1653429600000,23.06,23.19,23.06,23.11,112.9
1653433200000,23.11,23.11,23.11,23.11,0.0
1653436800000,22.93,23.07,22.92,23.07,58.48
1653440400000,23.07,23.07,23.07,23.07,4.06
1653444000000,23.21,23.42,23.21,23.42,23.94
1653447600000,23.42,23.42,23.42,23.42,0.0
1653451200000,23.44,23.44,23.44,23.44,1.19
1653454800000,22.9,22.9,22.9,22.9,4.36
1653458400000,22.7,22.7,22.66,22.66,66.61
1653462000000,22.5,22.99,22.5,22.99,22.47
1653465600000,22.79,22.79,22.65,22.76,14.13
1653469200000,22.78,22.86,22.75,22.86,65.04
1653472800000,22.87,22.87,22.57,22.57,90.33
1653476400000,22.11,22.26,22.1,22.23,63.45
1653480000000,22.45,22.45,22.32,22.32,5.11
1653483600000,22.51,22.9,22.32,22.57,199.62
1653487200000,22.52,22.81,22.52,22.77,43.42
1653490800000,22.66,22.75,22.5,22.5,35.8
1653494400000,22.23,22.38,21.89,21.89,57.77
1653498000000,21.94,22.06,21.81,21.96,82.8
1653501600000,22.01,22.79,22.01,22.79,36.93
1653505200000,21.9,22.04,21.54,21.54,52.65
1653508800000,21.74,21.96,21.74,21.89,21.75
1653512400000,22.01,22.01,21.9,21.9,3.4
1653516000000,22.62,22.62,21.9,21.98,20.71
1653519600000,21.86,21.86,21.86,21.86,4.29
1653523200000,22.07,22.12,22.0,22.1,358.28
1653526800000,22.08,22.08,21.9,21.9,42.91
1653530400000,21.98,22.08,21.98,22.07,107.99
1653534000000,21.94,21.94,21.94,21.94,5.43
1653537600000,21.96,21.98,21.96,21.98,59.95
1653541200000,21.63,21.82,20.79,20.79,165.03
1653544800000,20.5,20.73,20.41,20.47,101.63
1653548400000,20.42,20.92,20.1,20.33,279.7
1653552000000,20.34,20.34,18.85,19.31,571.75
1653555600000,19.3,20.09,19.3,19.59,301.38
1653559200000,19.55,19.61,19.37,19.39,141.09
1653562800000,19.21,19.29,19.04,19.26,124.38
1653566400000,19.91,19.91,18.88,19.25,344.88
1653570000000,19.21,19.56,18.5,19.54,145.07
1653573600000,19.63,19.85,19.6,19.74,109.35
1653577200000,19.74,19.99,19.68,19.75,56.08
1653580800000,19.82,20.25,19.82,20.03,22.6
1653584400000,20.08,20.08,19.8,19.9,145.22
1653588000000,19.91,20.01,19.68,19.68,123.05
1653591600000,19.52,19.52,19.1,19.16,97.6
1653595200000,19.17,19.46,19.09,19.29,270.85
1653598800000,19.37,19.51,19.3,19.33,184.18
1653602400000,19.3,19.31,18.9,19.12,117.15
1653606000000,19.03,19.1,18.75,18.75,102.73
1653609600000,18.62,18.63,18.41,18.46,58.75
1653613200000,18.45,18.45,17.5,17.5,180.4
1653616800000,17.56,18.24,17.47,17.51,76.43
1653620400000,17.92,18.36,17.85,18.25,108.86
1653624000000,17.96,18.17,17.68,17.68,53.23
1653627600000,17.47,17.75,17.17,17.5,43.08
1653631200000,17.28,18.0,17.28,18.0,47.75
1653634800000,18.01,18.43,17.96,17.96,169.08
1653638400000,17.84,18.08,17.5,17.62,208.5
1653642000000,17.51,17.73,17.51,17.65,177.27
1653645600000,17.84,17.92,17.11,17.11,675.52
1653649200000,17.58,17.82,17.58,17.71,138.63
1653652800000,17.89,18.22,17.62,18.22,121.25
1653656400000,18.22,18.39,18.11,18.38,118.51
1653660000000,18.78,18.78,17.97,18.1,325.09
1653663600000,18.11,18.34,18.02,18.34,60.85
1653667200000,18.29,18.36,17.79,17.79,74.6
1653670800000,17.8,17.98,17.33,17.43,107.05
1653674400000,17.59,17.59,17.1,17.23,102.07
1653678000000,17.1,17.27,16.94,17.18,148.21
1653681600000,17.61,18.26,17.61,18.15,131.94
1653685200000,18.3,18.3,18.3,18.3,3.52
1653688800000,18.06,18.08,18.01,18.08,90.76
1653692400000,17.63,17.77,17.63,17.73,45.81
1653696000000,17.94,18.13,17.94,18.13,6.16
1653699600000,18.07,18.07,18.07,18.07,1.93
1653703200000,18.03,18.03,17.95,17.95,10.16
1653706800000,17.95,17.95,17.95,17.95,0.0
1653710400000,17.99,18.05,17.99,18.05,7.46
1653714000000,18.15,18.58,18.15,18.58,116.91
1653717600000,18.4,18.52,18.35,18.52,66.2
1653721200000,18.32,18.32,18.32,18.32,2.72
1653724800000,18.03,18.11,17.93,18.02,188.67
1653728400000,17.94,17.96,17.83,17.87,166.83
1653732000000,17.81,17.92,17.71,17.75,62.51
1653735600000,18.02,18.02,17.98,17.98,23.58
1653739200000,17.98,18.46,17.83,18.46,312.5
1653742800000,18.19,18.87,18.19,18.74,268.42
1653746400000,18.85,18.96,18.58,18.58,74.29
1653750000000,18.97,19.58,18.87,19.46,133.22
1653753600000,19.46,19.5,19.17,19.17,175.59
1653757200000,19.1,19.49,19.1,19.28,280.85
1653760800000,19.5,19.78,19.4,19.73,156.12
1653764400000,19.62,20.26,19.57,20.09,24.76
1653768000000,20.08,20.08,19.88,19.88,230.16
1653771600000,19.8,19.99,19.8,19.88,60.67
1653775200000,19.68,19.68,19.57,19.57,3.39
1653778800000,20.31,20.31,19.61,19.61,22.25
1653782400000,19.64,19.64,19.48,19.48,4.59
1653786000000,19.49,19.65,19.28,19.28,35.81
1653789600000,19.01,19.01,19.0,19.0,42.72
1653793200000,19.0,19.0,19.0,19.0,0.0
1653796800000,19.33,19.33,19.33,19.33,15.38
1653800400000,19.2,19.2,19.2,19.2,19.75
1653804000000,19.34,19.74,19.34,19.74,10.23
1653807600000,19.45,19.45,19.45,19.45,1.64
1653811200000,19.65,20.5,19.65,20.19,267.73
1653814800000,20.08,20.08,19.88,19.88,74.99
1653818400000,19.89,20.32,19.89,20.32,87.36
1653822000000,20.43,20.67,20.25,20.67,193.26
1653825600000,20.65,21.1,20.65,20.99,721.01
1653829200000,20.94,21.32,20.81,20.97,250.24
1653832800000,21.01,21.16,21.0,21.16,37.63
1653836400000,21.01,21.01,20.59,20.72,365.91
1653840000000,20.68,20.68,20.51,20.52,20.46
1653843600000,20.45,20.66,20.39,20.39,19.2
1653847200000,20.41,20.47,20.22,20.22,57.8
1653850800000,20.3,20.3,20.01,20.06,25.53
1653854400000,20.16,20.16,20.15,20.15,110.1
1653858000000,20.12,20.72,20.12,20.57,77.64
1653861600000,20.57,20.77,20.34,20.6,200.11
1653865200000,20.85,20.87,20.61,20.7,216.26
1653868800000,20.76,20.76,20.44,20.44,48.33
1653872400000,20.21,21.12,20.21,21.12,9.3
1653876000000,21.4,21.76,21.4,21.76,9.93
1653879600000,21.63,21.63,21.39,21.57,194.81
1653883200000,21.19,21.33,21.11,21.11,165.78
1653886800000,21.39,21.8,21.39,21.8,101.19
1653890400000,21.83,22.32,21.83,21.93,160.56
1653894000000,21.86,22.2,21.73,22.2,153.38
1653897600000,22.16,22.24,21.89,21.93,542.33
1653901200000,21.74,21.82,21.58,21.82,518.64
1653904800000,21.69,21.69,21.15,21.21,310.82
1653908400000,21.25,21.35,21.24,21.24,76.42
1653912000000,21.21,21.52,20.98,21.18,265.97
1653915600000,20.85,20.94,20.79,20.94,35.38
1653919200000,21.41,21.41,21.12,21.12,59.4
1653922800000,21.12,21.37,21.12,21.3,58.15
1653926400000,21.41,21.69,21.38,21.69,48.24
1653930000000,21.49,21.61,21.29,21.29,88.39
1653933600000,21.35,21.66,21.25,21.42,66.39
1653937200000,21.59,21.59,21.16,21.18,399.63
1653940800000,21.23,21.79,21.17,21.79,89.21
1653944400000,21.85,22.31,21.68,21.93,420.78
1653948000000,21.93,21.93,21.65,21.75,127.56
1653951600000,21.81,21.93,21.81,21.93,89.35
1653955200000,21.88,22.4,21.88,22.06,93.96
1653958800000,22.22,22.47,21.97,21.97,25.92
1653962400000,22.12,22.78,22.12,22.77,48.13
1653966000000,22.85,22.85,22.84,22.84,22.55
1653969600000,22.36,22.41,21.75,21.77,100.64
1653973200000,21.75,22.13,21.75,21.99,108.72
1653976800000,21.86,21.86,21.14,21.14,61.55
1653980400000,21.27,21.48,21.25,21.43,71.08
1653984000000,21.55,21.72,21.47,21.5,146.14
1653987600000,21.43,21.43,21.37,21.37,14.6
1653991200000,21.13,21.47,21.04,21.47,123.15
1653994800000,21.63,21.7,21.55,21.67,68.58
1653998400000,21.56,21.59,21.11,21.14,285.22
1654002000000,21.48,21.48,20.51,20.6,143.57
1654005600000,20.54,21.0,20.54,20.93,247.47
1654009200000,20.95,21.43,20.7,21.42,256.88
1654012800000,21.44,21.67,21.15,21.38,97.25
1654016400000,21.28,21.28,20.84,21.12,184.51
1654020000000,21.2,21.2,20.88,20.88,24.84
1654023600000,20.69,20.78,20.67,20.69,105.73
1654027200000,20.83,20.94,20.76,20.94,57.83
1654030800000,21.05,21.05,20.87,20.87,56.14
1654034400000,20.97,21.1,20.82,21.08,155.29
1654038000000,21.09,21.11,21.06,21.11,52.18
1654041600000,21.33,21.33,21.22,21.22,69.9
1654045200000,21.11,21.16,21.11,21.16,46.93
1654048800000,21.04,21.14,21.04,21.14,6.62
1654052400000,20.58,20.58,20.58,20.58,11.55
1654056000000,20.46,20.51,20.16,20.51,205.62
1654059600000,20.5,20.5,20.26,20.29,61.15
1654063200000,20.36,20.48,20.36,20.48,65.88
1654066800000,20.44,20.44,20.44,20.44,2.73
1654070400000,20.36,20.56,20.34,20.56,164.15
1654074000000,20.51,20.67,20.51,20.64,11.66
1654077600000,20.86,21.49,20.39,20.39,213.6
1654081200000,20.39,20.44,20.38,20.44,488.17
1654084800000,20.53,20.83,20.34,20.76,65.39
1654088400000,20.7,21.03,20.65,20.84,122.36
1654092000000,20.74,20.8,20.18,20.18,87.55
1654095600000,20.33,20.86,19.82,19.89,320.02
1654099200000,19.82,20.07,19.77,19.94,486.25
1654102800000,19.83,20.05,19.26,19.53,480.51
1654106400000,19.49,19.66,19.42,19.51,298.98
1654110000000,19.25,19.5,19.25,19.41,63.68
1654113600000,19.39,19.39,18.79,19.06,175.53
1654117200000,19.18,19.2,19.0,19.0,224.87
1654120800000,18.96,19.13,18.96,19.11,51.01
1654124400000,19.13,19.35,18.96,18.96,150.06
1654128000000,18.61,18.61,18.45,18.45,157.17
1654131600000,18.45,18.45,18.45,18.45,0.0
1654135200000,18.6,18.69,18.59,18.69,54.64
1654138800000,18.73,18.73,18.19,18.19,234.56
1654142400000,18.29,18.66,18.29,18.55,165.67
1654146000000,18.43,18.77,18.42,18.74,176.88
1654149600000,18.74,18.8,18.64,18.8,117.55
1654153200000,18.84,18.86,18.82,18.86,9.15
1654156800000,18.86,18.93,18.71,18.91,143.03
1654160400000,18.77,18.88,18.63,18.67,209.73
1654164000000,18.72,18.9,18.61,18.9,39.4
1654167600000,18.85,19.17,18.81,19.09,152.65
1654171200000,19.08,19.16,19.0,19.06,233.6
1654174800000,19.01,19.01,18.63,18.63,106.28
1654178400000,18.82,18.97,18.8,18.92,548.2
1654182000000,18.96,19.53,18.96,19.47,247.98
1654185600000,19.52,19.61,19.27,19.5,153.36
1654189200000,19.48,19.56,19.26,19.37,42.42
1654192800000,19.3,19.36,19.15,19.15,292.78
1654196400000,19.19,19.28,19.14,19.27,124.23
1654200000000,19.36,19.44,19.33,19.33,68.86
1654203600000,19.23,19.49,19.23,19.44,146.21
1654207200000,19.51,19.67,19.46,19.67,66.1
1654210800000,19.56,19.56,19.56,19.56,5.07
1654214400000,19.54,19.58,19.3,19.3,72.99
1654218000000,19.36,19.53,19.36,19.53,122.48
1654221600000,19.53,19.53,19.5,19.5,3.0
1654225200000,19.2,19.36,19.15,19.22,9.3
1654228800000,19.12,19.12,19.03,19.03,46.97
1654232400000,18.94,19.12,18.94,19.12,30.96
1654236000000,19.21,19.21,19.02,19.02,4955.45
1654239600000,19.01,19.11,18.97,18.97,87.77
1654243200000,19.03,19.14,19.0,19.0,20.96
1654246800000,18.99,18.99,18.64,18.64,11.29
1654250400000,18.63,18.72,18.19,18.19,200.19
1654254000000,18.17,18.18,17.94,18.12,194.92
1654257600000,18.19,18.21,18.0,18.0,145.77
1654261200000,18.14,18.3,18.09,18.28,197.39
1654264800000,18.29,18.3,18.03,18.23,141.22
1654268400000,18.13,18.22,18.13,18.16,16.85
1654272000000,18.25,18.38,18.14,18.34,52.26
1654275600000,18.36,18.36,18.18,18.33,129.45
1654279200000,18.27,18.44,18.19,18.27,382.1
1654282800000,18.34,18.34,18.25,18.27,50.96
1654286400000,18.28,18.5,18.28,18.48,166.84
1654290000000,18.53,18.68,18.53,18.62,45.06
1654293600000,18.63,18.63,18.46,18.46,56.92
1654297200000,18.47,18.47,18.32,18.36,40.18
1654300800000,18.41,18.41,18.37,18.4,46.74
1654304400000,18.18,18.18,17.95,17.95,16.04
1654308000000,17.87,17.87,17.82,17.82,12.54
1654311600000,17.98,17.98,17.98,17.98,0.87
1654315200000,18.4,18.4,18.4,18.4,8.8
1654318800000,18.31,18.52,18.29,18.52,24.55
1654322400000,18.52,18.52,18.44,18.44,12.23
1654326000000,18.4,18.56,18.37,18.56,62.51
1654329600000,18.62,18.63,18.6,18.6,57.01
1654333200000,18.67,18.67,18.46,18.46,78.31
1654336800000,18.56,18.59,18.43,18.43,138.73
1654340400000,18.48,18.6,18.42,18.45,134.39
1654344000000,18.33,18.35,18.2,18.24,264.98
1654347600000,18.26,18.37,18.24,18.27,46.38
1654351200000,18.32,18.77,18.24,18.77,4.68
1654354800000,18.6,18.75,18.6,18.68,71.02
1654358400000,18.7,18.7,18.56,18.6,30.05
1654362000000,18.59,18.62,18.57,18.62,53.18
1654365600000,18.71,18.71,18.67,18.68,56.01
1654369200000,18.6,18.6,18.54,18.54,112.42
1654372800000,18.65,18.65,18.59,18.61,88.31
1654376400000,19.0,19.5,19.0,19.3,196.16
1654380000000,19.26,19.41,19.21,19.35,222.2
1654383600000,19.32,19.65,19.32,19.65,42.52
1654387200000,19.66,19.67,19.44,19.47,169.45
1654390800000,19.31,19.31,19.1,19.1,123.76
1654394400000,19.1,19.1,19.1,19.1,0.0
1654398000000,19.1,19.1,19.1,19.1,0.0
1654401600000,19.1,19.1,19.1,19.1,0.0
1654405200000,19.1,19.1,19.1,19.1,0.0
1654408800000,19.1,19.1,19.1,19.1,0.0
1654412400000,19.66,20.02,19.66,19.83,23.91
1654416000000,20.01,20.04,20.0,20.01,152.3
1654419600000,19.94,19.94,19.8,19.91,169.11
1654423200000,19.92,19.92,19.58,19.58,102.96
1654426800000,19.61,19.65,19.58,19.61,86.39
1654430400000,19.63,19.63,19.59,19.63,27.72
1654434000000,19.5,19.5,19.33,19.33,103.79
1654437600000,19.33,19.33,19.33,19.33,0.0
1654441200000,19.51,19.71,19.48,19.71,37.85
1654444800000,19.69,19.9,19.67,19.71,54.25
1654448400000,19.62,19.79,19.62,19.79,63.92
1654452000000,19.81,19.83,19.77,19.83,41.36
1654455600000,19.82,19.82,19.82,19.82,4.63
1654459200000,19.89,19.94,19.79,19.81,64.91
1654462800000,19.76,19.82,19.65,19.81,333.82
1654466400000,19.82,20.09,19.67,19.77,132.42
1654470000000,19.58,19.6,19.38,19.38,82.47
1654473600000,19.3,19.94,19.3,19.94,48.37
1654477200000,20.18,20.64,20.18,20.64,77.96
1654480800000,20.65,20.84,20.57,20.74,47.68
1654484400000,20.95,21.43,20.88,20.98,39.8
1654488000000,21.23,21.23,21.07,21.07,43.49
1654491600000,21.26,21.26,21.05,21.12,35.45
1654495200000,21.26,21.88,21.26,21.88,292.32
1654498800000,22.0,22.12,21.65,21.69,236.81
1654502400000,21.7,21.89,21.58,21.7,228.35
1654506000000,21.67,21.84,21.67,21.84,158.01
1654509600000,21.79,21.83,21.78,21.82,138.93
1654513200000,21.74,21.74,21.4,21.46,366.0
1654516800000,21.64,21.66,21.39,21.5,225.25
1654520400000,21.45,21.48,21.24,21.3,149.12
1654524000000,21.45,21.59,21.28,21.28,107.93
1654527600000,20.8,21.41,20.8,21.14,182.32
1654531200000,20.51,20.61,20.48,20.58,82.28
1654534800000,20.51,20.64,20.36,20.64,35.0
1654538400000,20.73,20.73,20.39,20.57,183.54
1654542000000,20.51,20.67,20.47,20.67,52.12
1654545600000,20.25,20.61,20.15,20.61,47.45
1654549200000,20.46,20.91,20.46,20.91,20.5
1654552800000,20.87,20.87,20.53,20.53,93.02
1654556400000,20.6,20.8,20.53,20.69,110.22
1654560000000,20.49,20.89,19.45,19.46,191.24
1654563600000,19.61,19.78,19.0,19.08,465.92
1654567200000,18.66,18.93,18.56,18.81,40.82
1654570800000,18.78,19.24,18.74,19.15,108.16
1654574400000,19.06,19.17,19.03,19.11,311.85
1654578000000,19.0,19.23,18.86,19.23,56.54
1654581600000,19.07,19.17,19.02,19.11,199.73
1654585200000,19.08,19.19,19.03,19.17,74.47
1654588800000,19.09,19.29,19.09,19.29,114.12
1654592400000,19.25,19.25,19.01,19.04,24.41
1654596000000,19.07,19.11,18.97,19.08,121.51
1654599600000,18.85,19.01,18.77,18.93,71.37
1654603200000,18.9,18.96,18.75,18.89,133.43
1654606800000,18.92,19.35,18.92,19.1,433.01
1654610400000,19.14,19.56,19.1,19.46,246.82
1654614000000,19.43,19.43,19.26,19.26,4.23
1654617600000,19.32,19.32,19.14,19.23,345.77
1654621200000,19.4,19.4,19.2,19.21,73.48
1654624800000,19.29,19.65,19.27,19.48,414.43
1654628400000,19.54,20.3,19.47,19.52,514.7
1654632000000,20.25,20.51,20.12,20.2,273.47
1654635600000,20.17,20.34,19.93,19.93,54.27
1654639200000,20.08,20.08,19.2,19.2,25.15
1654642800000,19.5,19.58,19.5,19.58,13.76
1654646400000,19.53,19.69,19.53,19.65,19.75
1654650000000,19.76,19.76,19.76,19.76,7.57
1654653600000,19.76,19.76,19.76,19.76,0.0
1654657200000,19.51,19.51,19.06,19.06,117.96
1654660800000,19.06,19.47,18.95,19.4,89.74
1654664400000,19.17,19.17,19.17,19.17,20.75
1654668000000,19.43,19.43,19.43,19.43,6.28
1654671600000,19.25,19.55,19.25,19.55,31.24
1654675200000,19.54,19.57,19.45,19.57,24.54
1654678800000,19.67,19.75,19.59,19.69,58.66
1654682400000,19.67,19.67,19.67,19.67,0.51
1654686000000,19.57,19.57,19.56,19.56,21.03
1654689600000,19.56,19.56,19.23,19.27,96.67
1654693200000,19.42,19.92,19.41,19.92,74.36
1654696800000,19.83,19.83,19.51,19.51,63.58
1654700400000,19.56,19.6,19.54,19.54,103.58
1654704000000,19.62,19.62,19.31,19.4,223.07
1654707600000,19.48,19.48,19.4,19.4,33.99
1654711200000,19.21,19.29,19.11,19.29,20.22
1654714800000,19.26,19.27,19.18,19.24,176.18
1654718400000,19.29,19.41,19.29,19.33,183.31
1654722000000,19.35,19.52,19.33,19.52,33.26
1654725600000,19.51,19.52,19.47,19.47,91.79
1654729200000,19.51,19.68,19.51,19.58,66.3
1654732800000,19.29,19.29,19.22,19.22,10.0
1654736400000,19.32,19.4,19.26,19.26,218.46
1654740000000,19.07,19.09,19.01,19.09,13.69
1654743600000,19.13,19.13,19.13,19.13,0.78
1654747200000,19.14,19.14,19.14,19.14,28.99
1654750800000,19.14,19.14,19.14,19.14,0.0
1654754400000,19.33,19.35,19.3,19.34,80.04
1654758000000,19.52,19.61,19.52,19.61,37.3
1654761600000,19.74,19.76,19.64,19.7,85.97
1654765200000,19.9,20.15,19.9,19.94,504.78
1654768800000,19.97,20.11,19.96,19.99,226.56
1654772400000,19.69,19.7,19.62,19.62,44.43
1654776000000,19.62,19.76,19.53,19.63,323.72
1654779600000,19.67,19.83,19.54,19.55,272.62
1654783200000,19.8,19.93,19.67,19.87,179.69
1654786800000,19.62,19.74,19.59,19.74,186.95
1654790400000,19.78,20.0,18.25,19.91,1002.51
1654794000000,20.15,20.19,19.88,19.97,138.03
1654797600000,19.85,19.87,19.21,19.74,118.88
1654801200000,19.67,19.77,19.37,19.37,147.64
1654804800000,19.36,19.45,19.36,19.45,27.04
1654808400000,19.64,19.64,19.56,19.56,13.06
1654812000000,19.5,19.58,19.45,19.45,29.53
1654815600000,19.43,19.5,19.43,19.5,28.81
1654819200000,19.32,19.32,19.31,19.31,10.19
1654822800000,19.37,19.44,19.37,19.38,78.59
1654826400000,19.38,19.38,19.38,19.38,0.0
1654830000000,19.74,19.75,19.74,19.74,43.98
1654833600000,19.6,19.6,19.6,19.6,20.39
1654837200000,19.71,19.72,19.4,19.62,43.65
1654840800000,19.68,19.68,19.65,19.65,19.06
1654844400000,19.48,19.53,19.46,19.53,71.9
1654848000000,19.5,19.54,19.38,19.38,44.46
1654851600000,19.4,19.41,19.09,19.12,199.01
1654855200000,19.15,19.31,19.15,19.31,131.96
1654858800000,19.29,19.33,19.21,19.31,100.3
1654862400000,19.31,19.35,18.64,18.8,322.92
1654866000000,18.7,18.72,18.23,18.56,244.41
1654869600000,18.65,18.85,18.53,18.81,50.88
1654873200000,18.8,18.8,18.56,18.65,221.27
1654876800000,18.58,18.6,18.2,18.26,172.73
1654880400000,18.29,18.41,18.26,18.29,372.29
1654884000000,18.25,18.25,18.11,18.15,89.21
1654887600000,18.14,18.36,18.1,18.2,124.72
1654891200000,18.31,18.36,18.18,18.18,27.71
1654894800000,18.24,18.35,18.22,18.35,54.76
1654898400000,18.36,18.36,18.21,18.33,53.18
1654902000000,18.21,18.21,17.86,17.9,449.01
1654905600000,18.05,18.24,18.02,18.24,70.89
1654909200000,18.25,18.25,18.23,18.23,72.25
1654912800000,18.23,18.25,18.19,18.25,3.08
1654916400000,18.34,18.34,18.21,18.21,29.38
1654920000000,18.37,18.39,18.37,18.39,16.23
1654923600000,18.35,18.35,18.28,18.28,71.87
1654927200000,18.36,18.37,18.36,18.37,24.63
1654930800000,18.4,18.4,18.37,18.4,94.25
1654934400000,18.5,18.5,17.99,17.99,123.16
1654938000000,18.21,18.23,18.13,18.13,52.4
1654941600000,18.19,18.19,18.0,18.0,15.9
1654945200000,17.76,17.76,17.2,17.37,351.32
1654948800000,17.38,17.46,17.0,17.0,706.45
1654952400000,17.0,17.28,16.87,17.23,520.65
1654956000000,17.25,17.25,16.69,16.69,119.81
1654959600000,16.51,16.67,16.15,16.19,323.45
1654963200000,16.21,16.58,15.9,16.5,847.74
1654966800000,16.49,16.59,16.29,16.44,745.0
1654970400000,16.37,18.0,16.33,16.54,503.59
1654974000000,16.9,16.9,16.55,16.64,300.11
1654977600000,16.55,16.56,16.35,16.35,162.32
1654981200000,16.34,16.55,16.33,16.55,44.51
1654984800000,16.64,16.71,16.54,16.59,206.3
1654988400000,16.26,16.26,16.0,16.0,73.33
1654992000000,16.35,16.35,16.22,16.31,88.58
1654995600000,16.22,16.22,15.74,15.89,212.55
1654999200000,15.5,15.59,14.94,15.13,700.21
1655002800000,15.41,15.42,15.11,15.11,184.91
1655006400000,15.24,15.28,14.88,14.9,284.34
1655010000000,14.79,14.88,14.66,14.86,602.53
1655013600000,15.0,15.25,15.0,15.08,488.11
1655017200000,15.13,15.13,14.83,14.89,155.66
1655020800000,15.21,15.55,15.18,15.3,237.8
1655024400000,15.27,15.61,15.01,15.01,416.74
1655028000000,15.03,15.19,14.89,14.89,421.36
1655031600000,14.81,14.93,14.75,14.9,477.44
1655035200000,15.01,15.2,14.77,14.8,293.36
1655038800000,14.81,14.84,14.44,14.44,203.54
1655042400000,14.5,15.4,14.5,15.4,309.79
1655046000000,15.54,15.81,15.35,15.44,399.2
1655049600000,15.43,15.48,15.29,15.32,94.48
1655053200000,15.33,15.67,15.24,15.45,389.08
1655056800000,15.41,15.45,15.06,15.1,273.69
1655060400000,15.15,15.19,14.99,15.05,277.82
1655064000000,15.15,15.25,14.85,14.9,323.73
1655067600000,14.92,15.01,14.82,14.84,330.62
1655071200000,14.72,14.88,14.27,14.43,553.89
1655074800000,14.5,15.11,14.11,14.29,191.1
1655078400000,14.05,14.2,13.18,13.18,559.73
1655082000000,13.43,13.5,12.93,13.22,378.01
1655085600000,13.43,13.43,13.06,13.06,262.17
1655089200000,12.84,13.48,12.84,13.15,786.67
1655092800000,13.3,13.77,13.3,13.47,171.03
1655096400000,13.37,13.45,13.0,13.0,483.56
1655100000000,12.88,13.25,12.88,13.17,580.91
1655103600000,13.25,13.25,12.67,12.89,303.51
1655107200000,12.73,12.77,12.3,12.3,870.55
1655110800000,12.17,12.58,12.0,12.41,2394.32
1655114400000,12.33,12.88,12.29,12.58,399.45
1655118000000,12.43,12.43,12.0,12.05,343.16
1655121600000,12.48,12.99,12.15,12.24,691.32
1655125200000,12.31,12.64,12.14,12.64,274.37
1655128800000,12.63,13.01,12.09,13.01,657.27
1655132400000,12.6,13.72,12.36,12.95,2217.01
1655136000000,12.88,14.14,12.87,13.39,983.73
1655139600000,13.39,13.42,13.0,13.17,415.34
1655143200000,13.16,13.43,13.01,13.18,335.93
1655146800000,13.19,13.38,13.12,13.38,186.17
1655150400000,13.52,14.57,13.52,13.57,698.27
1655154000000,13.53,13.59,13.14,13.14,216.34
1655157600000,13.16,13.43,12.8,12.8,279.34
1655161200000,12.72,13.26,12.55,13.26,145.53
1655164800000,13.27,13.36,13.12,13.22,67.48
1655168400000,12.88,12.88,12.31,12.31,291.26
1655172000000,12.09,12.5,12.09,12.34,150.85
1655175600000,12.61,13.43,12.61,13.41,77.65
1655179200000,13.35,13.35,13.01,13.06,288.22
1655182800000,13.54,14.04,13.54,13.81,254.08
1655186400000,13.76,14.07,13.74,14.03,777.58
1655190000000,14.11,14.11,13.59,14.07,457.95
1655193600000,13.96,14.0,13.69,13.8,1104.47
1655197200000,13.79,13.86,13.58,13.58,395.54
1655200800000,13.6,13.6,13.55,13.56,26.71
1655204400000,13.37,13.43,13.23,13.25,373.22
1655208000000,13.45,13.68,13.18,13.51,442.31
1655211600000,13.78,13.8,13.78,13.8,75.83
1655215200000,13.83,13.84,13.42,13.53,276.5
1655218800000,13.78,14.1,13.78,14.1,3.97
1655222400000,13.83,13.83,13.44,13.53,466.56
1655226000000,13.46,13.64,13.39,13.39,352.84
1655229600000,13.4,13.82,13.38,13.77,138.75
1655233200000,13.44,13.59,13.37,13.46,352.17
1655236800000,13.4,13.5,13.25,13.34,106.36
1655240400000,13.42,13.42,12.99,13.07,251.28
1655244000000,13.22,13.38,13.12,13.38,281.9
1655247600000,13.38,13.38,13.38,13.38,0.0
1655251200000,13.58,13.72,13.56,13.62,82.45
1655254800000,13.61,13.88,13.58,13.88,75.57
1655258400000,13.6,13.63,13.59,13.59,35.4
1655262000000,13.3,13.3,13.17,13.17,7.79
1655265600000,13.01,13.01,12.7,12.7,36.38
1655269200000,12.9,12.9,12.59,12.59,229.32
1655272800000,12.82,12.87,12.76,12.76,78.25
1655276400000,12.82,12.88,12.5,12.5,273.53
1655280000000,12.46,12.54,12.24,12.28,213.05
1655283600000,12.31,12.31,12.05,12.18,193.95
1655287200000,12.2,12.62,12.2,12.49,363.67
1655290800000,12.38,13.07,12.38,12.85,58.85
1655294400000,12.87,13.2,12.87,13.1,286.39
1655298000000,13.0,13.43,12.96,13.43,181.94
1655301600000,13.39,13.39,13.04,13.32,67.84
1655305200000,13.01,13.14,13.01,13.13,90.57
1655308800000,13.46,13.52,13.14,13.52,73.45
1655312400000,13.52,13.52,12.63,13.11,82.7
1655316000000,13.12,14.16,12.69,13.85,189.2
1655319600000,13.98,14.38,13.95,13.95,65.1
1655323200000,14.24,14.39,13.67,14.26,572.11
1655326800000,14.16,14.65,14.16,14.65,351.25
1655330400000,14.64,15.17,14.64,14.71,144.66
1655334000000,15.08,15.08,14.71,14.83,61.21
1655337600000,15.32,15.32,14.84,14.84,53.14
1655341200000,14.95,15.09,14.86,14.92,33.7
1655344800000,14.79,14.79,14.67,14.71,110.58
1655348400000,14.56,14.59,14.51,14.55,74.36
1655352000000,14.82,14.82,14.63,14.63,123.08
1655355600000,14.64,14.72,14.64,14.72,10.76
1655359200000,14.43,14.47,14.13,14.13,523.74
1655362800000,14.3,14.3,13.96,13.96,81.94
1655366400000,13.91,14.08,13.91,14.01,86.03
1655370000000,13.8,13.8,13.35,13.35,227.43
1655373600000,13.6,13.6,13.18,13.42,164.56
1655377200000,13.6,13.83,13.6,13.83,261.18
1655380800000,13.66,13.66,13.33,13.33,29.12
1655384400000,13.43,13.43,12.96,12.96,340.23
1655388000000,13.0,13.0,13.0,13.0,3.0
1655391600000,13.22,13.22,13.17,13.21,36.45
1655395200000,13.17,13.59,13.17,13.45,299.09
1655398800000,13.33,13.33,13.33,13.33,1.0
1655402400000,13.52,13.53,13.19,13.53,52.56
1655406000000,13.33,13.33,13.0,13.06,112.75
1655409600000,13.2,13.27,13.04,13.18,318.41
1655413200000,13.13,13.49,13.13,13.21,353.75
1655416800000,13.06,13.09,12.77,12.77,73.3
1655420400000,12.82,13.2,12.57,12.68,609.03
1655424000000,12.89,13.0,12.57,12.67,282.1
1655427600000,12.99,13.24,12.85,13.21,236.38
1655431200000,13.11,13.17,13.04,13.04,56.21
1655434800000,13.04,13.05,13.04,13.04,61.52
1655438400000,12.92,13.19,12.9,13.19,22.12
1655442000000,13.15,13.15,13.15,13.15,7.57
1655445600000,13.15,13.15,13.15,13.15,0.0
1655449200000,13.52,13.52,13.27,13.27,94.37
1655452800000,13.34,13.34,13.23,13.23,101.06
1655456400000,13.16,13.55,13.16,13.21,119.02
1655460000000,13.21,13.27,13.14,13.27,80.39
1655463600000,13.44,13.44,13.32,13.32,18.34
1655467200000,13.3,13.33,13.1,13.19,132.99
1655470800000,13.08,13.46,13.04,13.46,56.94
1655474400000,13.38,13.7,13.38,13.7,11.29
1655478000000,13.16,13.16,13.11,13.11,25.89
1655481600000,13.23,13.34,13.2,13.34,32.68
1655485200000,13.29,13.38,12.67,13.07,118.74
1655488800000,13.23,13.23,13.07,13.11,169.72
1655492400000,13.05,13.15,13.05,13.15,96.9
1655496000000,13.34,13.34,13.34,13.34,9.71
1655499600000,13.25,13.25,13.25,13.25,12.39
1655503200000,13.2,13.27,13.1,13.1,68.12
1655506800000,13.12,13.15,13.12,13.15,5.8
1655510400000,13.18,13.43,13.18,13.43,27.53
1655514000000,13.1,13.1,12.86,12.86,5.05
1655517600000,12.95,12.95,12.91,12.91,58.81
1655521200000,12.96,12.96,12.94,12.94,25.24
1655524800000,13.01,13.01,13.01,13.01,1.53
1655528400000,13.01,13.01,13.01,13.01,0.0
1655532000000,12.67,12.67,12.46,12.46,432.49
1655535600000,12.57,12.57,12.24,12.27,324.02
1655539200000,12.25,12.37,12.0,12.24,874.9
1655542800000,12.22,12.28,12.14,12.25,154.92
1655546400000,12.34,12.56,12.34,12.56,221.13
1655550000000,12.51,12.61,12.42,12.45,148.35
1655553600000,12.77,12.77,12.34,12.38,26.89
1655557200000,12.33,12.41,12.3,12.37,159.5
1655560800000,12.42,12.57,12.28,12.28,77.75
1655564400000,12.23,12.43,12.19,12.19,143.41
1655568000000,12.4,12.42,12.16,12.23,102.99
1655571600000,12.32,12.32,12.2,12.2,32.84
1655575200000,12.19,12.19,11.99,12.12,606.74
1655578800000,11.98,12.0,11.71,11.72,555.15
1655582400000,11.56,11.92,11.34,11.47,367.27
1655586000000,11.47,12.1,11.4,11.85,854.13
1655589600000,11.81,12.29,11.81,12.29,38.45
1655593200000,12.28,12.66,12.13,12.13,314.29
1655596800000,12.31,12.31,12.05,12.05,27.14
1655600400000,11.89,11.89,11.89,11.89,4.08
1655604000000,11.72,11.72,11.72,11.72,1.69
1655607600000,11.65,11.66,11.61,11.61,96.62
1655611200000,11.54,11.54,11.54,11.54,13.84
1655614800000,11.42,11.42,11.3,11.3,3.4
1655618400000,11.34,11.4,11.34,11.4,39.8
1655622000000,11.4,11.53,11.4,11.53,448.59
1655625600000,11.53,11.68,11.53,11.67,365.9
1655629200000,11.66,11.94,11.66,11.86,932.13
1655632800000,11.9,12.47,11.9,12.32,277.36
1655636400000,12.45,13.45,12.41,12.46,874.77
1655640000000,12.44,12.57,11.52,12.23,1163.55
1655643600000,12.31,12.4,12.19,12.4,61.82
1655647200000,12.05,12.3,12.05,12.3,649.56
1655650800000,12.27,12.52,12.25,12.52,41.31
1655654400000,12.5,12.5,12.37,12.42,227.86
1655658000000,12.47,12.51,12.36,12.47,111.24
1655661600000,12.48,12.8,12.48,12.63,139.03
1655665200000,13.02,13.09,12.63,12.76,290.48
1655668800000,12.71,13.73,12.71,13.73,239.81
1655672400000,13.58,13.58,13.17,13.22,358.5
1655676000000,13.25,13.36,13.07,13.18,90.32
1655679600000,13.21,13.34,13.12,13.26,290.49
1655683200000,13.14,13.15,13.01,13.09,131.21
1655686800000,12.97,12.97,12.79,12.84,139.71
1655690400000,12.92,12.92,12.62,12.72,48.97
1655694000000,12.76,12.76,12.76,12.76,30.8
1655697600000,12.76,12.76,12.76,12.76,0.0
1655701200000,12.59,12.59,12.57,12.58,121.67
1655704800000,12.79,12.84,12.65,12.84,126.46
1655708400000,12.81,12.81,12.79,12.79,32.12
1655712000000,12.99,13.52,12.99,13.52,258.49
1655715600000,13.63,13.76,13.59,13.76,117.12
1655719200000,13.97,14.4,13.83,14.38,480.7
1655722800000,14.42,14.65,14.28,14.5,201.15
1655726400000,14.28,14.28,14.0,14.0,431.4
1655730000000,14.02,14.13,14.02,14.08,93.97
1655733600000,14.22,14.37,14.13,14.3,286.6
1655737200000,14.04,14.05,13.95,14.05,89.77
1655740800000,14.17,14.17,13.98,14.01,69.84
1655744400000,13.89,14.22,13.89,14.22,265.62
1655748000000,13.82,13.87,13.68,13.75,348.94
1655751600000,13.75,13.75,13.58,13.62,242.27
1655755200000,13.59,14.05,13.59,13.91,350.3
1655758800000,13.93,13.99,13.67,13.71,250.0
1655762400000,13.67,13.72,13.51,13.72,141.96
1655766000000,13.74,14.01,13.62,14.01,117.69
1655769600000,13.96,13.96,13.96,13.96,11.67
1655773200000,13.96,13.96,13.96,13.96,0.0
1655776800000,13.6,13.6,13.59,13.59,101.1
1655780400000,13.59,13.59,13.59,13.59,0.0
1655784000000,13.59,13.59,13.59,13.59,0.0
1655787600000,14.27,14.4,14.27,14.4,154.66
1655791200000,14.46,14.51,14.35,14.35,184.18
1655794800000,14.29,14.29,14.15,14.15,46.37
1655798400000,14.24,14.58,14.24,14.55,1109.82
1655802000000,14.68,14.68,14.5,14.5,73.68
1655805600000,14.5,15.78,14.45,14.6,610.77
1655809200000,14.61,14.64,14.35,14.35,242.35
1655812800000,14.35,14.66,14.31,14.5,463.84
1655816400000,14.5,14.98,14.37,14.98,176.1
1655820000000,14.95,16.23,14.1,14.89,1861.29
1655823600000,14.91,14.91,14.67,14.67,223.84
1655827200000,14.71,14.79,14.64,14.64,1419.27
1655830800000,14.59,14.59,14.34,14.34,16.68
1655834400000,14.45,14.45,13.97,13.97,325.02
1655838000000,14.01,14.14,13.72,13.72,63.43
1655841600000,13.73,13.85,13.67,13.78,280.79
1655845200000,13.8,13.98,13.8,13.88,253.05
1655848800000,13.83,13.98,13.77,13.98,125.11
1655852400000,13.99,13.99,13.63,13.63,167.43
1655856000000,13.6,13.75,13.6,13.75,15.95
1655859600000,13.69,13.69,13.39,13.39,26.21
1655863200000,13.4,13.43,13.4,13.43,93.05
1655866800000,13.47,13.47,13.45,13.45,61.0
1655870400000,13.31,13.32,13.31,13.32,27.48
1655874000000,13.49,13.58,13.49,13.58,22.5
1655877600000,13.37,13.48,13.26,13.26,19.89
1655881200000,13.26,13.31,13.16,13.16,295.56
1655884800000,13.11,13.28,13.1,13.27,85.25
1655888400000,13.48,13.76,13.35,13.69,231.11
1655892000000,13.57,13.7,13.56,13.7,338.7
1655895600000,13.69,13.84,13.69,13.72,221.52
1655899200000,13.66,13.66,13.53,13.57,334.22
1655902800000,13.56,14.05,13.55,13.91,255.83
1655906400000,14.08,14.15,13.78,13.79,172.87
1655910000000,13.75,13.75,13.51,13.51,294.5
1655913600000,13.44,13.55,13.41,13.55,315.61
1655917200000,13.6,13.61,13.46,13.49,276.22
1655920800000,13.47,13.5,13.45,13.45,79.85
1655924400000,13.4,13.4,13.29,13.38,131.75
1655928000000,13.37,13.42,13.25,13.29,251.41
1655931600000,13.28,13.3,13.2,13.29,213.75
1655935200000,13.41,13.44,13.27,13.44,55.65
1655938800000,13.39,13.41,13.12,13.12,96.05
1655942400000,13.15,14.03,13.15,14.03,212.7
1655946000000,14.03,14.03,14.03,14.03,0.0
1655949600000,14.03,14.03,14.03,14.03,0.0
1655953200000,13.57,13.57,13.57,13.57,7.45
1655956800000,13.57,13.57,13.57,13.57,0.0
1655960400000,13.57,13.57,13.57,13.57,0.0
1655964000000,14.24,15.5,14.24,14.26,939.19
1655967600000,14.12,14.43,14.12,14.28,181.99
1655971200000,14.32,14.47,14.19,14.19,59.09
1655974800000,14.37,14.45,14.23,14.45,173.67
1655978400000,14.42,14.84,14.42,14.81,790.99
1655982000000,14.68,14.87,14.53,14.53,278.74
1655985600000,14.65,15.03,14.64,14.64,148.05
1655989200000,14.45,14.46,14.2,14.2,216.63
1655992800000,14.22,14.22,14.22,14.22,23.82
1655996400000,14.22,14.22,14.07,14.12,45.77
1656000000000,14.3,14.3,14.2,14.2,19.82
1656003600000,14.16,14.23,14.1,14.2,243.46
1656007200000,14.2,14.2,14.11,14.11,36.02
1656010800000,14.11,14.59,14.11,14.59,147.33
1656014400000,14.56,14.76,14.54,14.62,107.8
1656018000000,14.63,14.96,14.63,14.66,44.86
1656021600000,14.57,14.88,14.57,14.82,128.61
1656025200000,14.77,14.98,14.76,14.98,171.56
1656028800000,15.11,15.31,14.89,14.89,163.24
1656032400000,14.71,15.21,14.71,15.13,21.29
1656036000000,15.4,16.32,15.4,15.96,582.27
1656039600000,15.95,15.97,15.94,15.94,42.18
1656043200000,15.97,15.97,15.77,15.77,7.32
1656046800000,16.07,16.11,16.03,16.03,339.11
1656050400000,15.82,15.83,15.62,15.62,75.34
1656054000000,15.63,15.75,15.61,15.75,49.56
1656057600000,15.68,15.83,15.61,15.77,306.83
1656061200000,15.68,15.68,15.48,15.48,14.62
1656064800000,15.59,15.82,15.59,15.82,38.99
1656068400000,15.88,16.18,15.88,15.98,165.04
1656072000000,16.06,16.28,15.91,15.94,463.32
1656075600000,15.96,16.07,15.96,16.02,68.43
1656079200000,15.95,16.02,15.76,15.76,86.03
1656082800000,15.69,15.73,15.56,15.67,146.06
1656086400000,15.71,15.71,15.58,15.58,23.04
1656090000000,15.75,15.8,15.53,15.53,160.7
1656093600000,15.5,15.62,15.46,15.61,67.35
1656097200000,15.85,15.85,15.59,15.82,92.32
1656100800000,15.86,16.16,15.86,16.16,115.12
1656104400000,16.18,16.9,16.18,16.78,268.41
1656108000000,16.8,17.13,16.62,16.83,278.69
1656111600000,17.1,17.1,16.84,17.0,87.32
1656115200000,16.68,16.71,16.61,16.71,88.61
1656118800000,16.94,16.96,16.9,16.9,56.39
1656122400000,16.7,16.7,16.7,16.7,4.19
1656126000000,16.68,17.5,16.68,17.33,986.7
1656129600000,17.33,17.33,17.33,17.33,0.0
1656133200000,17.27,17.37,17.24,17.24,26.53
1656136800000,17.18,17.21,17.15,17.15,73.38
1656140400000,17.33,17.47,17.3,17.3,62.36
1656144000000,17.47,17.47,17.09,17.16,197.0
1656147600000,17.13,17.32,17.13,17.25,19.58
1656151200000,17.23,17.28,17.19,17.28,25.03
1656154800000,17.42,17.42,16.82,16.85,182.51
1656158400000,16.92,16.92,16.57,16.57,261.51
1656162000000,16.6,16.74,16.59,16.74,64.64
1656165600000,16.51,16.51,16.5,16.51,64.73
1656169200000,16.55,16.61,16.2,16.26,122.72
1656172800000,16.3,16.39,15.37,16.39,652.96
1656176400000,16.38,16.5,16.38,16.49,99.78
1656180000000,16.59,16.59,16.47,16.47,24.68
1656183600000,16.75,16.79,16.59,16.62,76.03
1656187200000,16.61,16.63,16.51,16.61,220.54
1656190800000,16.75,17.44,16.75,17.39,512.67
1656194400000,17.32,17.51,17.32,17.32,112.06
1656198000000,17.33,17.41,17.32,17.32,43.35
1656201600000,17.43,18.13,17.35,17.46,134.66
1656205200000,17.59,17.66,17.17,17.17,52.12
1656208800000,17.05,17.05,17.05,17.05,11.74
1656212400000,17.12,17.12,17.12,17.12,49.79
1656216000000,17.12,17.12,17.12,17.12,0.0
1656219600000,17.07,17.16,17.04,17.15,98.13
1656223200000,17.15,17.15,17.15,17.15,0.0
1656226800000,17.43,17.43,16.71,17.16,121.99
1656230400000,17.14,17.27,17.14,17.23,124.42
1656234000000,17.23,17.23,17.12,17.17,101.59
1656237600000,17.12,17.24,17.1,17.17,120.87
1656241200000,17.33,17.59,17.22,17.56,128.82
1656244800000,17.52,17.64,17.41,17.41,143.63
1656248400000,17.21,17.33,17.21,17.24,107.42
1656252000000,17.34,17.35,17.28,17.3,106.77
1656255600000,17.26,17.28,16.93,17.1,128.7
1656259200000,16.99,17.06,16.95,17.06,294.12
1656262800000,16.64,16.73,16.59,16.73,161.97
1656266400000,16.57,16.59,16.41,16.45,124.03
1656270000000,16.46,16.66,16.46,16.66,9.0
1656273600000,16.66,16.92,16.65,16.91,53.18
1656277200000,17.0,17.01,16.78,16.98,68.45
1656280800000,16.77,16.77,16.21,16.25,99.93
1656284400000,16.38,16.5,16.09,16.09,190.54
1656288000000,16.19,16.32,16.19,16.25,86.81
1656291600000,16.16,16.16,16.16,16.16,14.77
1656295200000,16.27,16.27,16.18,16.18,3.25
1656298800000,16.33,16.33,16.33,16.33,11.43
1656302400000,16.45,16.45,16.45,16.45,26.24
1656306000000,16.45,16.45,16.45,16.45,0.0
1656309600000,16.39,16.64,16.39,16.64,107.02
1656313200000,16.71,17.0,16.69,16.82,442.97
1656316800000,17.07,17.2,17.04,17.2,53.09
1656320400000,17.22,17.34,17.06,17.22,482.51
1656324000000,17.16,17.31,17.16,17.31,51.0
1656327600000,17.34,17.34,17.03,17.03,102.35
1656331200000,16.98,16.98,16.91,16.96,54.96
1656334800000,16.87,17.01,16.27,16.27,69.38
1656338400000,16.14,16.2,16.11,16.2,99.98
1656342000000,16.29,16.29,16.09,16.09,125.04
1656345600000,16.21,16.21,15.96,16.16,51.82
1656349200000,16.16,16.16,16.16,16.16,0.0
1656352800000,16.06,16.35,15.87,16.12,324.55
1656356400000,15.88,15.88,15.62,15.75,501.53
1656360000000,15.88,15.94,15.85,15.9,302.33
1656363600000,15.92,15.94,15.77,15.77,293.9
1656367200000,15.8,16.02,15.8,15.88,68.41
1656370800000,15.94,15.94,15.78,15.78,7.2
1656374400000,16.05,16.05,15.83,15.83,128.86
1656378000000,15.83,15.83,15.51,15.51,69.25
1656381600000,15.35,15.39,15.35,15.35,41.72
1656385200000,15.35,15.35,15.35,15.35,0.0
1656388800000,15.67,15.67,15.67,15.67,0.63
1656392400000,15.82,15.82,15.77,15.77,31.81
1656396000000,15.77,15.77,15.77,15.77,0.0
1656399600000,16.05,16.08,16.0,16.01,269.07
1656403200000,15.97,16.26,15.91,16.26,21.52
1656406800000,16.37,16.38,16.12,16.12,254.52
1656410400000,16.14,19.0,15.97,16.02,936.36
1656414000000,15.97,16.14,15.97,16.05,126.94
1656417600000,16.08,16.54,16.08,16.3,2906.07
1656421200000,16.37,16.74,16.25,16.74,217.47
1656424800000,16.68,16.68,16.26,16.26,9.99
1656428400000,16.49,16.5,15.69,15.69,293.54
1656432000000,15.66,15.79,15.56,15.64,190.67
1656435600000,15.75,15.75,15.41,15.62,263.58
1656439200000,15.44,15.49,15.13,15.48,246.73
1656442800000,15.35,15.59,15.35,15.59,61.69
1656446400000,15.4,15.44,15.38,15.39,108.64
1656450000000,15.35,15.45,15.29,15.45,90.66
1656453600000,15.39,15.44,15.0,15.12,253.1
1656457200000,15.09,15.09,14.8,14.8,89.86
1656460800000,14.98,14.99,14.98,14.99,57.66
1656464400000,14.99,14.99,14.99,14.99,0.0
1656468000000,14.99,14.99,14.97,14.99,16.32
1656471600000,14.99,14.99,14.99,14.99,0.0
1656475200000,15.07,15.07,15.07,15.07,4.76
1656478800000,14.95,15.0,14.95,15.0,76.08
1656482400000,14.98,14.99,14.61,14.71,108.87
1656486000000,14.71,15.02,14.69,15.01,386.16
1656489600000,14.95,15.03,14.84,14.84,20.2
1656493200000,14.86,15.13,14.82,15.13,78.75
1656496800000,14.91,14.91,14.79,14.85,10.35
1656500400000,14.73,14.73,14.49,14.56,144.72
1656504000000,14.6,14.65,14.33,14.33,130.98
1656507600000,14.36,14.51,14.32,14.32,154.76
1656511200000,14.59,14.95,14.59,14.69,10.13
1656514800000,14.66,14.66,14.46,14.56,162.4
1656518400000,14.51,14.51,14.32,14.32,64.54
1656522000000,14.32,14.42,14.21,14.42,34.13
1656525600000,14.63,14.63,14.43,14.43,268.46
1656529200000,14.54,14.74,14.53,14.74,90.77
1656532800000,14.78,15.02,14.73,14.75,289.0
1656536400000,14.82,14.87,14.69,14.69,105.8
1656540000000,14.68,14.69,14.61,14.68,59.01
1656543600000,14.68,14.68,14.68,14.68,0.0
1656547200000,14.54,14.85,14.34,14.34,129.35
1656550800000,14.08,14.08,14.07,14.07,92.29
1656554400000,14.07,14.07,14.07,14.07,0.0
1656558000000,14.07,14.07,14.07,14.07,0.0
1656561600000,14.13,14.13,14.13,14.13,43.71
1656565200000,14.16,14.16,13.98,13.98,68.16
1656568800000,13.97,13.97,13.62,13.62,171.65
1656572400000,13.59,13.63,13.57,13.63,173.06
1656576000000,13.56,13.56,13.23,13.3,475.68
1656579600000,13.4,13.4,13.15,13.35,318.73
1656583200000,13.4,13.4,13.13,13.16,80.46
1656586800000,13.25,13.38,13.2,13.23,228.43
1656590400000,13.28,13.56,13.25,13.55,125.07
1656594000000,13.55,13.59,13.0,13.14,301.3
1656597600000,13.02,13.31,12.96,13.29,128.94
1656601200000,13.41,13.56,13.41,13.43,140.18
1656604800000,13.45,13.81,13.36,13.42,172.89
1656608400000,13.39,13.46,13.39,13.42,201.98
1656612000000,13.4,13.44,13.25,13.25,123.0
1656615600000,13.19,13.39,13.19,13.3,175.81
1656619200000,13.3,13.41,13.3,13.36,107.47
1656622800000,13.25,13.47,13.25,13.41,240.38
1656626400000,13.32,13.56,13.27,13.56,253.71
1656630000000,13.48,13.91,13.3,13.91,140.41
1656633600000,13.93,14.33,13.79,14.33,291.68
1656637200000,14.27,14.52,14.16,14.16,144.45
1656640800000,14.19,14.33,14.14,14.14,41.29
1656644400000,14.11,14.15,13.84,13.84,162.58
1656648000000,13.76,13.78,13.45,13.46,289.33
1656651600000,13.37,13.37,13.17,13.27,565.08
1656655200000,13.27,13.34,13.06,13.06,304.33
1656658800000,13.11,13.6,13.1,13.51,548.75
1656662400000,13.44,13.68,13.44,13.44,229.36
1656666000000,13.4,13.5,13.29,13.3,153.4
1656669600000,13.31,13.38,13.1,13.18,544.83
1656673200000,13.13,13.33,13.06,13.3,335.71
1656676800000,13.36,15.31,13.2,13.31,934.96
1656680400000,13.3,13.61,13.28,13.58,515.45
1656684000000,13.53,13.53,13.22,13.35,176.43
