1593561600000,1.803e-05,1.829e-05,1.791e-05,1.82e-05,53500.0
1593565200000,1.818e-05,1.823e-05,1.811e-05,1.814e-05,12895.0
1593568800000,1.816e-05,1.821e-05,1.809e-05,1.821e-05,7045.0
1593572400000,1.822e-05,1.832e-05,1.809e-05,1.828e-05,6396.0
1593576000000,1.83e-05,1.83e-05,1.812e-05,1.82e-05,9706.0
1593579600000,1.813e-05,1.817e-05,1.801e-05,1.812e-05,15038.0
1593583200000,1.812e-05,1.828e-05,1.805e-05,1.819e-05,23941.0
1593586800000,1.823e-05,1.855e-05,1.812e-05,1.851e-05,96851.0
1593590400000,1.851e-05,1.878e-05,1.84e-05,1.85e-05,64540.0
1593594000000,1.849e-05,1.85e-05,1.83e-05,1.84e-05,26071.0
1593597600000,1.843e-05,1.847e-05,1.82e-05,1.835e-05,24304.0
1593601200000,1.835e-05,1.872e-05,1.832e-05,1.861e-05,670832.0
1593604800000,1.849e-05,1.87e-05,1.846e-05,1.865e-05,39708.0
1593608400000,1.865e-05,1.865e-05,1.824e-05,1.83e-05,39382.0
1593612000000,1.827e-05,1.841e-05,1.8e-05,1.815e-05,85197.0
1593615600000,1.82e-05,1.828e-05,1.809e-05,1.828e-05,22319.0
1593619200000,1.825e-05,1.831e-05,1.823e-05,1.823e-05,30086.0
1593622800000,1.823e-05,1.823e-05,1.803e-05,1.815e-05,5514.0
1593626400000,1.811e-05,1.833e-05,1.804e-05,1.821e-05,72473.0
1593630000000,1.82e-05,1.87e-05,1.819e-05,1.824e-05,752782.0
1593633600000,1.83e-05,1.87e-05,1.83e-05,1.845e-05,162410.0
1593637200000,1.845e-05,1.868e-05,1.835e-05,1.844e-05,70751.0
1593640800000,1.838e-05,1.86e-05,1.827e-05,1.829e-05,563424.0
1593644400000,1.835e-05,1.836e-05,1.819e-05,1.826e-05,16641.0
1593648000000,1.821e-05,1.829e-05,1.8e-05,1.808e-05,71804.0
1593651600000,1.812e-05,1.824e-05,1.8e-05,1.813e-05,26533.0
1593655200000,1.812e-05,1.824e-05,1.804e-05,1.821e-05,29363.0
1593658800000,1.82e-05,1.829e-05,1.82e-05,1.829e-05,6771.0
1593662400000,1.829e-05,1.837e-05,1.821e-05,1.83e-05,45785.0
1593666000000,1.829e-05,1.832e-05,1.817e-05,1.823e-05,39591.0
1593669600000,1.819e-05,1.828e-05,1.81e-05,1.824e-05,59947.0
1593673200000,1.821e-05,1.831e-05,1.812e-05,1.827e-05,41513.0
1593676800000,1.83e-05,1.83e-05,1.806e-05,1.817e-05,32990.0
1593680400000,1.817e-05,1.817e-05,1.787e-05,1.797e-05,102959.0
1593684000000,1.797e-05,1.809e-05,1.792e-05,1.801e-05,10804.0
1593687600000,1.802e-05,1.809e-05,1.8e-05,1.8e-05,10933.0
1593691200000,1.798e-05,1.806e-05,1.794e-05,1.795e-05,13282.0
1593694800000,1.796e-05,1.844e-05,1.796e-05,1.826e-05,555402.0
1593698400000,1.828e-05,1.86e-05,1.821e-05,1.847e-05,211633.0
1593702000000,1.848e-05,1.859e-05,1.767e-05,1.796e-05,313262.0
1593705600000,1.801e-05,1.801e-05,1.761e-05,1.776e-05,138064.0
1593709200000,1.776e-05,1.801e-05,1.776e-05,1.801e-05,33106.0
1593712800000,1.801e-05,1.819e-05,1.784e-05,1.795e-05,75481.0
1593716400000,1.794e-05,1.855e-05,1.793e-05,1.843e-05,118433.0
1593720000000,1.838e-05,1.891e-05,1.835e-05,1.88e-05,144066.0
1593723600000,1.889e-05,1.908e-05,1.858e-05,1.874e-05,158511.0
1593727200000,1.874e-05,1.891e-05,1.857e-05,1.877e-05,132191.0
1593730800000,1.874e-05,1.896e-05,1.85e-05,1.891e-05,89646.0
1593734400000,1.891e-05,1.894e-05,1.87e-05,1.89e-05,13475.0
1593738000000,1.891e-05,1.926e-05,1.891e-05,1.915e-05,105241.0
1593741600000,1.915e-05,1.915e-05,1.899e-05,1.905e-05,22428.0
1593745200000,1.908e-05,1.955e-05,1.898e-05,1.911e-05,133838.0
1593748800000,1.911e-05,1.916e-05,1.905e-05,1.913e-05,9936.0
1593752400000,1.911e-05,1.947e-05,1.91e-05,1.945e-05,62743.0
1593756000000,1.945e-05,1.96e-05,1.935e-05,1.95e-05,49731.0
1593759600000,1.951e-05,2.05e-05,1.937e-05,2.049e-05,305177.0
1593763200000,2.049e-05,2.05e-05,1.974e-05,1.986e-05,225861.0
1593766800000,1.985e-05,2.029e-05,1.978e-05,2.001e-05,287852.0
1593770400000,2e-05,2.001e-05,1.978e-05,1.982e-05,69447.0
1593774000000,1.983e-05,2e-05,1.962e-05,1.981e-05,188378.0
1593777600000,1.975e-05,1.975e-05,1.93e-05,1.956e-05,238043.0
1593781200000,1.955e-05,1.958e-05,1.94e-05,1.949e-05,89944.0
1593784800000,1.94e-05,1.953e-05,1.926e-05,1.95e-05,35667.0
1593788400000,1.94e-05,2.008e-05,1.936e-05,1.949e-05,216787.0
1593792000000,1.95e-05,1.962e-05,1.935e-05,1.943e-05,103554.0
1593795600000,1.943e-05,1.953e-05,1.924e-05,1.952e-05,47625.0
1593799200000,1.951e-05,1.951e-05,1.923e-05,1.93e-05,19434.0
1593802800000,1.93e-05,1.943e-05,1.923e-05,1.932e-05,7059.0
1593806400000,1.936e-05,1.944e-05,1.913e-05,1.927e-05,61333.0
1593810000000,1.927e-05,1.938e-05,1.918e-05,1.926e-05,8541.0
1593813600000,1.937e-05,1.937e-05,1.918e-05,1.932e-05,9605.0
1593817200000,1.934e-05,1.944e-05,1.925e-05,1.932e-05,14795.0
1593820800000,1.934e-05,1.944e-05,1.915e-05,1.935e-05,31508.0
1593824400000,1.93e-05,1.947e-05,1.927e-05,1.936e-05,19489.0
1593828000000,1.942e-05,1.943e-05,1.924e-05,1.932e-05,7791.0
1593831600000,1.935e-05,1.943e-05,1.92e-05,1.941e-05,42308.0
1593835200000,1.936e-05,1.943e-05,1.918e-05,1.932e-05,38195.0
1593838800000,1.932e-05,1.932e-05,1.902e-05,1.921e-05,55855.0
1593842400000,1.921e-05,1.93e-05,1.92e-05,1.93e-05,11508.0
1593846000000,1.93e-05,1.931e-05,1.92e-05,1.925e-05,10034.0
1593849600000,1.922e-05,1.936e-05,1.916e-05,1.922e-05,35164.0
1593853200000,1.927e-05,1.96e-05,1.926e-05,1.949e-05,67264.0
1593856800000,1.958e-05,1.958e-05,1.93e-05,1.94e-05,28656.0
1593860400000,1.936e-05,1.936e-05,1.909e-05,1.93e-05,49775.0
1593864000000,1.924e-05,1.932e-05,1.912e-05,1.918e-05,54545.0
1593867600000,1.932e-05,1.933e-05,1.907e-05,1.93e-05,25005.0
1593871200000,1.93e-05,1.93e-05,1.906e-05,1.915e-05,29875.0
1593874800000,1.918e-05,1.922e-05,1.9e-05,1.922e-05,156497.0
1593878400000,1.922e-05,1.924e-05,1.899e-05,1.92e-05,74565.0
1593882000000,1.919e-05,1.919e-05,1.88e-05,1.905e-05,215624.0
1593885600000,1.907e-05,1.928e-05,1.891e-05,1.922e-05,70942.0
1593889200000,1.921e-05,1.928e-05,1.917e-05,1.928e-05,4195.0
1593892800000,1.926e-05,1.943e-05,1.917e-05,1.939e-05,7803.0
1593896400000,1.942e-05,1.945e-05,1.935e-05,1.937e-05,1785.0
1593900000000,1.937e-05,1.945e-05,1.927e-05,1.936e-05,13160.0
1593903600000,1.945e-05,1.955e-05,1.932e-05,1.943e-05,4411.0
1593907200000,1.943e-05,1.97e-05,1.934e-05,1.946e-05,15854.0
1593910800000,1.946e-05,1.946e-05,1.932e-05,1.946e-05,631.0
1593914400000,1.946e-05,1.953e-05,1.936e-05,1.936e-05,2206.0
1593918000000,1.936e-05,1.936e-05,1.935e-05,1.936e-05,754.0
1593921600000,1.936e-05,1.936e-05,1.93e-05,1.93e-05,1975.0
1593925200000,1.93e-05,1.948e-05,1.922e-05,1.931e-05,6147.0
1593928800000,1.932e-05,1.946e-05,1.918e-05,1.919e-05,14838.0
1593932400000,1.919e-05,1.955e-05,1.917e-05,1.951e-05,32875.0
1593936000000,1.951e-05,1.954e-05,1.936e-05,1.943e-05,3591.0
1593939600000,1.946e-05,1.978e-05,1.946e-05,1.955e-05,113789.0
1593943200000,1.957e-05,1.983e-05,1.957e-05,1.974e-05,61959.0
1593946800000,1.973e-05,2.095e-05,1.972e-05,2.059e-05,348116.0
1593950400000,2.06e-05,2.073e-05,1.971e-05,2.001e-05,235934.0
1593954000000,2.009e-05,2.028e-05,2e-05,2.019e-05,115274.0
1593957600000,2.011e-05,2.019e-05,2.001e-05,2.019e-05,13904.0
1593961200000,2.018e-05,2.062e-05,2.004e-05,2.022e-05,177150.0
1593964800000,2.021e-05,2.099e-05,2.007e-05,2.021e-05,280876.0
1593968400000,2.021e-05,2.029e-05,2.007e-05,2.019e-05,128460.0
1593972000000,2.012e-05,2.035e-05,2.003e-05,2.026e-05,101669.0
1593975600000,2.03e-05,2.033e-05,2.013e-05,2.016e-05,33821.0
1593979200000,2.013e-05,2.014e-05,1.975e-05,1.987e-05,93955.0
1593982800000,1.992e-05,1.992e-05,1.918e-05,1.945e-05,198282.0
1593986400000,1.941e-05,1.97e-05,1.939e-05,1.97e-05,31987.0
1593990000000,1.968e-05,2.01e-05,1.965e-05,1.991e-05,59697.0
1593993600000,1.988e-05,2e-05,1.976e-05,1.983e-05,30074.0
1593997200000,1.983e-05,1.989e-05,1.975e-05,1.984e-05,3852.0
1594000800000,1.975e-05,1.98e-05,1.972e-05,1.974e-05,4178.0
1594004400000,1.973e-05,1.98e-05,1.973e-05,1.975e-05,312.0
1594008000000,1.972e-05,1.99e-05,1.971e-05,1.977e-05,31309.0
1594011600000,1.988e-05,2.044e-05,1.988e-05,2.041e-05,196066.0
1594015200000,2.041e-05,2.12e-05,2.029e-05,2.089e-05,510628.0
1594018800000,2.086e-05,2.103e-05,2.034e-05,2.041e-05,101064.0
1594022400000,2.046e-05,2.062e-05,2.03e-05,2.05e-05,53541.0
1594026000000,2.05e-05,2.1e-05,2.019e-05,2.099e-05,107909.0
1594029600000,2.098e-05,2.112e-05,2.048e-05,2.078e-05,352318.0
1594033200000,2.079e-05,2.111e-05,2.061e-05,2.106e-05,75487.0
1594036800000,2.106e-05,2.12e-05,2.077e-05,2.103e-05,132340.0
1594040400000,2.1e-05,2.107e-05,2.081e-05,2.094e-05,76714.0
1594044000000,2.088e-05,2.099e-05,2.08e-05,2.085e-05,52426.0
1594047600000,2.094e-05,2.094e-05,2.077e-05,2.082e-05,11903.0
1594051200000,2.08e-05,2.092e-05,2.075e-05,2.091e-05,33997.0
1594054800000,2.076e-05,2.18e-05,2.075e-05,2.18e-05,348074.0
1594058400000,2.156e-05,2.192e-05,2.133e-05,2.148e-05,166074.0
1594062000000,2.146e-05,2.191e-05,2.14e-05,2.186e-05,252741.0
1594065600000,2.186e-05,2.293e-05,2.181e-05,2.25e-05,436350.0
1594069200000,2.25e-05,2.366e-05,2.248e-05,2.276e-05,1013461.0
1594072800000,2.276e-05,2.41e-05,2.222e-05,2.405e-05,890241.0
1594076400000,2.403e-05,2.42e-05,2.339e-05,2.375e-05,377807.0
1594080000000,2.374e-05,2.374e-05,2.253e-05,2.271e-05,396061.0
1594083600000,2.271e-05,2.306e-05,2.261e-05,2.289e-05,162340.0
1594087200000,2.29e-05,2.333e-05,2.281e-05,2.311e-05,163892.0
1594090800000,2.31e-05,2.33e-05,2.276e-05,2.285e-05,153751.0
1594094400000,2.284e-05,2.345e-05,2.254e-05,2.288e-05,149710.0
1594098000000,2.287e-05,2.29e-05,2.259e-05,2.262e-05,108511.0
1594101600000,2.27e-05,2.285e-05,2.196e-05,2.237e-05,497647.0
1594105200000,2.237e-05,2.252e-05,2.224e-05,2.246e-05,167313.0
1594108800000,2.251e-05,2.278e-05,2.246e-05,2.272e-05,94889.0
1594112400000,2.271e-05,2.361e-05,2.265e-05,2.318e-05,338916.0
1594116000000,2.317e-05,2.347e-05,2.301e-05,2.336e-05,79639.0
1594119600000,2.346e-05,2.51e-05,2.336e-05,2.453e-05,856529.0
1594123200000,2.453e-05,2.509e-05,2.4e-05,2.495e-05,578228.0
1594126800000,2.497e-05,2.509e-05,2.431e-05,2.461e-05,349790.0
1594130400000,2.44e-05,2.465e-05,2.405e-05,2.425e-05,239912.0
1594134000000,2.425e-05,2.425e-05,2.38e-05,2.4e-05,183934.0
1594137600000,2.4e-05,2.4e-05,2.361e-05,2.364e-05,72928.0
1594141200000,2.375e-05,2.447e-05,2.368e-05,2.447e-05,221016.0
1594144800000,2.437e-05,2.457e-05,2.425e-05,2.441e-05,91845.0
1594148400000,2.441e-05,2.493e-05,2.432e-05,2.458e-05,171073.0
1594152000000,2.441e-05,2.454e-05,2.348e-05,2.381e-05,223166.0
1594155600000,2.38e-05,2.39e-05,2.368e-05,2.38e-05,77622.0
1594159200000,2.38e-05,2.397e-05,2.357e-05,2.396e-05,103742.0
1594162800000,2.387e-05,2.397e-05,2.379e-05,2.382e-05,15422.0
1594166400000,2.38e-05,2.384e-05,2.313e-05,2.35e-05,228464.0
1594170000000,2.352e-05,2.365e-05,2.313e-05,2.344e-05,85669.0
1594173600000,2.343e-05,2.343e-05,2.26e-05,2.316e-05,342942.0
1594177200000,2.305e-05,2.314e-05,2.249e-05,2.277e-05,240466.0
1594180800000,2.278e-05,2.286e-05,2.246e-05,2.28e-05,64937.0
1594184400000,2.279e-05,2.327e-05,2.267e-05,2.315e-05,118017.0
1594188000000,2.327e-05,2.347e-05,2.305e-05,2.325e-05,96813.0
1594191600000,2.325e-05,2.328e-05,2.296e-05,2.308e-05,89902.0
1594195200000,2.308e-05,2.321e-05,2.285e-05,2.296e-05,66397.0
1594198800000,2.297e-05,2.4e-05,2.296e-05,2.34e-05,649713.0
1594202400000,2.348e-05,2.423e-05,2.33e-05,2.406e-05,131172.0
1594206000000,2.406e-05,2.425e-05,2.398e-05,2.414e-05,84976.0
1594209600000,2.414e-05,2.421e-05,2.366e-05,2.399e-05,121882.0
1594213200000,2.398e-05,2.444e-05,2.373e-05,2.398e-05,179799.0
1594216800000,2.379e-05,2.389e-05,2.348e-05,2.359e-05,95840.0
1594220400000,2.359e-05,2.364e-05,2.341e-05,2.341e-05,31413.0
1594224000000,2.354e-05,2.426e-05,2.343e-05,2.405e-05,615205.0
1594227600000,2.405e-05,2.535e-05,2.395e-05,2.525e-05,1229140.0
1594231200000,2.525e-05,2.625e-05,2.512e-05,2.561e-05,1855934.0
1594234800000,2.56e-05,2.572e-05,2.507e-05,2.51e-05,185888.0
1594238400000,2.516e-05,2.573e-05,2.473e-05,2.519e-05,370995.0
1594242000000,2.52e-05,2.521e-05,2.46e-05,2.475e-05,60176.0
1594245600000,2.484e-05,2.506e-05,2.466e-05,2.496e-05,258536.0
1594249200000,2.496e-05,2.506e-05,2.482e-05,2.5e-05,56473.0
1594252800000,2.5e-05,2.505e-05,2.46e-05,2.477e-05,46844.0
1594256400000,2.477e-05,2.488e-05,2.427e-05,2.448e-05,154093.0
1594260000000,2.452e-05,2.46e-05,2.407e-05,2.45e-05,91439.0
1594263600000,2.45e-05,2.453e-05,2.414e-05,2.446e-05,41728.0
1594267200000,2.445e-05,2.448e-05,2.427e-05,2.429e-05,36756.0
1594270800000,2.433e-05,2.463e-05,2.425e-05,2.429e-05,84116.0
1594274400000,2.429e-05,2.47e-05,2.426e-05,2.46e-05,293299.0
1594278000000,2.46e-05,2.527e-05,2.46e-05,2.511e-05,542217.0
1594281600000,2.512e-05,2.548e-05,2.495e-05,2.53e-05,319244.0
1594285200000,2.526e-05,2.535e-05,2.485e-05,2.509e-05,282399.0
1594288800000,2.49e-05,2.564e-05,2.482e-05,2.516e-05,144038.0
1594292400000,2.516e-05,2.564e-05,2.474e-05,2.541e-05,114580.0
1594296000000,2.526e-05,2.584e-05,2.523e-05,2.543e-05,423827.0
1594299600000,2.543e-05,2.543e-05,2.497e-05,2.497e-05,454639.0
1594303200000,2.5e-05,2.537e-05,2.488e-05,2.489e-05,160391.0
1594306800000,2.499e-05,2.5e-05,2.404e-05,2.441e-05,242688.0
1594310400000,2.437e-05,2.446e-05,2.416e-05,2.441e-05,43760.0
1594314000000,2.43e-05,2.455e-05,2.427e-05,2.443e-05,19395.0
1594317600000,2.445e-05,2.445e-05,2.41e-05,2.432e-05,38595.0
1594321200000,2.421e-05,2.431e-05,2.37e-05,2.399e-05,122401.0
1594324800000,2.396e-05,2.45e-05,2.38e-05,2.423e-05,1051008.0
1594328400000,2.422e-05,2.438e-05,2.409e-05,2.435e-05,9670.0
1594332000000,2.435e-05,2.444e-05,2.419e-05,2.439e-05,44603.0
1594335600000,2.439e-05,2.439e-05,2.413e-05,2.42e-05,33680.0
1594339200000,2.427e-05,2.441e-05,2.412e-05,2.441e-05,49697.0
1594342800000,2.44e-05,2.533e-05,2.42e-05,2.493e-05,232910.0
1594346400000,2.485e-05,2.486e-05,2.391e-05,2.413e-05,185682.0
1594350000000,2.413e-05,2.428e-05,2.394e-05,2.406e-05,45327.0
1594353600000,2.406e-05,2.429e-05,2.393e-05,2.404e-05,34800.0
1594357200000,2.397e-05,2.421e-05,2.397e-05,2.419e-05,28798.0
1594360800000,2.419e-05,2.532e-05,2.404e-05,2.521e-05,1028006.0
1594364400000,2.514e-05,2.531e-05,2.459e-05,2.472e-05,211813.0
1594368000000,2.474e-05,2.484e-05,2.45e-05,2.476e-05,81942.0
1594371600000,2.462e-05,2.473e-05,2.46e-05,2.467e-05,12455.0
1594375200000,2.467e-05,2.502e-05,2.457e-05,2.493e-05,52887.0
1594378800000,2.495e-05,2.497e-05,2.474e-05,2.481e-05,18238.0
1594382400000,2.481e-05,2.499e-05,2.45e-05,2.474e-05,46482.0
1594386000000,2.474e-05,2.479e-05,2.446e-05,2.465e-05,102549.0
1594389600000,2.46e-05,2.469e-05,2.447e-05,2.462e-05,13319.0
1594393200000,2.462e-05,2.482e-05,2.45e-05,2.478e-05,55178.0
1594396800000,2.478e-05,2.508e-05,2.455e-05,2.49e-05,138467.0
1594400400000,2.499e-05,2.515e-05,2.49e-05,2.49e-05,36110.0
1594404000000,2.489e-05,2.499e-05,2.426e-05,2.469e-05,129219.0
1594407600000,2.469e-05,2.5e-05,2.434e-05,2.479e-05,79193.0
1594411200000,2.486e-05,2.486e-05,2.463e-05,2.48e-05,7376.0
1594414800000,2.477e-05,2.486e-05,2.461e-05,2.48e-05,7016.0
1594418400000,2.479e-05,2.492e-05,2.463e-05,2.482e-05,23150.0
1594422000000,2.482e-05,2.49e-05,2.479e-05,2.489e-05,2825.0
1594425600000,2.489e-05,2.49e-05,2.466e-05,2.482e-05,3718.0
1594429200000,2.485e-05,2.488e-05,2.465e-05,2.487e-05,12509.0
1594432800000,2.488e-05,2.505e-05,2.47e-05,2.49e-05,75788.0
1594436400000,2.494e-05,2.508e-05,2.48e-05,2.488e-05,15417.0
1594440000000,2.499e-05,2.509e-05,2.474e-05,2.486e-05,31815.0
1594443600000,2.501e-05,2.502e-05,2.45e-05,2.494e-05,63719.0
1594447200000,2.493e-05,2.493e-05,2.44e-05,2.462e-05,209352.0
1594450800000,2.463e-05,2.47e-05,2.452e-05,2.458e-05,13753.0
1594454400000,2.452e-05,2.471e-05,2.44e-05,2.461e-05,76355.0
1594458000000,2.46e-05,2.471e-05,2.423e-05,2.444e-05,53659.0
1594461600000,2.434e-05,2.495e-05,2.434e-05,2.492e-05,110532.0
1594465200000,2.486e-05,2.502e-05,2.48e-05,2.493e-05,48367.0
1594468800000,2.49e-05,2.497e-05,2.48e-05,2.48e-05,8822.0
1594472400000,2.48e-05,2.489e-05,2.473e-05,2.475e-05,26772.0
1594476000000,2.475e-05,2.48e-05,2.438e-05,2.472e-05,77046.0
1594479600000,2.472e-05,2.478e-05,2.447e-05,2.462e-05,37552.0
1594483200000,2.468e-05,2.48e-05,2.457e-05,2.468e-05,23648.0
1594486800000,2.47e-05,2.49e-05,2.465e-05,2.477e-05,53987.0
1594490400000,2.47e-05,2.482e-05,2.457e-05,2.469e-05,9331.0
1594494000000,2.464e-05,2.473e-05,2.446e-05,2.462e-05,27615.0
1594497600000,2.462e-05,2.462e-05,2.446e-05,2.448e-05,27165.0
1594501200000,2.448e-05,2.506e-05,2.448e-05,2.479e-05,48206.0
1594504800000,2.479e-05,2.485e-05,2.461e-05,2.471e-05,15213.0
1594508400000,2.472e-05,2.489e-05,2.472e-05,2.479e-05,16616.0
1594512000000,2.485e-05,2.513e-05,2.48e-05,2.494e-05,56381.0
1594515600000,2.509e-05,2.514e-05,2.492e-05,2.511e-05,17644.0
1594519200000,2.509e-05,2.513e-05,2.479e-05,2.482e-05,29875.0
1594522800000,2.497e-05,2.513e-05,2.49e-05,2.49e-05,3821.0
1594526400000,2.491e-05,2.495e-05,2.455e-05,2.471e-05,50170.0
1594530000000,2.483e-05,2.486e-05,2.462e-05,2.465e-05,14043.0
1594533600000,2.479e-05,2.48e-05,2.469e-05,2.477e-05,2737.0
1594537200000,2.479e-05,2.48e-05,2.458e-05,2.466e-05,16701.0
1594540800000,2.466e-05,2.476e-05,2.458e-05,2.461e-05,24916.0
1594544400000,2.461e-05,2.478e-05,2.461e-05,2.469e-05,6631.0
1594548000000,2.466e-05,2.498e-05,2.466e-05,2.481e-05,140080.0
1594551600000,2.488e-05,2.49e-05,2.464e-05,2.474e-05,53293.0
1594555200000,2.474e-05,2.479e-05,2.454e-05,2.463e-05,122882.0
1594558800000,2.466e-05,2.47e-05,2.349e-05,2.371e-05,262526.0
1594562400000,2.382e-05,2.422e-05,2.371e-05,2.415e-05,93317.0
1594566000000,2.417e-05,2.424e-05,2.405e-05,2.424e-05,16651.0
1594569600000,2.41e-05,2.463e-05,2.41e-05,2.43e-05,454357.0
1594573200000,2.437e-05,2.437e-05,2.406e-05,2.41e-05,54804.0
1594576800000,2.426e-05,2.43e-05,2.405e-05,2.427e-05,33490.0
1594580400000,2.426e-05,2.426e-05,2.39e-05,2.411e-05,56930.0
1594584000000,2.408e-05,2.411e-05,2.386e-05,2.408e-05,10245.0
1594587600000,2.404e-05,2.405e-05,2.383e-05,2.398e-05,16287.0
1594591200000,2.382e-05,2.398e-05,2.379e-05,2.379e-05,19791.0
1594594800000,2.379e-05,2.396e-05,2.374e-05,2.396e-05,18003.0
1594598400000,2.381e-05,2.39e-05,2.35e-05,2.365e-05,52909.0
1594602000000,2.369e-05,2.38e-05,2.348e-05,2.353e-05,38230.0
1594605600000,2.353e-05,2.367e-05,2.348e-05,2.348e-05,18580.0
1594609200000,2.355e-05,2.363e-05,2.347e-05,2.347e-05,12201.0
1594612800000,2.347e-05,2.354e-05,2.337e-05,2.343e-05,68073.0
1594616400000,2.359e-05,2.367e-05,2.297e-05,2.319e-05,344299.0
1594620000000,2.318e-05,2.319e-05,2.28e-05,2.295e-05,215461.0
1594623600000,2.296e-05,2.303e-05,2.267e-05,2.282e-05,142435.0
1594627200000,2.294e-05,2.318e-05,2.28e-05,2.31e-05,101196.0
1594630800000,2.31e-05,2.32e-05,2.293e-05,2.3e-05,42892.0
1594634400000,2.295e-05,2.317e-05,2.285e-05,2.3e-05,84266.0
1594638000000,2.299e-05,2.313e-05,2.292e-05,2.306e-05,22125.0
1594641600000,2.306e-05,2.32e-05,2.288e-05,2.299e-05,67482.0
1594645200000,2.29e-05,2.29e-05,4e-06,1.401e-05,34547151.0
1594648800000,1.405e-05,1.486e-05,1.3e-05,1.423e-05,8330104.0
1594652400000,1.42e-05,1.429e-05,1.308e-05,1.319e-05,3267325.0
1594656000000,1.319e-05,1.341e-05,1.225e-05,1.28e-05,3064911.0
1594659600000,1.28e-05,1.418e-05,1.28e-05,1.362e-05,3527277.0
1594663200000,1.363e-05,1.398e-05,1.316e-05,1.359e-05,1470786.0
1594666800000,1.359e-05,1.368e-05,1.291e-05,1.332e-05,1445286.0
1594670400000,1.335e-05,1.338e-05,1.291e-05,1.316e-05,728737.0
1594674000000,1.316e-05,1.316e-05,1.231e-05,1.261e-05,1174054.0
1594677600000,1.261e-05,1.288e-05,1.025e-05,1.136e-05,3713592.0
1594681200000,1.134e-05,1.251e-05,1.084e-05,1.211e-05,1496367.0
1594684800000,1.211e-05,1.26e-05,1.196e-05,1.222e-05,897704.0
1594688400000,1.221e-05,1.282e-05,1.2e-05,1.282e-05,508968.0
1594692000000,1.279e-05,1.359e-05,1.247e-05,1.3e-05,1070061.0
1594695600000,1.3e-05,1.308e-05,1.227e-05,1.261e-05,777382.0
1594699200000,1.262e-05,1.301e-05,1.213e-05,1.239e-05,810588.0
1594702800000,1.239e-05,1.267e-05,1.224e-05,1.255e-05,373916.0
1594706400000,1.254e-05,1.258e-05,1.18e-05,1.215e-05,825834.0
1594710000000,1.213e-05,1.215e-05,1.118e-05,1.169e-05,961084.0
1594713600000,1.172e-05,1.195e-05,1.1e-05,1.195e-05,839867.0
1594717200000,1.197e-05,1.249e-05,1.172e-05,1.182e-05,675449.0
1594720800000,1.179e-05,1.238e-05,1.169e-05,1.218e-05,399721.0
1594724400000,1.224e-05,1.268e-05,1.182e-05,1.2e-05,1070358.0
1594728000000,1.201e-05,1.22e-05,1.182e-05,1.205e-05,484422.0
1594731600000,1.205e-05,1.24e-05,1.198e-05,1.213e-05,674133.0
1594735200000,1.216e-05,1.219e-05,1.181e-05,1.184e-05,413524.0
1594738800000,1.185e-05,1.201e-05,1.17e-05,1.195e-05,248145.0
1594742400000,1.192e-05,1.213e-05,1.189e-05,1.199e-05,143145.0
1594746000000,1.199e-05,1.21e-05,1.172e-05,1.18e-05,248082.0
1594749600000,1.18e-05,1.183e-05,1.161e-05,1.17e-05,197547.0
1594753200000,1.163e-05,1.19e-05,1.162e-05,1.173e-05,290945.0
1594756800000,1.175e-05,1.22e-05,1.17e-05,1.212e-05,420991.0
1594760400000,1.212e-05,1.212e-05,1.198e-05,1.199e-05,205194.0
1594764000000,1.199e-05,1.21e-05,1.19e-05,1.204e-05,286484.0
1594767600000,1.201e-05,1.208e-05,1.184e-05,1.199e-05,105562.0
1594771200000,1.192e-05,1.202e-05,1.183e-05,1.2e-05,96462.0
1594774800000,1.2e-05,1.202e-05,1.179e-05,1.19e-05,102547.0
1594778400000,1.193e-05,1.197e-05,1.172e-05,1.177e-05,39115.0
1594782000000,1.175e-05,1.183e-05,1.166e-05,1.167e-05,122311.0
1594785600000,1.173e-05,1.197e-05,1.146e-05,1.156e-05,264962.0
1594789200000,1.157e-05,1.165e-05,1.146e-05,1.154e-05,124383.0
1594792800000,1.154e-05,1.159e-05,1.125e-05,1.139e-05,331590.0
1594796400000,1.139e-05,1.142e-05,1.123e-05,1.136e-05,154582.0
1594800000000,1.131e-05,1.141e-05,1.12e-05,1.12e-05,199550.0
1594803600000,1.128e-05,1.136e-05,1.084e-05,1.088e-05,534345.0
1594807200000,1.088e-05,1.096e-05,1.069e-05,1.089e-05,708581.0
1594810800000,1.089e-05,1.115e-05,1.075e-05,1.1e-05,543281.0
1594814400000,1.097e-05,1.121e-05,1.089e-05,1.103e-05,497309.0
1594818000000,1.107e-05,1.107e-05,1.081e-05,1.087e-05,228952.0
1594821600000,1.087e-05,1.087e-05,1.065e-05,1.082e-05,275185.0
1594825200000,1.082e-05,1.087e-05,1.078e-05,1.084e-05,134468.0
1594828800000,1.082e-05,1.099e-05,1.073e-05,1.099e-05,350731.0
1594832400000,1.099e-05,1.119e-05,1.087e-05,1.106e-05,325180.0
1594836000000,1.106e-05,1.107e-05,1.095e-05,1.1e-05,113705.0
1594839600000,1.096e-05,1.107e-05,1.09e-05,1.09e-05,160141.0
1594843200000,1.09e-05,1.094e-05,1.076e-05,1.082e-05,122132.0
1594846800000,1.085e-05,1.097e-05,1.079e-05,1.088e-05,148864.0
1594850400000,1.089e-05,1.092e-05,1.078e-05,1.078e-05,65450.0
1594854000000,1.086e-05,1.086e-05,1.076e-05,1.082e-05,107109.0
1594857600000,1.081e-05,1.084e-05,1.075e-05,1.077e-05,56505.0
1594861200000,1.08e-05,1.085e-05,1.074e-05,1.075e-05,110527.0
1594864800000,1.075e-05,1.09e-05,1.075e-05,1.088e-05,105758.0
1594868400000,1.084e-05,1.088e-05,1.077e-05,1.083e-05,92514.0
1594872000000,1.084e-05,1.105e-05,1.082e-05,1.105e-05,137771.0
1594875600000,1.097e-05,1.105e-05,1.092e-05,1.093e-05,94163.0
1594879200000,1.098e-05,1.117e-05,1.077e-05,1.079e-05,174708.0
1594882800000,1.078e-05,1.093e-05,1.05e-05,1.053e-05,376980.0
1594886400000,1.058e-05,1.058e-05,1.04e-05,1.045e-05,193188.0
1594890000000,1.042e-05,1.057e-05,9.85e-06,9.96e-06,374220.0
1594893600000,9.96e-06,9.98e-06,9.53e-06,9.54e-06,735417.0
1594897200000,9.54e-06,9.78e-06,9.54e-06,9.61e-06,674171.0
1594900800000,9.56e-06,9.69e-06,9.26e-06,9.35e-06,349771.0
1594904400000,9.35e-06,9.6e-06,9.13e-06,9.2e-06,513095.0
1594908000000,9.2e-06,9.34e-06,9e-06,9.28e-06,462354.0
1594911600000,9.27e-06,9.59e-06,9.24e-06,9.51e-06,414593.0
1594915200000,9.51e-06,9.51e-06,9.26e-06,9.39e-06,192677.0
1594918800000,9.4e-06,9.67e-06,9.32e-06,9.58e-06,312136.0
1594922400000,9.55e-06,9.64e-06,9.47e-06,9.52e-06,104137.0
1594926000000,9.52e-06,9.66e-06,9.48e-06,9.55e-06,145925.0
1594929600000,9.53e-06,9.68e-06,9.39e-06,9.54e-06,144358.0
1594933200000,9.53e-06,9.58e-06,9.32e-06,9.49e-06,139644.0
1594936800000,9.49e-06,9.67e-06,9.43e-06,9.59e-06,226332.0
1594940400000,9.59e-06,9.63e-06,9.31e-06,9.35e-06,192239.0
1594944000000,9.35e-06,9.43e-06,9.18e-06,9.29e-06,209225.0
1594947600000,9.32e-06,9.45e-06,9.13e-06,9.23e-06,116156.0
1594951200000,9.22e-06,9.4e-06,9.09e-06,9.33e-06,102898.0
1594954800000,9.33e-06,9.78e-06,9.23e-06,9.48e-06,442011.0
1594958400000,9.49e-06,9.57e-06,9.22e-06,9.27e-06,157940.0
1594962000000,9.26e-06,9.27e-06,9.14e-06,9.25e-06,203074.0
1594965600000,9.21e-06,9.25e-06,9.09e-06,9.15e-06,109559.0
1594969200000,9.15e-06,9.25e-06,8.77e-06,8.97e-06,457158.0
1594972800000,8.97e-06,8.99e-06,8.63e-06,8.66e-06,251864.0
1594976400000,8.66e-06,8.66e-06,8.44e-06,8.6e-06,654410.0
1594980000000,8.6e-06,8.66e-06,8.53e-06,8.59e-06,168716.0
1594983600000,8.59e-06,8.97e-06,8.58e-06,8.61e-06,864114.0
1594987200000,8.62e-06,9.18e-06,8.57e-06,8.86e-06,509869.0
1594990800000,8.86e-06,9.32e-06,8.83e-06,9.21e-06,732032.0
1594994400000,9.21e-06,9.26e-06,9e-06,9.1e-06,231944.0
1594998000000,9.11e-06,9.22e-06,9.05e-06,9.14e-06,89809.0
1595001600000,9.14e-06,9.18e-06,9.03e-06,9.15e-06,108730.0
1595005200000,9.11e-06,9.16e-06,9.03e-06,9.12e-06,71505.0
1595008800000,9.15e-06,9.15e-06,9.03e-06,9.15e-06,89261.0
1595012400000,9.13e-06,9.18e-06,9.03e-06,9.1e-06,73588.0
1595016000000,9.1e-06,9.13e-06,8.92e-06,8.98e-06,108826.0
1595019600000,8.93e-06,9.12e-06,8.92e-06,9.08e-06,117987.0
1595023200000,9.08e-06,9.12e-06,8.89e-06,9.05e-06,65080.0
1595026800000,9.05e-06,9.09e-06,8.87e-06,8.91e-06,89597.0
1595030400000,8.94e-06,8.99e-06,8.87e-06,8.87e-06,65044.0
1595034000000,8.87e-06,8.95e-06,8.67e-06,8.69e-06,148899.0
1595037600000,8.69e-06,8.74e-06,8.62e-06,8.67e-06,66857.0
1595041200000,8.66e-06,8.67e-06,8.59e-06,8.64e-06,46183.0
1595044800000,8.64e-06,8.68e-06,8.64e-06,8.68e-06,19840.0
1595048400000,8.64e-06,8.74e-06,8.12e-06,8.37e-06,577661.0
1595052000000,8.33e-06,8.45e-06,8.23e-06,8.4e-06,224204.0
1595055600000,8.39e-06,8.49e-06,8.39e-06,8.42e-06,31149.0
1595059200000,8.42e-06,8.49e-06,8.38e-06,8.45e-06,81518.0
1595062800000,8.43e-06,8.48e-06,8.37e-06,8.39e-06,66150.0
1595066400000,8.39e-06,8.4e-06,8.33e-06,8.33e-06,30429.0
1595070000000,8.33e-06,8.47e-06,8.31e-06,8.46e-06,87014.0
1595073600000,8.46e-06,8.48e-06,8.39e-06,8.44e-06,164769.0
1595077200000,8.46e-06,8.48e-06,8.28e-06,8.34e-06,162223.0
1595080800000,8.34e-06,8.44e-06,8.34e-06,8.34e-06,30683.0
1595084400000,8.35e-06,8.45e-06,8.31e-06,8.38e-06,62990.0
1595088000000,8.37e-06,8.41e-06,8.28e-06,8.41e-06,53476.0
1595091600000,8.4e-06,8.46e-06,8.37e-06,8.41e-06,91290.0
1595095200000,8.41e-06,8.57e-06,8.41e-06,8.5e-06,128533.0
1595098800000,8.5e-06,8.57e-06,8.49e-06,8.52e-06,84765.0
1595102400000,8.52e-06,8.61e-06,8.5e-06,8.57e-06,131977.0
1595106000000,8.57e-06,8.68e-06,8.55e-06,8.57e-06,116184.0
1595109600000,8.57e-06,8.64e-06,8.5e-06,8.56e-06,71565.0
1595113200000,8.55e-06,8.55e-06,8.47e-06,8.51e-06,57623.0
1595116800000,8.51e-06,8.51e-06,8.38e-06,8.49e-06,69921.0
1595120400000,8.5e-06,8.54e-06,8.44e-06,8.49e-06,41880.0
1595124000000,8.49e-06,8.56e-06,8.46e-06,8.55e-06,108533.0
1595127600000,8.54e-06,8.57e-06,8.37e-06,8.37e-06,172437.0
1595131200000,8.37e-06,8.46e-06,8.37e-06,8.44e-06,22019.0
1595134800000,8.39e-06,8.46e-06,8.38e-06,8.46e-06,14869.0
1595138400000,8.44e-06,8.45e-06,8.37e-06,8.37e-06,61664.0
1595142000000,8.41e-06,8.45e-06,8.37e-06,8.4e-06,25086.0
1595145600000,8.4e-06,8.46e-06,8.37e-06,8.37e-06,75818.0
1595149200000,8.42e-06,8.42e-06,8.37e-06,8.37e-06,47669.0
1595152800000,8.4e-06,8.57e-06,8.37e-06,8.44e-06,122535.0
1595156400000,8.44e-06,8.47e-06,8.4e-06,8.47e-06,91114.0
1595160000000,8.43e-06,8.47e-06,8.38e-06,8.44e-06,162410.0
1595163600000,8.44e-06,8.47e-06,8.32e-06,8.35e-06,74170.0
1595167200000,8.35e-06,8.41e-06,8.12e-06,8.12e-06,326926.0
1595170800000,8.14e-06,8.16e-06,7.9e-06,7.95e-06,387293.0
1595174400000,7.93e-06,8.02e-06,7.71e-06,7.8e-06,340239.0
1595178000000,7.79e-06,7.8e-06,7.64e-06,7.71e-06,261639.0
1595181600000,7.7e-06,7.76e-06,7.55e-06,7.67e-06,337849.0
1595185200000,7.69e-06,7.75e-06,7.63e-06,7.7e-06,226003.0
1595188800000,7.7e-06,7.75e-06,7.34e-06,7.54e-06,911726.0
1595192400000,7.54e-06,7.6e-06,7.47e-06,7.51e-06,199033.0
1595196000000,7.51e-06,7.52e-06,7.07e-06,7.18e-06,635457.0
1595199600000,7.18e-06,7.25e-06,7.07e-06,7.11e-06,475764.0
1595203200000,7.16e-06,7.79e-06,7.12e-06,7.5e-06,752263.0
1595206800000,7.52e-06,7.57e-06,7.46e-06,7.47e-06,218561.0
1595210400000,7.53e-06,7.67e-06,7.46e-06,7.56e-06,231352.0
1595214000000,7.56e-06,7.97e-06,7.55e-06,7.79e-06,478273.0
1595217600000,7.78e-06,7.82e-06,7.57e-06,7.61e-06,257434.0
1595221200000,7.64e-06,7.7e-06,7.46e-06,7.52e-06,192273.0
1595224800000,7.51e-06,7.84e-06,7.49e-06,7.79e-06,371479.0
1595228400000,7.79e-06,7.82e-06,7.69e-06,7.8e-06,80229.0
1595232000000,7.8e-06,7.81e-06,7.56e-06,7.78e-06,604651.0
1595235600000,7.78e-06,7.92e-06,7.61e-06,7.61e-06,648225.0
1595235600000,7.78e-06,7.92e-06,7.61e-06,7.61e-06,648225.0
