1651752000000,3.778e-05,0.00222,3.778e-05,0.000381,463839.965
1651755600000,0.00038195,0.00043321,0.0003549,0.00039946,201550.919
1651759200000,0.00039923,0.00045,0.00039001,0.00041917,173449.75
1651762800000,0.00041928,0.00042463,0.00037369,0.00039041,143533.761
1651766400000,0.00039041,0.000458,0.00038284,0.00040542,103086.0
1651770000000,0.00040584,0.00041443,0.00039426,0.00041094,61434.107
1651773600000,0.00041005,0.00041498,0.00040085,0.00041029,58698.332
1651777200000,0.00041034,0.00044654,0.00040909,0.00043004,103823.959
1651780800000,0.0004298,0.00048199,0.00042801,0.00047479,119937.574
1651784400000,0.00047479,0.00047778,0.00042729,0.00043932,110806.218
1651788000000,0.0004395,0.00046027,0.00042971,0.00045532,89268.776
1651791600000,0.00045666,0.00048586,0.00044241,0.00047649,102642.255
1651795200000,0.00047696,0.00050257,0.00047079,0.00049381,102290.337
1651798800000,0.00049306,0.00050754,0.00045485,0.00046431,68028.69
1651802400000,0.00046347,0.00048363,0.00046171,0.00047811,59012.389
1651806000000,0.000479,0.00048244,0.00042715,0.00043732,63543.193
1651809600000,0.00043819,0.00043999,0.00039378,0.00041404,71162.233
1651813200000,0.00041404,0.0004248,0.00040308,0.00041659,34769.711
1651816800000,0.00041569,0.00042877,0.00041388,0.00041552,39887.656
1651820400000,0.00041525,0.00042312,0.00039759,0.0004129,48095.42
1651824000000,0.00041244,0.00042368,0.00040841,0.00041313,41633.804
1651827600000,0.00041296,0.00044418,0.00041148,0.00043886,109076.058
1651831200000,0.00043898,0.00045465,0.000425,0.00043116,116897.15
1651834800000,0.00043123,0.0004388,0.00042196,0.00043442,73751.722
1651838400000,0.00043428,0.00043471,0.00039802,0.000408,102082.565
1651842000000,0.00040737,0.00041551,0.00039343,0.00040662,80458.26
1651845600000,0.00040708,0.00041744,0.00040576,0.00041406,68402.468
1651849200000,0.00041438,0.0004202,0.000405,0.00041225,44287.003
1651852800000,0.00041217,0.00041689,0.00040819,0.0004139,34921.211
1651856400000,0.00041421,0.00041426,0.00039565,0.00039847,43412.623
1651860000000,0.0003985,0.00040217,0.00039534,0.00039726,29402.497
1651863600000,0.000398,0.00039825,0.00037964,0.00038088,85717.005
1651867200000,0.00038129,0.00038614,0.00034757,0.0003542,95662.187
1651870800000,0.00035453,0.00035748,0.00033911,0.00035271,85053.948
1651874400000,0.00035271,0.00035572,0.000345,0.00034663,32782.944
1651878000000,0.00034619,0.00037,0.00034617,0.00036425,47670.759
1651881600000,0.00036402,0.00037172,0.00035563,0.00036206,52247.026
1651885200000,0.00036164,0.00037708,0.00036016,0.00037708,45999.371
1651888800000,0.0003767,0.00037983,0.00036354,0.00036649,28334.572
1651892400000,0.00036588,0.00036588,0.00035109,0.00036103,27292.403
1651896000000,0.00036105,0.00036186,0.00032799,0.00033258,46155.234
1651899600000,0.00033288,0.00033762,0.00032071,0.00033654,55044.466
1651903200000,0.00033523,0.00033582,0.000325,0.000325,19082.948
1651906800000,0.000325,0.00034765,0.000325,0.0003369,33830.721
1651910400000,0.0003369,0.0003595,0.00033664,0.00035515,58276.387
1651914000000,0.00035533,0.00035672,0.00033692,0.00034193,32177.794
1651917600000,0.00034196,0.00035152,0.00033712,0.00034575,21035.836
1651921200000,0.0003455,0.00035124,0.0003426,0.00034974,14523.447
1651924800000,0.00034917,0.00035747,0.00034307,0.00034762,33816.871
1651928400000,0.00034795,0.00034881,0.000336,0.00034532,32319.996
1651932000000,0.00034546,0.0003474,0.00034095,0.00034716,15938.546
1651935600000,0.00034706,0.00035005,0.00034427,0.00034827,14451.603
1651939200000,0.00034794,0.00034873,0.00033861,0.00034048,20237.221
1651942800000,0.00034018,0.00034361,0.0003382,0.00034337,9424.348
1651946400000,0.00034357,0.00034622,0.00032695,0.00033398,27532.616
1651950000000,0.00033395,0.00033395,0.0003245,0.0003296,17743.038
1651953600000,0.00032931,0.00033466,0.00032224,0.00032508,10908.988
1651957200000,0.00032564,0.00032821,0.00031199,0.00031199,39729.06
1651960800000,0.00031178,0.00031732,0.0002926,0.00029733,64556.916
1651964400000,0.00029778,0.00030358,0.00029,0.00029206,53101.592
1651968000000,0.00029246,0.0003081,0.00028793,0.00030186,52226.88
1651971600000,0.00030295,0.00030574,0.00029695,0.00029807,49657.653
1651975200000,0.0002983,0.00030856,0.000297,0.00030666,39046.221
1651978800000,0.00030626,0.0003185,0.00030331,0.00031586,45046.767
1651982400000,0.00031591,0.0003204,0.00030866,0.00030892,40236.622
1651986000000,0.00030869,0.00031266,0.00030618,0.00030857,46829.838
1651989600000,0.00030859,0.00031294,0.00030838,0.00030892,28808.825
1651993200000,0.00030831,0.00031366,0.00027841,0.00028265,71070.0
1651996800000,0.00028319,0.00029038,0.000277,0.00028608,73617.855
1652000400000,0.00028643,0.00028738,0.000282,0.00028349,29861.469
1652004000000,0.00028353,0.00028438,0.00027545,0.00028318,29179.967
1652007600000,0.00028307,0.000289,0.00028087,0.00028456,14769.612
1652011200000,0.00028398,0.00028798,0.00028086,0.00028086,17811.273
1652014800000,0.00028101,0.00028191,0.00026574,0.00026749,48158.074
1652018400000,0.00026738,0.0002711,0.00026628,0.00027026,26464.36
1652022000000,0.0002707,0.00027144,0.00025874,0.0002631,32231.664
1652025600000,0.00026258,0.00026755,0.0002617,0.00026337,28465.024
1652029200000,0.00026338,0.00026349,0.00025351,0.0002593,68133.97
1652032800000,0.0002591,0.00028362,0.00025728,0.00027505,56896.481
1652036400000,0.00027505,0.00027653,0.00026514,0.00026804,12962.208
1652040000000,0.0002685,0.00027167,0.00025931,0.00026585,12553.86
1652043600000,0.00026632,0.00027548,0.00026511,0.00027423,16049.995
1652047200000,0.00027374,0.00028583,0.00026704,0.00027717,15795.683
1652050800000,0.00027554,0.00033888,0.00027413,0.00029351,55853.911
1652054400000,0.00029354,0.00030921,0.00029101,0.00030078,49505.925
1652058000000,0.00030193,0.00030433,0.00028648,0.00029081,30303.995
1652061600000,0.00029059,0.00030469,0.00028041,0.00030379,24847.075
1652065200000,0.00030425,0.00030705,0.00029297,0.00029753,20119.909
1652068800000,0.00029595,0.00030311,0.00029085,0.00029487,15448.93
1652072400000,0.00029531,0.00030612,0.0002928,0.00030041,14556.018
1652076000000,0.00030107,0.00030139,0.00028683,0.00029411,13127.087
1652079600000,0.00029379,0.00029914,0.00028682,0.0002955,12513.042
1652083200000,0.00029536,0.0003484,0.00029154,0.0003365,136783.761
1652086800000,0.00033582,0.00035899,0.00032683,0.00032863,75813.576
1652090400000,0.00032912,0.00033594,0.00030863,0.00031463,83408.964
1652094000000,0.00031417,0.00032907,0.00031117,0.00032338,36972.209
1652097600000,0.000323,0.00032544,0.00031452,0.0003163,27598.382
1652101200000,0.00031502,0.00031657,0.00028879,0.00029284,63849.895
1652104800000,0.00029223,0.00029343,0.00028086,0.00028769,34048.788
1652108400000,0.0002869,0.00030204,0.0002869,0.00029954,21340.629
1652112000000,0.00029986,0.0003002,0.00025724,0.00026357,59497.676
1652115600000,0.00026367,0.00026729,0.00025285,0.00025771,64261.859
1652119200000,0.00025853,0.00026167,0.00024929,0.000259,42255.417
1652122800000,0.00025722,0.00026729,0.00024495,0.00025362,35701.669
1652126400000,0.00025202,0.00025862,0.00024993,0.00025441,16124.411
1652130000000,0.00025475,0.00026175,0.00025135,0.00025539,15847.658
1652133600000,0.00025732,0.00027117,0.000257,0.00026189,37322.487
1652137200000,0.00026291,0.00026671,0.00022562,0.00023034,84450.679
1652140800000,0.00023051,0.00024564,0.00022562,0.00024245,69666.099
1652144400000,0.00024232,0.00024967,0.00023603,0.00023859,26164.701
1652148000000,0.00023969,0.00024212,0.0002242,0.00022517,46329.91
1652151600000,0.00022532,0.00022628,0.00020742,0.00020795,56847.175
1652155200000,0.00020836,0.000222,0.000201,0.00022171,43662.367
1652158800000,0.00022231,0.00024394,0.00021662,0.00023465,61588.019
1652162400000,0.00023339,0.00024612,0.00023246,0.0002343,40332.227
1652166000000,0.0002343,0.00023926,0.00022552,0.0002316,39194.031
1652169600000,0.00023187,0.00024152,0.00022748,0.0002333,32426.896
1652173200000,0.0002333,0.00023431,0.00022748,0.00023185,29208.281
1652176800000,0.00023233,0.00023762,0.00023051,0.00023435,14599.999
1652180400000,0.00023392,0.00023979,0.00023235,0.00023773,5964.597
1652184000000,0.00023824,0.00026092,0.00023606,0.00025768,37781.596
1652187600000,0.00025482,0.00026006,0.0002428,0.00024795,35450.65
1652191200000,0.00024792,0.00025289,0.00023385,0.00023875,25906.179
1652194800000,0.00023672,0.00024325,0.00023235,0.00023871,13074.064
1652198400000,0.00023989,0.00024203,0.00023441,0.00023627,7594.974
1652202000000,0.00023758,0.0002447,0.00023758,0.00024068,4487.804
1652205600000,0.00023974,0.00024151,0.00023405,0.00023405,5515.109
1652209200000,0.00023404,0.00023603,0.00022278,0.0002239,9773.652
1652212800000,0.00022368,0.00022602,0.00021721,0.00021891,13185.223
1652216400000,0.00021739,0.00021857,0.00017659,0.00018339,45486.034
1652220000000,0.00018275,0.00019972,0.00016701,0.00019327,61242.578
1652223600000,0.00019204,0.0002032,0.0001909,0.0002001,21697.736
1652227200000,0.00020061,0.00020912,0.0001986,0.00020206,22748.371
1652230800000,0.00020076,0.00020374,0.00019,0.00019436,13461.195
1652234400000,0.00019154,0.00020519,0.0001864,0.00020117,31197.099
1652238000000,0.00020074,0.00020402,0.00018912,0.00018912,23389.356
1652241600000,0.00018896,0.00019394,0.00016998,0.00017925,48673.513
1652245200000,0.00017845,0.00018536,0.00017493,0.00017493,13308.215
1652248800000,0.00017454,0.00017687,0.000158,0.0001592,25677.71
1652252400000,0.00015977,0.00017259,0.00013538,0.0001443,129429.918
1652256000000,0.00014443,0.00016323,0.00013914,0.00016255,69697.534
1652259600000,0.00016084,0.00016096,0.00014454,0.00014979,117441.188
1652263200000,0.00015047,0.00015362,0.00013521,0.00013846,18384.439
1652266800000,0.00013825,0.00013825,0.00010946,0.00011141,137056.245
1652270400000,0.00011061,0.00012193,7.432e-05,8.485e-05,213605.232
1652274000000,8.499e-05,0.0001308,8.317e-05,0.0001206,347549.692
1652277600000,0.00011945,0.0001395,0.00011098,0.00012576,150625.527
1652281200000,0.0001272,0.0001272,0.00010141,0.00010762,96390.899
1652284800000,0.00010819,0.000113,9.939e-05,0.0001049,51303.006
1652288400000,0.00010393,0.00012136,0.0001015,0.00010944,93885.29
1652292000000,0.00010989,0.00011871,9.978e-05,0.0001065,44321.044
1652295600000,0.00010517,0.00010942,9.883e-05,0.0001027,29268.249
1652299200000,0.00010335,0.00011138,9.343e-05,9.67e-05,39144.674
1652302800000,9.68e-05,0.00011602,9.46e-05,0.00011266,36161.383
1652306400000,0.00011224,0.00011907,0.00010525,0.00011651,50566.581
1652310000000,0.0001152,0.00013397,0.00010973,0.00012561,85385.804
1652313600000,0.00012587,0.00014559,0.00011974,0.00013098,97247.382
1652317200000,0.0001309,0.00013671,0.00011824,0.00012076,94276.576
1652320800000,0.00012077,0.00012117,0.00010105,0.00010964,107237.994
1652324400000,0.00010954,0.00011782,0.00010357,0.00010773,74105.815
1652328000000,0.00010766,0.00011874,9.994e-05,0.00011613,81681.258
1652331600000,0.00011571,0.00011942,0.00010443,0.00010985,43483.693
1652335200000,0.00011094,0.00011875,0.00010375,0.00010441,30727.249
1652338800000,0.00010431,0.0001273,9.027e-05,0.00011315,126082.47
1652342400000,0.00011362,0.00011865,0.00010597,0.00011241,31474.849
1652346000000,0.00011234,0.00012199,0.00011188,0.00011527,22726.021
1652349600000,0.00011527,0.00013872,0.0001095,0.00013513,72532.71
1652353200000,0.00013372,0.00013695,0.00012084,0.0001226,36928.37
1652356800000,0.00012344,0.00016785,0.00011964,0.00016251,125013.615
1652360400000,0.00016242,0.00016644,0.0001439,0.00014968,143554.333
1652364000000,0.00014962,0.00016883,0.00014606,0.00016785,70636.413
1652367600000,0.00016791,0.0002,0.00016106,0.0001714,150400.436
1652371200000,0.00017121,0.00018111,0.000161,0.00016801,75358.885
1652374800000,0.00016762,0.00016938,0.00015066,0.00015611,75297.006
1652378400000,0.00015629,0.00016527,0.00014416,0.00014731,45293.593
1652382000000,0.00014739,0.00016054,0.00014217,0.00015141,40011.537
1652385600000,0.00015168,0.00016296,0.00014667,0.00015026,34771.768
1652389200000,0.000151,0.0001519,0.00013234,0.00013949,42661.541
1652392800000,0.00013998,0.0001525,0.00013614,0.00015192,28920.42
1652396400000,0.00015195,0.0001796,0.00014795,0.00016784,49674.813
1652400000000,0.00016852,0.0001856,0.00015951,0.0001785,54702.393
1652403600000,0.00017736,0.000199,0.00017318,0.00018788,92126.274
1652407200000,0.00018902,0.00020446,0.00017838,0.0002034,72580.323
1652410800000,0.00020312,0.00020493,0.00018743,0.00019148,47365.189
1652414400000,0.00019236,0.00022065,0.00019,0.00020077,66490.298
1652418000000,0.00020117,0.0002268,0.00019874,0.00021896,77367.628
1652421600000,0.00021892,0.00027501,0.00021679,0.000256,118375.299
1652425200000,0.00025571,0.00025973,0.00021773,0.00022046,118075.979
1652428800000,0.00022036,0.00023057,0.0002068,0.00022703,84137.831
1652432400000,0.00022698,0.000249,0.00022191,0.00022652,90723.471
1652436000000,0.00022566,0.00023992,0.00021554,0.00022956,43406.396
1652439600000,0.00023032,0.00025235,0.00022268,0.00024352,49186.453
1652443200000,0.00024446,0.00024652,0.00022498,0.00022803,108617.141
1652446800000,0.00022824,0.00023394,0.00021442,0.00022261,34557.596
1652450400000,0.00022187,0.00023698,0.00022015,0.00022185,27731.169
1652454000000,0.00022156,0.00022341,0.00020669,0.00021256,57221.214
1652457600000,0.0002118,0.00022307,0.00019901,0.00020615,57642.335
1652461200000,0.00020655,0.00021719,0.00020655,0.00021021,25105.659
1652464800000,0.00020951,0.0002321,0.00020745,0.00022715,40213.591
1652468400000,0.00022875,0.00022932,0.00021724,0.00022037,14468.164
1652472000000,0.00022154,0.00023638,0.00021992,0.00023382,24085.854
1652475600000,0.00023242,0.00026583,0.00023068,0.00026248,54436.84
1652479200000,0.00026005,0.00026018,0.00024449,0.00024938,28409.669
1652482800000,0.00024931,0.00025381,0.00022609,0.00023634,115534.162
1652486400000,0.00023647,0.00025544,0.00023044,0.00024049,50449.408
1652490000000,0.00024134,0.00024134,0.00022614,0.00022914,39491.837
1652493600000,0.00022907,0.00023055,0.00021741,0.00022602,17160.91
1652497200000,0.00022609,0.0002323,0.00021287,0.00021416,14332.395
1652500800000,0.00021416,0.00021461,0.0001939,0.00019974,45980.429
1652504400000,0.00019974,0.00020541,0.00019207,0.00019998,34586.587
1652508000000,0.00019972,0.00021,0.00019309,0.00020657,30844.199
1652511600000,0.00020744,0.00021408,0.00020252,0.00020544,31200.625
1652515200000,0.00020617,0.00020701,0.00019522,0.00019839,14522.911
1652518800000,0.00019738,0.00020407,0.00018884,0.00019115,47292.918
1652522400000,0.0001902,0.00019295,0.0001834,0.00018466,19156.213
1652526000000,0.00018473,0.00019541,0.00018186,0.0001918,25869.185
1652529600000,0.00019189,0.00020157,0.00018651,0.00018943,32813.97
1652533200000,0.00019023,0.00019354,0.00017896,0.00017896,34851.832
1652536800000,0.00017893,0.00018317,0.00017708,0.00018237,15890.446
1652540400000,0.00018203,0.00018876,0.00018117,0.00018327,17536.766
1652544000000,0.00018326,0.00020359,0.00017821,0.00019598,66537.583
1652547600000,0.00019602,0.00020436,0.00019283,0.00020436,41948.776
1652551200000,0.00020436,0.00021165,0.00020404,0.00020498,18483.302
1652554800000,0.000205,0.00020598,0.00019961,0.00019992,21473.557
1652558400000,0.00020131,0.00020131,0.00019383,0.00019729,5893.924
1652562000000,0.00019586,0.00020856,0.00019,0.00020628,13671.676
1652565600000,0.00020808,0.0002223,0.00020267,0.0002185,20119.917
1652569200000,0.00021966,0.00023523,0.00021103,0.00022819,27857.599
1652572800000,0.00022829,0.0002297,0.00021701,0.00021867,38036.975
1652576400000,0.00021912,0.00022227,0.000215,0.00021947,5505.632
1652580000000,0.00021947,0.0002298,0.00020805,0.00021085,24274.966
1652583600000,0.00021143,0.00021544,0.00020577,0.00021438,8933.002
1652587200000,0.00021282,0.0002172,0.00021044,0.00021303,6897.907
1652590800000,0.00021289,0.00022599,0.00020936,0.00022185,8926.037
1652594400000,0.00022282,0.00023304,0.00021688,0.00023052,20399.184
1652598000000,0.00023078,0.00024753,0.00022862,0.00023795,57359.561
1652601600000,0.00023785,0.00023953,0.00022657,0.00023035,35977.85
1652605200000,0.00023002,0.0002343,0.00022733,0.00023184,13326.639
1652608800000,0.00023228,0.0002333,0.0002239,0.00023149,12157.332
1652612400000,0.00023149,0.00023936,0.00022674,0.00023397,18507.852
1652616000000,0.00023442,0.00024739,0.00022822,0.0002299,33699.828
1652619600000,0.0002283,0.00023062,0.0002179,0.00022084,25717.648
1652623200000,0.00022105,0.00022363,0.00021073,0.00021207,25517.69
1652626800000,0.0002122,0.00021577,0.00020681,0.00021116,14457.058
1652630400000,0.00021126,0.00022043,0.00020877,0.00021837,13238.853
1652634000000,0.000219,0.00022311,0.00021337,0.00021444,8890.598
1652637600000,0.00021503,0.00022219,0.00021236,0.00021867,11260.527
1652641200000,0.00021939,0.00022322,0.00021663,0.00022227,5006.26
1652644800000,0.00022173,0.00022578,0.00021681,0.00022254,10104.977
1652648400000,0.00022377,0.00022799,0.00021327,0.00022799,42736.295
1652652000000,0.00022747,0.00023444,0.00022571,0.00022571,16453.196
1652655600000,0.00022572,0.00023543,0.0002232,0.00023067,59668.585
1652659200000,0.00022946,0.00023872,0.00021713,0.00021886,19385.236
1652662800000,0.0002196,0.00022076,0.00020992,0.00021282,15869.406
1652666400000,0.00021282,0.00022033,0.00021016,0.00021842,28923.083
1652670000000,0.00021885,0.00022299,0.00021468,0.0002212,7191.105
1652673600000,0.00022068,0.00022806,0.0002158,0.00022507,21191.65
1652677200000,0.00022539,0.00022847,0.00022282,0.000224,4165.924
1652680800000,0.00022322,0.00022322,0.00020616,0.00020959,14100.766
1652684400000,0.00020863,0.00021035,0.00020296,0.00020564,19103.283
1652688000000,0.00020521,0.00021228,0.00020518,0.00021031,54409.705
1652691600000,0.00020962,0.00021031,0.00020414,0.00020804,8710.83
1652695200000,0.00020772,0.00021516,0.00020651,0.00021498,35935.244
1652698800000,0.00021405,0.00021436,0.00020651,0.00020838,14360.308
1652702400000,0.00020809,0.00020988,0.00020383,0.00020747,19585.235
1652706000000,0.00020711,0.00021203,0.00020466,0.00020888,16949.432
1652709600000,0.00020888,0.0002124,0.00020582,0.00020745,13134.21
1652713200000,0.00020636,0.00020839,0.00019791,0.00019953,22866.903
1652716800000,0.00020019,0.00020163,0.00019675,0.00019943,11432.391
1652720400000,0.00020024,0.00020775,0.00019967,0.00020525,4647.655
1652724000000,0.00020533,0.00020936,0.00020433,0.00020543,12807.183
1652727600000,0.00020528,0.00020574,0.00020007,0.00020162,4492.884
1652731200000,0.00020163,0.00020552,0.00020081,0.00020516,4286.091
1652734800000,0.00020557,0.00020612,0.0001998,0.00020304,4945.72
1652738400000,0.00020315,0.00020667,0.000195,0.00019658,7496.493
1652742000000,0.00019684,0.00019906,0.00019401,0.00019655,13854.998
1652745600000,0.00019662,0.00020339,0.00019513,0.00019963,8307.114
1652749200000,0.00020049,0.0002005,0.00019543,0.00019928,2894.342
1652752800000,0.0002,0.00020155,0.00019769,0.00019978,3129.813
1652756400000,0.00019978,0.00021223,0.00019978,0.00021089,24479.316
1652760000000,0.00021067,0.00022047,0.00020862,0.00021582,19440.84
1652763600000,0.0002164,0.00021851,0.000213,0.00021758,17235.7
1652767200000,0.00021716,0.00022311,0.00021527,0.00021928,12866.048
1652770800000,0.00021944,0.0002195,0.00021269,0.000214,42840.798
1652774400000,0.00021395,0.00021935,0.00021264,0.00021559,31299.341
1652778000000,0.00021596,0.00022219,0.0002157,0.00022218,57196.99
1652781600000,0.00022218,0.00022432,0.00021335,0.00021335,29226.648
1652785200000,0.00021329,0.00021875,0.00020885,0.0002112,75262.09
1652788800000,0.00021105,0.00021587,0.00020938,0.00021357,98896.197
1652792400000,0.00021348,0.000217,0.00020987,0.00021336,14688.16
1652796000000,0.00021296,0.00021332,0.00020614,0.00020861,12126.881
1652799600000,0.00020786,0.00020878,0.00020349,0.0002063,11312.517
1652803200000,0.00020635,0.00020876,0.00020398,0.00020736,11013.795
1652806800000,0.00020727,0.00020892,0.00020517,0.00020517,1907.324
1652810400000,0.00020503,0.00020777,0.00019923,0.00020291,10933.649
1652814000000,0.00020271,0.00020648,0.00020206,0.00020393,3971.03
1652817600000,0.00020393,0.00020826,0.00020364,0.00020442,3863.488
1652821200000,0.00020442,0.00021009,0.00020397,0.00020826,9442.88
1652824800000,0.00020822,0.00020946,0.00020533,0.0002082,4537.549
1652828400000,0.00020862,0.00021553,0.00020821,0.00020983,6630.951
1652832000000,0.00020983,0.00021438,0.0002093,0.00021116,11568.19
1652835600000,0.00021065,0.00021555,0.000209,0.00021088,8468.323
1652839200000,0.00021084,0.0002219,0.00021077,0.0002219,9990.048
1652842800000,0.00022093,0.00022376,0.00020815,0.00021037,15929.719
1652846400000,0.0002102,0.00021122,0.00020723,0.00020801,5194.135
1652850000000,0.00020749,0.00021179,0.00020749,0.00021179,4933.315
1652853600000,0.00021183,0.0002149,0.00020943,0.00020949,5291.598
1652857200000,0.00020967,0.00021167,0.0002087,0.00021043,2556.118
1652860800000,0.00021117,0.00021141,0.00020675,0.00020835,22326.772
1652864400000,0.00020857,0.000209,0.00020339,0.00020725,5333.828
1652868000000,0.00020818,0.00021074,0.00020704,0.00020915,3100.735
1652871600000,0.00020896,0.00020943,0.00020675,0.00020829,4088.748
1652875200000,0.00020849,0.00020849,0.00020008,0.00020192,7697.669
1652878800000,0.00020196,0.00020344,0.00019784,0.00020038,27341.134
1652882400000,0.00019991,0.00020366,0.00018744,0.00019102,32167.488
1652886000000,0.00019062,0.00019252,0.00018265,0.00018755,18111.726
1652889600000,0.00018743,0.00019038,0.00018429,0.00018821,10953.501
1652893200000,0.00018781,0.00018835,0.00018626,0.00018821,4645.946
1652896800000,0.00018835,0.00019143,0.00018757,0.00018874,7367.586
1652900400000,0.0001894,0.00019203,0.00018901,0.00019061,5303.531
1652904000000,0.00019028,0.00019079,0.00018727,0.00018944,4448.119
1652907600000,0.00019011,0.0001931,0.00018856,0.00019102,7983.422
1652911200000,0.00019107,0.00019546,0.00019039,0.00019104,5271.82
1652914800000,0.00019175,0.00019474,0.00018144,0.00018396,20445.4
1652918400000,0.00018498,0.0001882,0.00018133,0.00018171,6222.905
1652922000000,0.00018178,0.00018495,0.00017428,0.00017669,15660.007
1652925600000,0.00017676,0.00018391,0.00017412,0.00018072,27213.281
1652929200000,0.00018083,0.00018495,0.00018017,0.00018242,8063.042
1652932800000,0.00018245,0.00019085,0.00018234,0.00018273,16029.225
1652936400000,0.00018308,0.00018581,0.00018058,0.00018214,2776.561
1652940000000,0.00018214,0.00018844,0.00018214,0.00018712,4573.884
1652943600000,0.00018703,0.00018716,0.00018408,0.0001862,6165.144
1652947200000,0.00018621,0.00018687,0.00018151,0.00018239,3671.725
1652950800000,0.00018284,0.00018345,0.00017683,0.00017844,5883.901
1652954400000,0.00017923,0.00018359,0.00017653,0.00018075,9016.528
1652958000000,0.00018077,0.00019151,0.00017895,0.00018944,12862.313
1652961600000,0.00018963,0.00019279,0.00018773,0.00018966,11986.558
1652965200000,0.00018954,0.00019835,0.00018865,0.00019483,48084.471
1652968800000,0.00019522,0.00020064,0.00019522,0.00019818,17058.849
1652972400000,0.00019859,0.000209,0.00019711,0.00020413,61812.339
1652976000000,0.00020398,0.0002051,0.00020117,0.00020324,10146.849
1652979600000,0.00020308,0.00020402,0.00020074,0.00020303,6357.707
1652983200000,0.00020323,0.000206,0.00020084,0.00020129,6447.936
1652986800000,0.00020175,0.00020273,0.00019832,0.00019832,3487.308
1652990400000,0.0001988,0.00020234,0.00019793,0.00020129,4071.546
1652994000000,0.00020085,0.0002043,0.00019666,0.00020189,9625.248
1652997600000,0.00020138,0.00020712,0.00019861,0.00020475,7997.501
1653001200000,0.00020435,0.00021242,0.00020095,0.0002069,10105.595
1653004800000,0.00020663,0.00020663,0.00019855,0.00020027,7643.163
1653008400000,0.00020095,0.00020809,0.00019854,0.00020553,34849.649
1653012000000,0.00020615,0.00020844,0.00020245,0.00020527,7079.325
1653015600000,0.00020526,0.00020592,0.00020187,0.00020201,6649.937
1653019200000,0.00020188,0.00020677,0.00020151,0.00020255,12577.521
1653022800000,0.00020304,0.00020688,0.00020155,0.00020591,2674.453
1653026400000,0.00020571,0.00020571,0.0001902,0.00019323,20050.051
1653030000000,0.00019296,0.00019674,0.0001913,0.00019425,7739.199
1653033600000,0.00019433,0.00019923,0.00019273,0.00019599,9259.603
1653037200000,0.00019552,0.00019794,0.00019445,0.00019595,8679.965
1653040800000,0.0001965,0.0001965,0.00019281,0.00019504,5034.708
1653044400000,0.00019489,0.00019617,0.00019229,0.00019465,3926.109
1653048000000,0.00019425,0.00019498,0.00018949,0.00019223,4042.231
1653051600000,0.00019216,0.00019216,0.0001869,0.00019014,9674.429
1653055200000,0.00019021,0.00019091,0.00018715,0.00019039,6408.058
1653058800000,0.00019041,0.00019346,0.00018958,0.0001926,5381.351
1653062400000,0.00019261,0.00019265,0.00018713,0.00018924,7923.964
1653066000000,0.00018931,0.00019148,0.00018708,0.00019126,9810.571
1653069600000,0.00019089,0.00019325,0.00018951,0.00019211,4436.138
1653073200000,0.00019214,0.00019663,0.00019153,0.00019343,4710.686
1653076800000,0.00019335,0.00019475,0.0001908,0.00019291,4627.233
1653080400000,0.00019291,0.00019418,0.00019109,0.00019211,2059.528
1653084000000,0.00019244,0.0001957,0.00019229,0.00019349,4259.632
1653087600000,0.0001935,0.00019688,0.0001921,0.00019457,5833.517
1653091200000,0.00019498,0.00019698,0.00019357,0.00019437,2465.325
1653094800000,0.00019384,0.00019434,0.00018742,0.00019188,3721.274
1653098400000,0.00019195,0.00019599,0.00019083,0.00019407,3684.984
1653102000000,0.00019498,0.0002049,0.0001936,0.00020307,28721.598
1653105600000,0.00020267,0.00020802,0.00020265,0.00020575,11527.647
1653109200000,0.00020709,0.00020765,0.0002006,0.00020128,7516.067
1653112800000,0.00020125,0.00020709,0.00019937,0.00020468,8356.67
1653116400000,0.00020456,0.00020879,0.00020322,0.00020598,9100.352
1653120000000,0.00020575,0.00020714,0.00020267,0.00020326,17424.811
1653123600000,0.00020352,0.00020489,0.0002018,0.00020441,2448.957
1653127200000,0.00020459,0.00020527,0.00019976,0.00020227,3652.069
1653130800000,0.00020214,0.00020214,0.00019679,0.00019936,3463.8
1653134400000,0.00019928,0.00019977,0.00019663,0.00019954,3242.851
1653138000000,0.00019954,0.00020254,0.00019828,0.00020056,3999.653
1653141600000,0.00020068,0.00020206,0.00019826,0.00020162,2480.179
1653145200000,0.00020166,0.00020478,0.00020011,0.00020123,5058.695
1653148800000,0.00020118,0.00020525,0.00020039,0.00020282,5428.791
1653152400000,0.00020307,0.00021232,0.0002025,0.00021182,62842.463
1653156000000,0.00021141,0.00021434,0.00020899,0.00020988,28373.898
1653159600000,0.00020968,0.000212,0.00020717,0.00020796,6646.427
1653163200000,0.00020847,0.00020958,0.00020587,0.00020708,2681.089
1653166800000,0.00020673,0.00021386,0.00020545,0.00021089,24420.64
1653170400000,0.00021009,0.00021452,0.00020444,0.00020502,11308.665
1653174000000,0.0002047,0.00020856,0.00020186,0.00020186,4638.381
1653177600000,0.00020205,0.00020509,0.00019754,0.00020509,10153.638
1653181200000,0.00020497,0.00020901,0.00020273,0.00020365,7351.089
1653184800000,0.00020365,0.00020639,0.0002016,0.00020225,6872.907
1653188400000,0.000203,0.000205,0.00020186,0.00020197,4510.281
1653192000000,0.00020201,0.00020339,0.00019887,0.00019996,3556.648
1653195600000,0.00019965,0.00020199,0.00019888,0.00019999,29851.244
1653199200000,0.00020003,0.00020367,0.00020003,0.00020217,4191.459
1653202800000,0.00020216,0.0002024,0.00020004,0.00020182,2896.637
1653206400000,0.00020148,0.00020478,0.00020097,0.0002047,1286.731
1653210000000,0.00020488,0.00020693,0.0002032,0.00020617,2860.889
1653213600000,0.00020657,0.00020888,0.0002045,0.0002053,9859.24
1653217200000,0.00020528,0.00020831,0.00020295,0.00020367,5930.041
1653220800000,0.00020409,0.0002053,0.00020213,0.00020452,4260.119
1653224400000,0.00020455,0.0002046,0.00020012,0.00020229,2258.247
1653228000000,0.00020229,0.0002291,0.00020229,0.00022603,30333.058
1653231600000,0.00022596,0.00024096,0.0002241,0.00023119,69395.618
1653235200000,0.0002305,0.00023376,0.0002218,0.00022867,33952.543
1653238800000,0.00022885,0.00023611,0.00022643,0.00023131,14733.529
1653242400000,0.00023088,0.00023597,0.0002303,0.00023199,8637.463
1653246000000,0.00023196,0.00023196,0.00022475,0.0002264,10382.415
1653249600000,0.00022658,0.00022785,0.00022315,0.00022436,2838.925
1653253200000,0.00022424,0.00022528,0.00022076,0.00022348,11138.003
1653256800000,0.00022361,0.00022694,0.00022222,0.00022401,10179.468
1653260400000,0.00022397,0.00023478,0.00022247,0.00023236,10783.565
1653264000000,0.0002326,0.00023663,0.00022526,0.00022969,22687.037
1653267600000,0.00022955,0.00023093,0.00021425,0.00021632,25293.343
1653271200000,0.00021557,0.00021862,0.00021215,0.00021634,10914.554
1653274800000,0.00021634,0.00022044,0.0002043,0.00020745,71878.873
1653278400000,0.0002076,0.00020996,0.00020582,0.00020928,16567.28
1653282000000,0.00020939,0.00021253,0.0002081,0.0002122,11914.018
1653285600000,0.00021257,0.00021319,0.00020799,0.00020844,3732.628
1653289200000,0.00020823,0.0002122,0.00020541,0.0002091,11362.26
1653292800000,0.00020949,0.00021182,0.00020826,0.00021113,2120.606
1653296400000,0.00021067,0.00021251,0.00020904,0.00021134,8198.378
1653300000000,0.00021136,0.00021277,0.00020926,0.0002102,5496.542
1653303600000,0.00021028,0.00021521,0.00020976,0.00021245,12735.288
1653307200000,0.00021251,0.00021442,0.00020831,0.00020882,8157.381
1653310800000,0.00020919,0.0002133,0.00020569,0.0002104,21126.962
1653314400000,0.00021033,0.00021198,0.00020882,0.0002097,5285.441
1653318000000,0.00020983,0.0002127,0.00020983,0.00021177,2625.807
1653321600000,0.00021193,0.00021394,0.00021014,0.00021165,12705.015
1653325200000,0.00021144,0.00021226,0.0002098,0.00021126,9403.311
1653328800000,0.00021174,0.00021248,0.00020823,0.00020949,6759.75
1653332400000,0.00020935,0.00020935,0.00020251,0.00020354,50153.519
1653336000000,0.00020324,0.00020672,0.00020298,0.0002059,5830.655
1653339600000,0.00020602,0.000207,0.00020426,0.00020426,1413.876
1653343200000,0.0002042,0.0002042,0.00019951,0.00020158,11024.694
1653346800000,0.00020052,0.00020052,0.00019553,0.00019966,25645.068
1653350400000,0.00019958,0.0002022,0.0001992,0.00020147,5794.576
1653354000000,0.00020159,0.00020455,0.00019945,0.00020281,4540.308
1653357600000,0.00020341,0.0002047,0.00020245,0.00020395,2333.587
1653361200000,0.00020403,0.00020523,0.00020272,0.00020318,12387.718
1653364800000,0.00020301,0.00020358,0.00020209,0.00020283,10603.451
1653368400000,0.00020283,0.00020657,0.0002028,0.00020445,6709.134
1653372000000,0.00020432,0.00020575,0.00020222,0.00020312,2975.333
1653375600000,0.00020287,0.00020381,0.000202,0.00020248,1065.818
1653379200000,0.00020248,0.00020356,0.00019559,0.0001965,7866.889
1653382800000,0.00019665,0.00019909,0.0001952,0.00019884,10796.53
1653386400000,0.00019915,0.00020004,0.00019822,0.00019975,1497.95
1653390000000,0.00020013,0.00020153,0.00019757,0.00019877,4030.004
1653393600000,0.00019858,0.00020017,0.00019696,0.0001992,3238.625
1653397200000,0.00019904,0.0001992,0.00018954,0.00019146,17233.13
1653400800000,0.00019086,0.00019707,0.00018866,0.00019685,22717.873
1653404400000,0.00019632,0.00019966,0.0001958,0.00019853,4826.504
1653408000000,0.00019786,0.00019917,0.00019577,0.00019684,1950.294
1653411600000,0.00019641,0.00019658,0.00019365,0.00019598,2456.911
1653415200000,0.00019615,0.00019831,0.00019571,0.00019674,2525.563
1653418800000,0.00019687,0.00019806,0.00019522,0.00019694,7188.709
1653422400000,0.00019761,0.00019911,0.00019715,0.00019887,2104.636
1653426000000,0.00019906,0.00020389,0.00019716,0.00020291,11289.606
1653429600000,0.00020282,0.00020325,0.00019986,0.00020131,5437.448
1653433200000,0.00020118,0.00020285,0.0001994,0.00019987,2607.01
1653436800000,0.0002004,0.00020099,0.00019409,0.00019409,4130.834
1653440400000,0.00019458,0.00019831,0.00019338,0.00019749,5371.627
1653444000000,0.00019762,0.00020004,0.00019667,0.00019837,7229.102
1653447600000,0.00019831,0.00019831,0.00019607,0.00019627,4449.543
1653451200000,0.00019618,0.00019618,0.00019433,0.00019523,5361.227
1653454800000,0.00019454,0.00019664,0.00019157,0.00019256,21496.767
1653458400000,0.00019273,0.00019358,0.00019033,0.00019284,5692.607
1653462000000,0.00019274,0.0001944,0.00019179,0.00019251,1959.364
1653465600000,0.00019312,0.00019527,0.00019211,0.00019474,1115.043
1653469200000,0.00019448,0.00019478,0.0001937,0.00019391,2182.69
1653472800000,0.00019472,0.00019472,0.00019297,0.00019306,1601.857
1653476400000,0.00019292,0.00019344,0.00019104,0.0001922,2347.86
1653480000000,0.00019179,0.00019422,0.00019179,0.00019304,3820.21
1653483600000,0.00019324,0.00019423,0.00019165,0.00019311,3234.016
1653487200000,0.00019348,0.00019408,0.00019211,0.00019281,2416.558
1653490800000,0.00019285,0.00019327,0.00019148,0.00019299,2614.048
1653494400000,0.00019299,0.0001933,0.00019211,0.0001933,870.064
1653498000000,0.00019317,0.0001934,0.00019237,0.00019284,266.393
1653501600000,0.00019292,0.00019344,0.00019235,0.00019254,1976.774
1653505200000,0.00019254,0.00019373,0.00019254,0.00019302,1383.458
1653508800000,0.0001933,0.00019344,0.00019104,0.00019299,2817.403
1653512400000,0.00019283,0.00019356,0.00019256,0.00019313,1458.947
1653516000000,0.00019301,0.00019301,0.00019157,0.00019217,210.952
1653519600000,0.00019179,0.00019227,0.00019034,0.00019227,8305.961
1653523200000,0.00019232,0.00019337,0.00019179,0.00019179,1105.329
1653526800000,0.00019211,0.00019281,0.00019089,0.00019141,766.454
1653530400000,0.00019141,0.00019264,0.00019122,0.00019195,603.56
1653534000000,0.00019179,0.00019196,0.00019013,0.0001902,1714.234
1653537600000,0.00019035,0.00019052,0.00018493,0.00018598,10470.377
1653541200000,0.00018604,0.00018681,0.00017689,0.00017897,18807.291
1653544800000,0.00017919,0.00018031,0.00017586,0.00017963,17249.557
1653548400000,0.00017928,0.00018042,0.00017673,0.00018001,6054.835
1653552000000,0.00018021,0.00018021,0.00017015,0.00017598,32788.431
1653555600000,0.00017575,0.0001758,0.00016888,0.00017245,17296.767
1653559200000,0.0001717,0.00017285,0.00017004,0.00017121,13366.007
1653562800000,0.00017107,0.00017296,0.00016887,0.00017121,9503.206
1653566400000,0.00017115,0.00017196,0.00016864,0.0001713,9422.502
1653570000000,0.00017122,0.00017122,0.00015595,0.00016604,75029.193
1653573600000,0.00016604,0.00017374,0.00016546,0.00017145,21688.562
1653577200000,0.00017186,0.00017268,0.00016705,0.00016759,5341.951
1653580800000,0.00016811,0.00017076,0.00016437,0.00016568,11513.065
1653584400000,0.0001655,0.00016621,0.000161,0.00016244,20230.688
1653588000000,0.00016157,0.00016157,0.00015595,0.00015637,18730.891
1653591600000,0.00015676,0.00015681,0.00014992,0.00015035,23516.433
1653595200000,0.0001503,0.00015896,0.00015028,0.00015398,20264.869
1653598800000,0.00015427,0.00015805,0.00015396,0.00015617,7159.685
1653602400000,0.00015631,0.00016015,0.00015545,0.00015744,4636.743
1653606000000,0.00015744,0.00015859,0.0001534,0.00015414,3400.589
1653609600000,0.0001544,0.00016427,0.00015374,0.00015433,15079.75
1653613200000,0.00015456,0.00015598,0.00014495,0.00014798,13270.928
1653616800000,0.00014798,0.00015103,0.00014483,0.0001454,11536.61
1653620400000,0.0001455,0.00015521,0.00014501,0.00015187,8670.661
1653624000000,0.00015177,0.00015318,0.00014995,0.0001503,2450.337
1653627600000,0.00015102,0.00015221,0.00014613,0.00014658,5016.56
1653631200000,0.00014658,0.0001495,0.00014396,0.00014941,10362.054
1653634800000,0.0001492,0.00015411,0.00014815,0.00015112,8233.885
1653638400000,0.00015112,0.0001537,0.00014969,0.0001504,6912.462
1653642000000,0.00015019,0.00015556,0.00014959,0.00015545,4367.605
1653645600000,0.00015501,0.0001569,0.00015072,0.00015132,6384.736
1653649200000,0.00015143,0.00015923,0.000151,0.00015709,14510.257
1653652800000,0.00015595,0.00016919,0.00015565,0.00016565,20601.043
1653656400000,0.00016532,0.00017089,0.00016442,0.00016784,11729.556
1653660000000,0.00016863,0.00016863,0.00016248,0.00016399,7370.813
1653663600000,0.00016365,0.00016438,0.00015677,0.00015701,23687.799
1653667200000,0.00015701,0.00015801,0.00015092,0.0001512,9739.557
1653670800000,0.00015086,0.00015138,0.00014774,0.00015138,11120.587
1653674400000,0.00015073,0.00015393,0.00014859,0.00015146,6493.326
1653678000000,0.00015146,0.00015309,0.00014979,0.0001514,3995.406
1653681600000,0.00015122,0.00015399,0.00015117,0.00015206,3055.562
1653685200000,0.00015233,0.00015446,0.00015225,0.00015225,1683.847
1653688800000,0.00015225,0.00015893,0.00015223,0.00015726,4287.295
1653692400000,0.00015645,0.00015795,0.00015459,0.00015676,2256.069
1653696000000,0.00015688,0.00016672,0.00015611,0.00016582,22260.385
1653699600000,0.00016555,0.00016586,0.00016171,0.00016225,19351.244
1653703200000,0.00016188,0.00016188,0.0001579,0.00015972,7758.678
1653706800000,0.00015915,0.00016258,0.00015575,0.0001617,8364.995
1653710400000,0.00016155,0.0001645,0.00015958,0.00016402,8770.845
1653714000000,0.0001637,0.00016694,0.00016113,0.00016524,9558.114
1653717600000,0.00016549,0.00016608,0.00016207,0.00016207,18941.195
1653721200000,0.00016226,0.00016315,0.00016018,0.00016158,5823.019
1653724800000,0.00016163,0.00016575,0.00016121,0.00016389,5456.451
1653728400000,0.0001638,0.00016449,0.00016155,0.00016332,2010.743
1653732000000,0.00016315,0.00016315,0.0001568,0.00015766,10954.894
1653735600000,0.0001577,0.00016029,0.00015715,0.00015872,2811.656
1653739200000,0.00015862,0.00016018,0.00015757,0.00015975,4005.749
1653742800000,0.00015958,0.00016093,0.00015795,0.00015802,3735.819
1653746400000,0.00015839,0.00015878,0.00015633,0.00015782,3544.957
1653750000000,0.00015776,0.00016029,0.00015695,0.00015856,2932.88
1653753600000,0.00015903,0.0001626,0.00015844,0.0001605,2389.174
1653757200000,0.00016028,0.00016655,0.00015729,0.00016452,19932.474
1653760800000,0.00016482,0.00016482,0.00016141,0.00016273,3308.93
1653764400000,0.00016305,0.00016343,0.00016195,0.00016342,706.858
1653768000000,0.00016329,0.00016342,0.00016077,0.00016108,1045.185
1653771600000,0.00016093,0.00016285,0.00015995,0.00016254,2944.436
1653775200000,0.00016188,0.00016188,0.00015809,0.00015809,4288.281
1653778800000,0.00015839,0.00016147,0.00015774,0.00016007,2797.166
1653782400000,0.00015963,0.00015979,0.00015548,0.00015598,5828.577
1653786000000,0.00015548,0.00015653,0.00015157,0.00015337,8595.044
1653789600000,0.00015292,0.00015292,0.00014785,0.00014819,11309.758
1653793200000,0.00014801,0.0001523,0.00014759,0.00015187,7211.475
1653796800000,0.00015156,0.00015173,0.00014945,0.00015027,1862.387
1653800400000,0.00015,0.00015149,0.00014945,0.00015075,8598.054
1653804000000,0.00015087,0.00015317,0.00015068,0.0001526,3020.942
1653807600000,0.00015202,0.00015253,0.00015124,0.00015196,2931.147
1653811200000,0.00015147,0.00015465,0.00015107,0.00015336,3801.369
1653814800000,0.00015412,0.00015908,0.00015294,0.00015522,18841.349
1653818400000,0.00015575,0.00015746,0.00015554,0.00015655,2029.702
1653822000000,0.00015676,0.00015733,0.00015526,0.0001568,4332.677
1653825600000,0.00015693,0.00016359,0.00015595,0.00016187,33965.907
1653829200000,0.0001618,0.00016648,0.00015899,0.00016089,66567.682
1653832800000,0.0001609,0.00016113,0.00015783,0.00015794,9901.227
1653836400000,0.00015794,0.00015825,0.0001544,0.00015695,12508.737
1653840000000,0.00015659,0.00016104,0.00015579,0.0001587,5591.262
1653843600000,0.00015887,0.00016007,0.00015666,0.00015776,3851.337
1653847200000,0.00015705,0.00015845,0.00015657,0.0001568,2020.485
1653850800000,0.00015645,0.00015703,0.00015526,0.00015666,3455.17
1653854400000,0.00015711,0.00016059,0.00015711,0.0001593,7046.563
1653858000000,0.0001593,0.00015994,0.00015815,0.00015875,1179.63
1653861600000,0.0001591,0.00016047,0.00015802,0.00015942,933.666
1653865200000,0.00015944,0.00016139,0.00015896,0.0001593,1349.483
1653868800000,0.0001598,0.00016001,0.00015526,0.00015572,2897.856
1653872400000,0.00015626,0.00016329,0.00015615,0.00016146,15117.216
1653876000000,0.00016121,0.00016403,0.00015984,0.00016337,78041.393
1653879600000,0.00016319,0.00016487,0.00016095,0.00016217,20523.854
1653883200000,0.00016207,0.00016594,0.00016042,0.0001622,38618.103
1653886800000,0.00016267,0.00017169,0.00016259,0.00016935,50665.462
1653890400000,0.0001696,0.00017197,0.00016667,0.00017058,69480.408
1653894000000,0.00017072,0.00017483,0.000126,0.00017446,59862.558
1653897600000,0.00017412,0.00017615,0.0001716,0.00017439,32903.884
1653901200000,0.00017444,0.00017538,0.00017171,0.00017296,5360.791
1653904800000,0.000173,0.0001736,0.00017015,0.00017035,6245.327
1653908400000,0.00017112,0.00017394,0.00017019,0.00017062,5483.802
1653912000000,0.00017082,0.00017297,0.00016715,0.00016878,41395.617
1653915600000,0.00016859,0.00016922,0.00016378,0.00016585,14776.084
1653919200000,0.00016636,0.00016883,0.00016569,0.000166,37329.319
1653922800000,0.00016607,0.00016792,0.00016552,0.00016585,14223.152
1653926400000,0.00016596,0.00016792,0.0001649,0.00016659,7230.11
1653930000000,0.00016647,0.00016686,0.00016326,0.00016395,8162.368
1653933600000,0.00016384,0.00016415,0.00015754,0.00015985,35840.191
1653937200000,0.00016002,0.00016195,0.00015987,0.00016108,17954.371
1653940800000,0.00016134,0.00016296,0.00016006,0.00016286,6056.048
1653944400000,0.00016291,0.00016386,0.00015943,0.00016147,6915.773
1653948000000,0.00016113,0.00016678,0.0001596,0.00016507,9691.876
1653951600000,0.00016507,0.00016645,0.00016295,0.00016295,3638.41
1653955200000,0.00016317,0.00017097,0.00016317,0.00016683,28500.207
1653958800000,0.00016683,0.00016714,0.0001638,0.00016501,23749.139
1653962400000,0.00016512,0.0001779,0.00016512,0.00017302,49789.371
1653966000000,0.00017334,0.00017566,0.00016946,0.00017016,26666.158
1653969600000,0.00017058,0.00017561,0.00016921,0.00017119,6213.243
1653973200000,0.00017137,0.00017137,0.00016551,0.00016565,5700.802
1653976800000,0.00016576,0.0001667,0.00015779,0.00015949,53767.224
1653980400000,0.00015847,0.00016203,0.00015771,0.00016088,9038.804
1653984000000,0.00016088,0.00016283,0.00016003,0.00016224,19175.927
1653987600000,0.00016235,0.00016235,0.00015803,0.00016012,56948.9
1653991200000,0.00016032,0.00016242,0.00015929,0.00016242,9550.325
1653994800000,0.00016205,0.00016205,0.00015934,0.000161,9834.529
1653998400000,0.00016032,0.00016032,0.00015275,0.00015595,56191.47
1654002000000,0.00015577,0.00015726,0.00014997,0.00015348,15750.237
1654005600000,0.00015398,0.00015637,0.00015223,0.00015484,11501.97
1654009200000,0.00015525,0.00015763,0.00015404,0.00015763,3788.059
1654012800000,0.00015769,0.00015893,0.00015347,0.00015465,21560.761
1654016400000,0.00015403,0.00015496,0.00015132,0.0001539,4087.453
1654020000000,0.00015365,0.0001544,0.00015252,0.00015337,2229.495
1654023600000,0.00015354,0.00015427,0.00015231,0.0001534,1610.7
1654027200000,0.000154,0.00015585,0.00015332,0.00015419,3017.934
1654030800000,0.00015444,0.00015452,0.00015152,0.00015182,1872.412
1654034400000,0.0001525,0.00015624,0.00015238,0.00015524,5933.316
1654038000000,0.0001555,0.00015636,0.00015344,0.00015402,1791.496
1654041600000,0.00015457,0.00015645,0.00015132,0.00015645,5872.22
1654045200000,0.00015546,0.0001557,0.0001542,0.00015526,1139.232
1654048800000,0.00015512,0.0001552,0.00015231,0.00015231,2369.527
1654052400000,0.00015299,0.00015311,0.00014593,0.00014761,13814.394
1654056000000,0.00014761,0.00014814,0.00014563,0.00014713,9100.361
1654059600000,0.00014767,0.00014809,0.0001449,0.00014692,2915.726
1654063200000,0.00014681,0.00014903,0.00014671,0.00014841,2323.552
1654066800000,0.00014841,0.00015099,0.00014743,0.00014743,3191.124
1654070400000,0.00014791,0.00014866,0.00014661,0.0001482,2798.562
1654074000000,0.0001482,0.0001509,0.0001482,0.0001509,8315.531
1654077600000,0.00015072,0.00015092,0.00014808,0.00014928,2830.104
1654081200000,0.00014957,0.0001499,0.00014672,0.00014756,1865.722
1654084800000,0.0001473,0.00014807,0.00014558,0.00014789,6987.644
1654088400000,0.00014809,0.00015979,0.00014717,0.00015451,56373.87
1654092000000,0.00015459,0.00015476,0.00014752,0.00015047,13777.647
1654095600000,0.00015017,0.00015816,0.00014899,0.00015579,61834.522
1654099200000,0.00015516,0.00016254,0.0001541,0.00015787,17469.564
1654102800000,0.00015753,0.00015826,0.00014656,0.00014676,19086.209
1654106400000,0.00014696,0.00014696,0.00014448,0.00014535,6793.557
1654110000000,0.00014522,0.00014873,0.00014358,0.00014735,5350.15
1654113600000,0.0001482,0.0001516,0.00014616,0.00015062,12905.523
1654117200000,0.00015057,0.0001518,0.00014955,0.00015,576.905
1654120800000,0.00014986,0.00015505,0.00014922,0.00015467,6010.203
1654124400000,0.00015413,0.00015569,0.00015123,0.00015251,4443.751
1654128000000,0.0001525,0.00015314,0.00014939,0.00015156,8479.511
1654131600000,0.00015074,0.00015454,0.00015072,0.00015315,2635.688
1654135200000,0.00015222,0.0001524,0.00014957,0.00014974,5331.957
1654138800000,0.00014955,0.00015054,0.00014443,0.00014484,6943.469
1654142400000,0.00014473,0.00014793,0.00014473,0.0001457,3793.82
1654146000000,0.00014575,0.00014747,0.00014327,0.00014747,11391.797
1654149600000,0.00014751,0.00015032,0.00014625,0.00014955,4320.057
1654153200000,0.00014953,0.0001524,0.00014906,0.0001502,8597.358
1654156800000,0.0001499,0.00015165,0.00014908,0.00015092,2393.944
1654160400000,0.00015017,0.00015279,0.00014989,0.00015004,19784.754
1654164000000,0.00015016,0.00015092,0.00014845,0.00015049,3222.631
1654167600000,0.00015022,0.00015173,0.00015002,0.00015134,2215.901
1654171200000,0.00015177,0.00015192,0.00014993,0.00015047,10737.577
1654174800000,0.00015038,0.0001505,0.00014711,0.00014811,6244.285
1654178400000,0.00014825,0.00014908,0.00014734,0.00014908,2975.786
1654182000000,0.00014873,0.00015019,0.0001484,0.00014958,10038.502
1654185600000,0.00014936,0.00014951,0.00014745,0.00014861,7642.12
1654189200000,0.00014833,0.00014944,0.00014822,0.00014875,7173.455
1654192800000,0.00014927,0.00014952,0.00014734,0.00014759,4208.098
1654196400000,0.00014734,0.00014879,0.000147,0.00014878,7441.81
1654200000000,0.00014861,0.00015027,0.0001483,0.0001493,2247.392
1654203600000,0.00014897,0.00015251,0.00014885,0.00015101,5028.497
1654207200000,0.00015127,0.00015153,0.0001499,0.0001499,1450.691
1654210800000,0.0001499,0.00015208,0.00014948,0.00015135,1910.429
1654214400000,0.00015122,0.00015122,0.000148,0.000148,3206.162
1654218000000,0.00014842,0.00014969,0.00014734,0.00014967,7804.992
1654221600000,0.00014931,0.00015011,0.0001483,0.00014953,1549.274
1654225200000,0.00014927,0.00015032,0.00014884,0.00015012,2330.486
1654228800000,0.00015032,0.00015226,0.00014939,0.00014939,23081.558
1654232400000,0.00014948,0.00015096,0.00014948,0.00015096,2925.504
1654236000000,0.00015051,0.00015085,0.00014856,0.00014869,3472.501
1654239600000,0.00014893,0.00014893,0.00014591,0.00014616,11284.399
1654243200000,0.00014601,0.00014671,0.0001451,0.0001465,13865.57
1654246800000,0.00014651,0.0001468,0.00014396,0.00014484,11001.875
1654250400000,0.00014492,0.00014492,0.00014254,0.00014321,9428.558
1654254000000,0.00014358,0.00014665,0.00014265,0.00014538,5600.911
1654257600000,0.00014566,0.00014635,0.00014501,0.00014522,1068.579
1654261200000,0.00014582,0.00014738,0.00014575,0.0001465,2107.51
1654264800000,0.00014658,0.00014701,0.0001447,0.00014607,2359.623
1654268400000,0.00014599,0.00014785,0.00014568,0.00014747,3261.419
1654272000000,0.00014759,0.00014765,0.00014652,0.00014736,1298.869
1654275600000,0.00014733,0.0001477,0.00014656,0.00014705,594.082
1654279200000,0.00014705,0.00014767,0.00014665,0.00014767,1438.832
1654282800000,0.00014767,0.00014792,0.00014676,0.00014676,688.073
1654286400000,0.00014703,0.00014807,0.00014703,0.00014782,180.275
1654290000000,0.00014779,0.000149,0.0001476,0.00014878,1405.206
1654293600000,0.00014888,0.00014904,0.00014579,0.00014624,1884.047
1654297200000,0.00014578,0.00014685,0.00014492,0.00014677,915.575
1654300800000,0.00014687,0.00014687,0.00014431,0.00014486,3709.536
1654304400000,0.00014485,0.0001449,0.0001426,0.00014286,5791.404
1654308000000,0.00014279,0.00014349,0.00014138,0.0001424,4433.072
1654311600000,0.00014264,0.00014352,0.00014253,0.00014315,5061.332
1654315200000,0.00014318,0.00014522,0.00014313,0.00014509,1400.477
1654318800000,0.00014499,0.00014499,0.00014407,0.00014472,3358.023
1654322400000,0.00014455,0.00014542,0.0001444,0.00014491,1350.234
1654326000000,0.0001448,0.0001448,0.00014397,0.00014423,373.896
1654329600000,0.00014456,0.00014644,0.00014443,0.00014543,4675.375
1654333200000,0.00014566,0.00014566,0.00014449,0.00014539,5388.451
1654336800000,0.00014542,0.00014602,0.00014511,0.00014602,437.308
1654340400000,0.00014561,0.00014743,0.00014559,0.00014574,2297.775
1654344000000,0.00014567,0.00014567,0.00014351,0.0001441,1550.581
1654347600000,0.00014478,0.00014602,0.00014478,0.00014594,2334.09
1654351200000,0.00014607,0.00014664,0.00014506,0.00014574,696.437
1654354800000,0.00014594,0.00014645,0.00014512,0.00014515,1381.94
1654358400000,0.00014549,0.00014568,0.00014507,0.00014568,270.37
1654362000000,0.00014589,0.00014594,0.00014525,0.00014542,687.379
1654365600000,0.00014542,0.00014575,0.00014463,0.00014484,1517.514
1654369200000,0.00014484,0.00014564,0.00014449,0.00014564,808.462
1654372800000,0.00014524,0.00014617,0.00014524,0.00014552,2380.523
1654376400000,0.00014569,0.0001466,0.00014566,0.00014578,1553.213
1654380000000,0.00014578,0.00014692,0.00014558,0.00014647,692.524
1654383600000,0.00014606,0.00014801,0.00014575,0.00014711,468.988
1654387200000,0.00014711,0.00014722,0.00014578,0.00014601,1049.709
1654390800000,0.00014578,0.00014578,0.00014341,0.00014363,2097.422
1654394400000,0.00014363,0.0001444,0.00014343,0.00014366,2723.513
1654398000000,0.00014383,0.00014434,0.00014336,0.00014409,13832.56
1654401600000,0.00014427,0.00014474,0.00014286,0.00014397,8896.928
1654405200000,0.00014412,0.0001451,0.00014385,0.0001451,840.898
1654408800000,0.00014466,0.00014557,0.00014435,0.00014488,279.889
1654412400000,0.00014449,0.00014827,0.00014434,0.00014708,7060.958
1654416000000,0.0001474,0.00014948,0.0001468,0.00014767,6963.465
1654419600000,0.00014753,0.00014791,0.000146,0.00014726,3059.517
1654423200000,0.00014708,0.00014712,0.00014611,0.00014629,565.722
1654426800000,0.00014621,0.00014658,0.0001459,0.00014608,376.08
1654430400000,0.00014586,0.00014654,0.00014528,0.0001458,1455.435
1654434000000,0.00014614,0.0001462,0.00014445,0.00014467,2056.871
1654437600000,0.0001446,0.00014517,0.00014436,0.00014467,1255.041
1654441200000,0.00014468,0.00014521,0.00014452,0.00014506,400.302
1654444800000,0.00014537,0.00014586,0.00014403,0.00014403,617.704
1654448400000,0.0001441,0.00014521,0.00014397,0.00014491,162.555
1654452000000,0.00014521,0.00014596,0.00014521,0.00014548,1513.873
1654455600000,0.0001455,0.00014666,0.0001455,0.00014589,8065.723
1654459200000,0.00014637,0.00014648,0.00014558,0.00014558,1574.263
1654462800000,0.00014565,0.00014614,0.00014521,0.00014614,808.529
1654466400000,0.00014614,0.0001465,0.00014489,0.00014591,611.05
1654470000000,0.00014582,0.00014602,0.00014492,0.00014559,1730.128
1654473600000,0.00014492,0.00014816,0.00014468,0.00014816,3620.594
1654477200000,0.00014816,0.00015066,0.00014782,0.00014862,3141.809
1654480800000,0.00014818,0.0001483,0.0001453,0.0001464,2284.98
1654484400000,0.0001461,0.0001477,0.00014603,0.00014684,4537.041
1654488000000,0.00014637,0.00014738,0.00014543,0.00014546,1069.219
1654491600000,0.00014648,0.0001469,0.00014492,0.00014492,1213.048
1654495200000,0.00014528,0.00014603,0.00014485,0.00014544,489.976
1654498800000,0.00014541,0.00014859,0.00014532,0.00014727,1264.184
1654502400000,0.00014703,0.00014995,0.00014702,0.00014856,2937.871
1654506000000,0.0001485,0.0001485,0.00014694,0.00014694,1001.829
1654509600000,0.00014693,0.0001475,0.00014637,0.00014641,496.227
1654513200000,0.0001467,0.0001468,0.00014352,0.00014399,3175.57
1654516800000,0.00014421,0.00014531,0.0001437,0.00014531,531.754
1654520400000,0.00014542,0.00014554,0.00014219,0.00014307,2812.26
1654524000000,0.00014294,0.00014355,0.00014152,0.00014188,753.455
1654527600000,0.00014181,0.00014181,0.00014,0.00014054,5477.659
1654531200000,0.00014045,0.00014077,0.00013979,0.00014045,2236.665
1654534800000,0.00014003,0.00014044,0.00013922,0.00013959,857.984
1654538400000,0.00013975,0.0001401,0.00013844,0.00013872,710.988
1654542000000,0.00013872,0.00013984,0.00013843,0.00013984,1129.521
1654545600000,0.00013974,0.00013974,0.00013808,0.00013908,1175.026
1654549200000,0.00013934,0.00014172,0.00013932,0.00014172,3834.883
1654552800000,0.00014179,0.00014401,0.00014117,0.00014145,23306.114
1654556400000,0.00014148,0.00014316,0.00014075,0.00014316,1060.046
1654560000000,0.00014236,0.00014313,0.00013906,0.00013982,6496.93
1654563600000,0.00013991,0.00014002,0.00013576,0.00013919,6608.098
1654567200000,0.00013923,0.00014251,0.00013872,0.00014152,2580.036
1654570800000,0.00014145,0.00014253,0.0001413,0.00014137,2472.664
1654574400000,0.00014154,0.00014154,0.00014013,0.00014096,1575.366
1654578000000,0.00014045,0.00014051,0.00013747,0.00013958,20641.197
1654581600000,0.00013958,0.00013989,0.00013824,0.00013942,1139.649
1654585200000,0.00013951,0.00014029,0.00013929,0.00013979,923.709
1654588800000,0.00013946,0.0001408,0.00013928,0.0001403,2217.763
1654592400000,0.00014043,0.00014046,0.00013929,0.00013992,777.613
1654596000000,0.0001399,0.00014025,0.00013966,0.00013966,518.507
1654599600000,0.00013966,0.00013966,0.00013816,0.00013865,3890.108
1654603200000,0.00013863,0.00013986,0.00013826,0.00013986,1347.2
1654606800000,0.00013989,0.00014141,0.00013954,0.00014068,1940.915
1654610400000,0.00014041,0.00014319,0.00013985,0.00014093,3605.06
1654614000000,0.00014088,0.0001411,0.00013979,0.00014,3080.463
1654617600000,0.00014032,0.00014088,0.00013988,0.00014053,73.949
1654621200000,0.00014088,0.0001411,0.00014028,0.0001408,307.21
1654624800000,0.00014048,0.00014114,0.00014027,0.00014027,331.022
1654628400000,0.00014026,0.00014028,0.000137,0.00013791,4163.521
1654632000000,0.00013744,0.000138,0.00013619,0.00013662,2157.365
1654635600000,0.00013635,0.00013742,0.00013561,0.00013718,2409.627
1654639200000,0.00013717,0.00013818,0.00013377,0.00013434,2963.543
1654642800000,0.00013394,0.00013488,0.00013373,0.00013389,3625.183
1654646400000,0.00013373,0.00013406,0.00013252,0.00013321,1261.617
1654650000000,0.00013345,0.00013392,0.00013232,0.00013381,1353.426
1654653600000,0.00013395,0.00013753,0.00013395,0.0001348,13765.643
1654657200000,0.00013486,0.00014146,0.00013455,0.00014054,40338.852
1654660800000,0.00014064,0.0001431,0.00013861,0.00013977,15452.395
1654664400000,0.00014006,0.00014054,0.00013829,0.0001384,948.042
1654668000000,0.00013863,0.00013863,0.00013653,0.000138,2396.699
1654671600000,0.00013748,0.00013822,0.00013716,0.00013786,125.226
1654675200000,0.00013826,0.00014076,0.00013795,0.00013967,3127.895
1654678800000,0.00013982,0.00014006,0.00013938,0.00013962,638.15
1654682400000,0.00013962,0.00013983,0.00013763,0.000138,1617.578
1654686000000,0.00013843,0.00013895,0.00013779,0.0001387,121.144
1654689600000,0.0001387,0.00013892,0.00013716,0.00013837,975.311
1654693200000,0.00013871,0.0001389,0.00013705,0.00013705,3706.1
1654696800000,0.00013707,0.00013759,0.00013556,0.00013646,6785.908
1654700400000,0.00013651,0.00013714,0.0001358,0.0001358,1374.477
1654704000000,0.00013576,0.00013606,0.00013554,0.0001356,1750.002
1654707600000,0.00013579,0.00013582,0.00013486,0.00013544,1040.977
1654711200000,0.00013543,0.00013883,0.00013494,0.00013638,1755.264
1654714800000,0.0001363,0.00013715,0.00013597,0.00013715,178.737
1654718400000,0.00013648,0.00013704,0.00013521,0.00013563,419.979
1654722000000,0.00013521,0.00013559,0.00013509,0.00013537,199.136
1654725600000,0.00013583,0.0001361,0.00013455,0.00013455,985.446
1654729200000,0.00013447,0.00013457,0.00013349,0.00013369,311.761
1654732800000,0.00013338,0.00013338,0.00012659,0.00012814,12543.144
1654736400000,0.00012849,0.00012936,0.00012849,0.0001285,964.345
1654740000000,0.00012878,0.00013144,0.00012878,0.00013127,2957.82
1654743600000,0.00013119,0.00013196,0.00013038,0.00013194,4456.988
1654747200000,0.00013167,0.0001328,0.00013147,0.00013147,881.785
1654750800000,0.00013173,0.00013191,0.00013061,0.00013061,2379.113
1654754400000,0.0001309,0.00013176,0.00013069,0.000131,1128.42
1654758000000,0.00013148,0.00013257,0.00013126,0.00013197,674.549
1654761600000,0.00013208,0.0001328,0.00013194,0.0001328,1119.701
1654765200000,0.0001328,0.00013395,0.00013216,0.00013216,3619.069
1654768800000,0.00013255,0.00013288,0.00013108,0.00013108,1298.79
1654772400000,0.0001317,0.0001324,0.000131,0.0001324,832.466
1654776000000,0.00013251,0.00013312,0.0001317,0.00013262,3442.017
1654779600000,0.00013262,0.00013281,0.00013164,0.00013202,540.908
1654783200000,0.00013202,0.00013221,0.00013029,0.00013029,1809.329
1654786800000,0.00013031,0.00013039,0.00012893,0.00012893,7761.997
1654790400000,0.0001292,0.00013082,0.0001292,0.00013082,1250.665
1654794000000,0.00013082,0.00013143,0.00012963,0.00012963,1141.874
1654797600000,0.00012975,0.00013002,0.00012889,0.00012889,548.147
1654801200000,0.00012888,0.00012937,0.00012781,0.00012781,2274.354
1654804800000,0.00012828,0.00012946,0.00012738,0.00012942,2643.397
1654808400000,0.00012922,0.00012958,0.00012891,0.0001292,100.421
1654812000000,0.00012854,0.00013008,0.00012854,0.00012981,538.149
1654815600000,0.00012978,0.00013073,0.00012924,0.00012972,1525.251
1654819200000,0.00013014,0.00013091,0.00012903,0.00013068,1457.882
1654822800000,0.00013069,0.00013072,0.0001296,0.00012964,79.868
1654826400000,0.00012996,0.00013201,0.00012996,0.00013053,2138.671
1654830000000,0.00013122,0.00013135,0.0001306,0.0001312,5588.782
1654833600000,0.00013086,0.00013263,0.0001306,0.00013122,934.649
1654837200000,0.00013139,0.00013195,0.00013129,0.00013142,723.673
1654840800000,0.00013136,0.00013136,0.00013012,0.0001302,4201.389
1654844400000,0.00013043,0.00013061,0.00012977,0.00012986,1070.07
1654848000000,0.00012986,0.00013046,0.0001287,0.00012899,2531.816
1654851600000,0.00012921,0.00012921,0.00012728,0.00012749,5269.199
1654855200000,0.00012749,0.00012891,0.00012728,0.00012859,1090.239
1654858800000,0.00012869,0.00012881,0.00012692,0.00012749,1328.879
1654862400000,0.00012736,0.00012854,0.000118,0.00012326,19686.443
1654866000000,0.00012314,0.00012372,0.00012107,0.00012262,8322.717
1654869600000,0.00012238,0.00012383,0.00012203,0.00012292,2122.273
1654873200000,0.00012292,0.00012315,0.0001214,0.00012166,28548.493
1654876800000,0.00012169,0.00012197,0.00011703,0.00011903,9203.621
1654880400000,0.00011937,0.00011979,0.00011879,0.00011899,1321.567
1654884000000,0.00011861,0.00011896,0.00011811,0.00011878,2135.392
1654887600000,0.00011826,0.00011986,0.00011807,0.00011907,822.534
1654891200000,0.0001191,0.00011986,0.0001191,0.00011943,311.493
1654894800000,0.00011926,0.00011991,0.00011867,0.00011991,350.784
1654898400000,0.00011985,0.00012027,0.00011938,0.00012,2345.324
1654902000000,0.00011965,0.00011985,0.00011742,0.00011847,3922.685
1654905600000,0.00011822,0.00012104,0.00011815,0.00012076,1016.809
1654909200000,0.00012113,0.0001219,0.00012063,0.00012137,450.017
1654912800000,0.00012137,0.00012158,0.00012036,0.00012158,242.794
1654916400000,0.00012158,0.00012445,0.00012131,0.00012386,1733.446
1654920000000,0.0001239,0.000124,0.00012188,0.00012239,564.649
1654923600000,0.00012226,0.00012226,0.00012046,0.00012114,2700.57
1654927200000,0.00012092,0.00012223,0.00012084,0.00012121,596.384
1654930800000,0.00012112,0.00012234,0.00012112,0.000122,1358.302
1654934400000,0.000122,0.00012208,0.00011862,0.00011918,2199.304
1654938000000,0.00011859,0.0001195,0.00011748,0.00011869,7329.052
1654941600000,0.00011855,0.00011887,0.00011552,0.00011579,4635.03
1654945200000,0.000116,0.00011782,0.00011256,0.00011489,16881.333
1654948800000,0.00011565,0.00011636,0.00011277,0.00011354,4045.836
1654952400000,0.00011376,0.00011502,0.00011375,0.00011442,4633.108
1654956000000,0.00011429,0.00011478,0.0001113,0.00011147,3013.851
1654959600000,0.00011155,0.00011197,0.00010876,0.0001103,4833.219
1654963200000,0.00010999,0.00011053,0.00010685,0.00010815,18916.285
1654966800000,0.00010865,0.00010935,0.00010798,0.00010842,2489.259
1654970400000,0.00010841,0.0001099,0.00010788,0.00010981,5016.271
1654974000000,0.00010989,0.00011031,0.00010878,0.00010913,1470.792
1654977600000,0.00010897,0.00011007,0.00010895,0.00010927,4366.282
1654981200000,0.00010929,0.00011136,0.00010929,0.00011124,426.085
1654984800000,0.00011054,0.00011267,0.00011053,0.00011267,1195.068
1654988400000,0.000112,0.000112,0.00011006,0.00011019,975.452
1654992000000,0.00011117,0.0001127,0.00011067,0.00011088,1741.135
1654995600000,0.00011079,0.00011079,0.00010578,0.00010608,2269.968
1654999200000,0.00010663,0.00010714,0.00010303,0.00010475,3014.199
1655002800000,0.00010494,0.00010628,0.00010324,0.00010444,1410.588
1655006400000,0.00010556,0.00010589,0.00010241,0.00010241,2757.915
1655010000000,0.00010237,0.00010476,0.00010237,0.00010361,1613.718
1655013600000,0.00010399,0.00010617,0.00010391,0.00010474,7490.082
1655017200000,0.00010478,0.00010606,0.00010371,0.00010606,1610.439
1655020800000,0.0001058,0.000107,0.00010471,0.00010482,4991.632
1655024400000,0.00010482,0.00010576,0.00010338,0.00010338,1266.708
1655028000000,0.00010342,0.00010434,0.00010264,0.00010353,1932.393
1655031600000,0.00010333,0.00010344,0.00010024,0.00010301,5279.241
1655035200000,0.00010313,0.00010392,0.00010209,0.00010209,2522.107
1655038800000,0.00010238,0.00010257,0.0001004,0.0001009,12458.886
1655042400000,0.0001006,0.00010451,9.856e-05,0.0001038,25004.938
1655046000000,0.00010462,0.00010755,0.00010392,0.0001045,10635.991
1655049600000,0.00010412,0.00010749,0.00010412,0.000105,2603.203
1655053200000,0.000105,0.00010677,0.00010481,0.00010528,1762.847
1655056800000,0.00010528,0.00010561,0.00010407,0.00010561,1840.228
1655060400000,0.00010572,0.00010738,0.00010572,0.00010674,1639.953
1655064000000,0.00010726,0.00012373,0.0001071,0.0001197,63697.582
1655067600000,0.0001196,0.00012156,0.0001103,0.00011141,11600.71
1655071200000,0.00011131,0.00011473,0.00011131,0.00011363,14943.172
1655074800000,0.00011387,0.00011608,0.0001083,0.0001105,76352.202
1655078400000,0.00011049,0.00011385,0.000109,0.00010926,19497.084
1655082000000,0.00010926,0.0001269,0.00010821,0.00012093,77130.795
1655085600000,0.00012147,0.00013197,0.00012047,0.00012205,123756.453
1655089200000,0.00012218,0.00012933,0.00011539,0.00012436,89568.02
1655092800000,0.00012433,0.00012753,0.00012049,0.00012109,15464.831
1655096400000,0.00012129,0.00012393,0.00011963,0.00012284,14846.052
1655100000000,0.00012284,0.00012662,0.00012081,0.00012082,13439.74
1655103600000,0.00012101,0.00012445,0.00011939,0.00012335,10829.685
1655107200000,0.00012242,0.00012419,0.00010734,0.00010784,41584.255
1655110800000,0.00010765,0.00011624,0.00010765,0.00011613,19524.655
1655114400000,0.00011601,0.00012123,0.00011518,0.00011556,35240.271
1655118000000,0.00011556,0.00011794,0.0001124,0.00011679,10389.204
1655121600000,0.00011684,0.00012563,0.00011565,0.00011913,63969.323
1655125200000,0.00011926,0.00012741,0.00011925,0.00012715,20532.118
1655128800000,0.00012701,0.00013107,0.00012248,0.00012675,35174.128
1655132400000,0.00012675,0.00013413,0.00012661,0.00013192,48610.042
1655136000000,0.00013192,0.00013572,0.00013084,0.00013207,22176.436
1655139600000,0.00013244,0.00013975,0.00013111,0.00013825,29601.902
1655143200000,0.00013889,0.0001405,0.00013337,0.0001355,42051.72
1655146800000,0.00013587,0.00013788,0.00013345,0.0001337,10490.792
1655150400000,0.00013411,0.00013872,0.00013194,0.00013256,10481.887
1655154000000,0.00013305,0.00013305,0.00012838,0.00013174,55124.532
1655157600000,0.00013174,0.00013292,0.00012852,0.00012884,6438.07
1655161200000,0.00012879,0.00013916,0.00012696,0.00013879,40168.447
1655164800000,0.00013829,0.00014163,0.00013523,0.00013765,7009.65
1655168400000,0.00013697,0.00014442,0.00013589,0.00013867,13181.401
1655172000000,0.00013801,0.00014768,0.00013565,0.0001426,38001.654
1655175600000,0.00014236,0.00014244,0.00013585,0.00013825,51013.34
1655179200000,0.00013799,0.00013994,0.00013589,0.00013623,16721.065
1655182800000,0.00013589,0.00013831,0.00013225,0.00013768,13860.593
1655186400000,0.00013806,0.00014158,0.00013638,0.00014124,3602.783
1655190000000,0.00014068,0.00014138,0.00013774,0.0001382,4294.018
1655193600000,0.00013822,0.0001393,0.00013697,0.0001382,3020.705
1655197200000,0.00013811,0.00014019,0.00013649,0.00013905,7794.458
1655200800000,0.00013958,0.00014011,0.00013633,0.00013686,4456.62
1655204400000,0.0001373,0.00013776,0.00013267,0.00013381,8472.98
1655208000000,0.00013403,0.00013675,0.00013392,0.0001346,4641.667
1655211600000,0.00013562,0.00013769,0.00013475,0.00013619,7118.948
1655215200000,0.00013616,0.00013788,0.00013528,0.00013603,3978.315
1655218800000,0.00013573,0.00013664,0.00013415,0.00013581,2498.032
1655222400000,0.00013581,0.00013686,0.00013416,0.00013522,3346.985
1655226000000,0.0001356,0.00013562,0.00013352,0.000134,916.917
1655229600000,0.00013442,0.00013442,0.0001315,0.0001315,34968.654
1655233200000,0.0001315,0.00013187,0.00012972,0.00013187,9066.402
1655236800000,0.00013187,0.00013216,0.00012995,0.00013066,2675.974
1655240400000,0.00013066,0.00013368,0.00013032,0.00013224,3058.424
1655244000000,0.00013255,0.00013419,0.00013237,0.00013418,2418.467
1655247600000,0.00013374,0.00013517,0.0001336,0.00013517,4507.762
1655251200000,0.00013467,0.00013494,0.00013312,0.00013319,758.79
1655254800000,0.00013331,0.00013824,0.00013246,0.00013688,57260.005
1655258400000,0.00013686,0.00013765,0.00013373,0.00013455,6666.982
1655262000000,0.00013522,0.00013523,0.00013267,0.0001327,2800.504
1655265600000,0.00013364,0.00013364,0.00013113,0.00013283,7336.364
1655269200000,0.00013283,0.00013294,0.00013002,0.00013026,2570.015
1655272800000,0.00013026,0.00013156,0.00012921,0.00013123,2334.698
1655276400000,0.0001311,0.00013156,0.00012965,0.00013156,1898.146
1655280000000,0.00013156,0.00013174,0.00012981,0.00013045,2763.657
1655283600000,0.00013032,0.00013222,0.00012981,0.00013222,13173.574
1655287200000,0.00013222,0.00013388,0.00013206,0.00013319,3010.416
1655290800000,0.00013309,0.00013443,0.00013254,0.00013351,494.248
1655294400000,0.00013255,0.00013355,0.00013174,0.00013174,4991.481
1655298000000,0.00013162,0.00013294,0.0001315,0.00013268,1597.812
1655301600000,0.00013177,0.00013216,0.00013015,0.00013035,1482.999
1655305200000,0.00013015,0.00013067,0.00012933,0.00012982,1761.595
1655308800000,0.00012981,0.0001301,0.00012852,0.00012939,5294.366
1655312400000,0.0001294,0.00013236,0.0001294,0.00013236,2251.177
1655316000000,0.00013242,0.00013416,0.00012955,0.00013269,12720.349
1655319600000,0.00013265,0.00013449,0.00013263,0.00013376,4013.457
1655323200000,0.00013363,0.00013402,0.00013285,0.00013285,1537.928
1655326800000,0.00013289,0.00013549,0.00013281,0.00013522,3277.893
1655330400000,0.00013559,0.00013724,0.00013447,0.00013471,3045.179
1655334000000,0.00013471,0.00013713,0.00013471,0.00013582,3177.751
1655337600000,0.00013643,0.00013824,0.00013559,0.00013616,4106.205
1655341200000,0.00013684,0.00013788,0.00013525,0.00013566,3349.879
1655344800000,0.00013618,0.00013643,0.00013406,0.00013482,1073.389
1655348400000,0.00013487,0.00013522,0.00013423,0.00013423,2433.574
1655352000000,0.00013522,0.00013598,0.00013423,0.00013475,598.688
1655355600000,0.00013475,0.00013559,0.00013289,0.00013289,9921.784
1655359200000,0.00013346,0.00013357,0.00013202,0.00013202,400.743
1655362800000,0.00013216,0.00013273,0.00013103,0.00013103,550.249
1655366400000,0.00013103,0.00013172,0.00013002,0.00013071,5118.677
1655370000000,0.00013149,0.00013189,0.00013055,0.00013189,3614.21
1655373600000,0.0001318,0.00013302,0.00013015,0.00013158,3920.603
1655377200000,0.00013134,0.00013134,0.00013047,0.00013047,967.333
1655380800000,0.00013134,0.00013267,0.00013095,0.00013141,2193.118
1655384400000,0.00013162,0.00013326,0.00013127,0.00013191,5013.259
1655388000000,0.0001312,0.00013214,0.00013047,0.00013214,2556.009
1655391600000,0.00013187,0.00013342,0.00013187,0.0001327,2021.366
1655395200000,0.00013233,0.00013398,0.00013178,0.00013323,3734.171
1655398800000,0.00013306,0.00013394,0.00013156,0.00013211,2074.27
1655402400000,0.00013212,0.00013261,0.00013164,0.00013192,235.226
1655406000000,0.0001323,0.0001323,0.00012913,0.00012935,101414.559
1655409600000,0.0001294,0.00013282,0.0001294,0.00013191,5760.273
1655413200000,0.00013142,0.0001319,0.00013104,0.00013104,881.766
1655416800000,0.00013104,0.00013123,0.00012964,0.00012964,1092.993
1655420400000,0.00013012,0.00013103,0.00012933,0.00013103,2026.179
1655424000000,0.00013112,0.00013326,0.00013047,0.00013326,952.537
1655427600000,0.00013326,0.00013437,0.00013226,0.00013323,1191.658
1655431200000,0.00013326,0.00013326,0.0001312,0.00013212,1579.917
1655434800000,0.00013164,0.00013235,0.00013071,0.00013145,791.369
1655438400000,0.00013168,0.00013314,0.00013168,0.00013252,310.87
1655442000000,0.00013232,0.00013281,0.00013149,0.00013149,402.285
1655445600000,0.0001315,0.0001319,0.0001307,0.00013142,1166.872
1655449200000,0.0001315,0.00013216,0.0001307,0.00013123,517.12
1655452800000,0.00013078,0.00013257,0.00013008,0.00013078,1835.332
1655456400000,0.00013046,0.00013046,0.0001294,0.0001294,560.656
1655460000000,0.0001294,0.00013071,0.00012859,0.00013071,3060.406
1655463600000,0.00013071,0.00013146,0.00012949,0.00012972,1841.634
1655467200000,0.00012978,0.00013106,0.00012934,0.00013106,5141.209
1655470800000,0.00013053,0.00013203,0.00013053,0.00013155,1310.571
1655474400000,0.00013175,0.00013368,0.00013175,0.00013255,1010.058
1655478000000,0.00013256,0.00013256,0.00013187,0.00013235,655.795
1655481600000,0.00013187,0.00013281,0.00013107,0.00013212,1451.177
1655485200000,0.00013164,0.00013233,0.0001312,0.00013164,758.952
1655488800000,0.00013164,0.00013239,0.00013142,0.00013176,1012.125
1655492400000,0.00013176,0.00013201,0.00013084,0.00013084,111.484
1655496000000,0.00013075,0.00013265,0.00013075,0.00013205,1439.603
1655499600000,0.0001321,0.00013309,0.0001321,0.00013276,3947.657
1655503200000,0.00013323,0.00013334,0.0001319,0.00013257,232.572
1655506800000,0.00013257,0.00013391,0.00013255,0.000133,826.845
1655510400000,0.00013277,0.00013334,0.00013182,0.00013304,1166.689
1655514000000,0.00013304,0.00013326,0.00012981,0.00013056,5277.803
1655517600000,0.00013008,0.00013008,0.00012902,0.00012977,1258.246
1655521200000,0.00013012,0.00013086,0.00013012,0.0001303,513.539
1655524800000,0.00013074,0.00013103,0.0001303,0.00013103,265.585
1655528400000,0.00013101,0.00013101,0.00013027,0.00013027,480.642
1655532000000,0.00013014,0.00013381,0.00012965,0.00012983,12666.97
1655535600000,0.00013034,0.00013034,0.00012378,0.00012417,15688.484
1655539200000,0.00012439,0.00012635,0.00012308,0.00012465,12101.797
1655542800000,0.0001244,0.00012695,0.00012415,0.00012526,2472.588
1655546400000,0.00012524,0.00012706,0.00012466,0.00012524,1389.317
1655550000000,0.00012465,0.00012591,0.00012434,0.00012465,1205.245
1655553600000,0.00012513,0.00012544,0.00012452,0.00012544,2145.382
1655557200000,0.00012515,0.00012641,0.00012477,0.00012554,7580.63
1655560800000,0.000126,0.00012688,0.000126,0.00012628,618.679
1655564400000,0.00012678,0.00012753,0.00012678,0.00012729,1544.055
1655568000000,0.00012694,0.00012871,0.00012668,0.0001276,2454.166
1655571600000,0.00012751,0.00012923,0.00012705,0.00012839,2577.09
1655575200000,0.00012867,0.00013181,0.00012867,0.0001317,6205.633
1655578800000,0.00013194,0.00013194,0.00012954,0.00012954,2128.464
1655582400000,0.00012974,0.00012998,0.00012568,0.00012955,7853.81
1655586000000,0.00012971,0.00013089,0.00012672,0.00013063,15347.882
1655589600000,0.00013065,0.00013212,0.00012913,0.00012979,1846.976
1655593200000,0.00012964,0.0001308,0.00012937,0.00012937,1642.294
1655596800000,0.00013008,0.00013068,0.00012926,0.00013,728.263
1655600400000,0.00012926,0.00012972,0.00012915,0.00012962,2486.904
1655604000000,0.00012941,0.00012941,0.00012781,0.00012835,1283.622
1655607600000,0.00012898,0.00012947,0.00012771,0.00012807,1663.384
1655611200000,0.00012795,0.00012815,0.00012757,0.00012757,278.679
1655614800000,0.00012756,0.0001291,0.00012633,0.00012857,3747.085
1655618400000,0.00012857,0.00012971,0.00012857,0.00012905,1361.814
1655622000000,0.000129,0.00013067,0.000129,0.00012906,867.197
1655625600000,0.00012892,0.00012943,0.00012849,0.00012911,1321.58
1655629200000,0.00012894,0.00012918,0.00012818,0.0001288,672.529
1655632800000,0.00012872,0.00013006,0.00012818,0.00012887,5304.643
1655636400000,0.00012909,0.00013002,0.00012828,0.00012915,949.252
1655640000000,0.00012915,0.00013012,0.0001284,0.00012886,3580.288
1655643600000,0.00012886,0.00012958,0.00012818,0.00012889,6312.137
1655647200000,0.00012851,0.0001291,0.00012794,0.00012794,1806.642
1655650800000,0.00012802,0.00012857,0.00012725,0.00012857,1245.849
1655654400000,0.00012857,0.00012878,0.00012766,0.00012806,1825.358
1655658000000,0.00012817,0.00012979,0.00012817,0.00012979,1583.832
1655661600000,0.00012979,0.00013558,0.00012975,0.00013313,21276.131
1655665200000,0.00013227,0.00013373,0.00013143,0.00013323,3274.52
1655668800000,0.0001338,0.00013822,0.0001338,0.00013712,4212.884
1655672400000,0.00013682,0.00014252,0.00013657,0.00013822,70179.096
1655676000000,0.00013803,0.00013803,0.00013293,0.00013299,3236.683
1655679600000,0.00013299,0.00013589,0.00013239,0.00013453,4000.291
1655683200000,0.00013512,0.00014088,0.00013512,0.00013709,4644.556
1655686800000,0.00013709,0.00013709,0.00013158,0.0001345,13057.334
1655690400000,0.00013442,0.00013442,0.00013158,0.00013229,2244.303
1655694000000,0.00013212,0.0001357,0.00013212,0.00013482,2194.176
1655697600000,0.00013467,0.0001374,0.0001343,0.00013525,1711.252
1655701200000,0.00013586,0.00013992,0.00013569,0.00013986,4612.997
1655704800000,0.00013986,0.00014002,0.00013723,0.00013857,2783.225
1655708400000,0.00013892,0.00013906,0.00013562,0.00013737,2609.266
1655712000000,0.0001374,0.00013938,0.00013653,0.00013847,6106.756
1655715600000,0.00013787,0.0001395,0.00013491,0.00013642,13853.784
1655719200000,0.00013628,0.00013972,0.00013569,0.00013906,2807.18
1655722800000,0.00013875,0.00014123,0.00013728,0.00013898,43183.226
1655726400000,0.00013898,0.00013997,0.0001363,0.00013925,8031.456
1655730000000,0.00013944,0.00014012,0.00013738,0.00013922,4852.704
1655733600000,0.00013925,0.00013949,0.00013615,0.00013652,8116.394
1655737200000,0.00013639,0.00013696,0.00013358,0.00013529,2745.434
1655740800000,0.00013511,0.00013648,0.00013504,0.00013504,4402.2
1655744400000,0.00013549,0.00013633,0.00013466,0.00013582,21399.062
1655748000000,0.00013637,0.00013659,0.00013394,0.00013399,3781.266
1655751600000,0.00013437,0.00013487,0.00013284,0.0001343,2370.299
1655755200000,0.00013415,0.00013482,0.00013339,0.00013389,1774.058
1655758800000,0.00013339,0.00013361,0.00013086,0.0001313,2847.589
1655762400000,0.000131,0.0001322,0.0001298,0.0001322,1226.949
1655766000000,0.00013179,0.00013349,0.00013093,0.00013219,983.3
1655769600000,0.00013256,0.00013334,0.00012988,0.00013181,1562.547
1655773200000,0.00013238,0.00013538,0.00013158,0.00013339,6614.472
1655776800000,0.00013383,0.00013483,0.00013207,0.0001348,3666.452
1655780400000,0.0001343,0.00013574,0.00013357,0.0001342,1541.2
1655784000000,0.00013389,0.0001352,0.00013176,0.00013346,3553.446
1655787600000,0.00013346,0.00013501,0.00013281,0.00013431,1548.737
1655791200000,0.00013415,0.00014169,0.00013415,0.00013974,92791.782
1655794800000,0.00013958,0.00014002,0.00013568,0.0001369,16588.861
1655798400000,0.00013732,0.00013963,0.00013671,0.00013825,1244.539
1655802000000,0.00013822,0.00013849,0.00013593,0.00013653,6282.731
1655805600000,0.00013698,0.00013806,0.00013639,0.00013709,4905.096
1655809200000,0.00013739,0.00013878,0.00013449,0.00013497,15357.166
1655812800000,0.00013496,0.000136,0.00013379,0.00013541,8986.103
1655816400000,0.00013541,0.00013725,0.00013461,0.0001363,5200.531
1655820000000,0.00013679,0.00013987,0.00013553,0.00013765,3785.621
1655823600000,0.00013747,0.00013809,0.00013611,0.00013736,2857.814
1655827200000,0.0001374,0.00013772,0.0001351,0.0001356,606.168
1655830800000,0.00013605,0.00013685,0.00013481,0.00013481,648.961
1655834400000,0.00013483,0.00013684,0.00013444,0.00013529,5181.89
1655838000000,0.00013585,0.00013589,0.00013102,0.00013202,9351.13
1655841600000,0.00013202,0.00013298,0.00013138,0.00013185,4236.751
1655845200000,0.00013163,0.00013276,0.00013119,0.00013194,4028.166
1655848800000,0.00013176,0.00013306,0.000131,0.00013306,531.42
1655852400000,0.00013266,0.000134,0.00013193,0.00013274,762.205
1655856000000,0.00013292,0.00013292,0.00012929,0.00013141,3545.094
1655859600000,0.00013104,0.00013202,0.00012956,0.00012956,438.145
1655863200000,0.00012975,0.00013093,0.0001286,0.00013057,1629.708
1655866800000,0.00013067,0.00013134,0.00012988,0.0001304,829.157
1655870400000,0.00013057,0.00013202,0.00013057,0.00013184,2592.133
1655874000000,0.00013169,0.00013368,0.00013169,0.00013222,1616.749
1655877600000,0.00013212,0.0001331,0.00012976,0.00013055,2473.438
1655881200000,0.00013075,0.00013081,0.00012956,0.00013014,3876.419
1655884800000,0.00013057,0.00013153,0.00012967,0.00013082,413.538
1655888400000,0.0001311,0.00013272,0.00013089,0.00013238,501.623
1655892000000,0.00013259,0.00013295,0.00013194,0.00013253,509.87
1655895600000,0.00013256,0.00013274,0.00013176,0.00013176,23.194
1655899200000,0.00013164,0.00013208,0.00013063,0.00013208,3297.051
1655902800000,0.00013158,0.00013202,0.0001314,0.0001314,317.746
1655906400000,0.00013138,0.00013397,0.00013104,0.00013176,977.595
1655910000000,0.0001322,0.00013274,0.00013162,0.00013274,478.66
1655913600000,0.0001323,0.00013264,0.00013103,0.00013249,758.786
1655917200000,0.00013256,0.00013315,0.00013194,0.00013256,443.113
1655920800000,0.00013212,0.00013346,0.00013194,0.00013284,427.402
1655924400000,0.00013284,0.0001331,0.00013144,0.00013228,883.463
1655928000000,0.00013222,0.00013295,0.00013176,0.00013176,845.179
1655931600000,0.00013164,0.00013267,0.00013103,0.00013267,4453.475
1655935200000,0.00013212,0.00013256,0.00013158,0.00013187,181.06
1655938800000,0.00013187,0.00013249,0.00012838,0.00012881,2805.941
1655942400000,0.00012864,0.00013168,0.00012864,0.00013067,1014.55
1655946000000,0.0001305,0.00013206,0.00013021,0.00013122,4651.731
1655949600000,0.00013106,0.00013292,0.00013075,0.00013212,437.365
1655953200000,0.00013212,0.00013256,0.00013137,0.00013154,326.713
1655956800000,0.00013202,0.0001331,0.0001314,0.00013248,256.715
1655960400000,0.0001329,0.00013292,0.00013119,0.00013201,2373.393
1655964000000,0.0001322,0.00013497,0.0001322,0.00013339,5969.832
1655967600000,0.00013339,0.00013346,0.00013257,0.00013346,485.342
1655971200000,0.00013361,0.00013511,0.00013266,0.00013476,7688.94
1655974800000,0.00013481,0.00013481,0.00013346,0.0001342,36421.053
1655978400000,0.00013376,0.00013475,0.00013288,0.00013394,4630.342
1655982000000,0.00013439,0.00013659,0.00013396,0.00013444,1921.664
1655985600000,0.00013466,0.00013871,0.00013466,0.00013641,5845.151
1655989200000,0.00013698,0.00013765,0.00013475,0.00013531,2390.866
1655992800000,0.000135,0.00013721,0.00013357,0.00013677,7693.5
1655996400000,0.00013676,0.00013698,0.0001347,0.00013597,1447.237
1656000000000,0.00013578,0.00013655,0.00013426,0.00013442,11666.832
1656003600000,0.00013433,0.0001369,0.00013394,0.00013639,1888.162
1656007200000,0.0001366,0.00013684,0.00013533,0.00013574,13723.74
1656010800000,0.00013553,0.00013605,0.00013477,0.00013488,2245.923
1656014400000,0.00013483,0.00013531,0.00013421,0.00013467,1408.194
1656018000000,0.0001345,0.00013539,0.00013403,0.00013467,8915.74
1656021600000,0.00013455,0.0001358,0.00013415,0.00013471,1162.371
1656025200000,0.0001343,0.00013482,0.00013296,0.00013296,1509.841
1656028800000,0.00013296,0.00013633,0.00013296,0.00013475,1632.374
1656032400000,0.00013467,0.0001383,0.00013412,0.00013617,2779.748
1656036000000,0.00013561,0.00013792,0.00013533,0.00013711,975.098
1656039600000,0.00013656,0.00013698,0.00013408,0.00013441,1241.74
1656043200000,0.00013442,0.00013508,0.00013266,0.0001331,1459.367
1656046800000,0.00013328,0.0001343,0.00013266,0.00013275,1035.504
1656050400000,0.00013266,0.00013461,0.00013251,0.00013461,618.549
1656054000000,0.00013444,0.00013475,0.00013302,0.00013475,5912.581
1656057600000,0.00013482,0.00013643,0.00013481,0.00013578,1095.748
1656061200000,0.00013603,0.00013668,0.00013486,0.00013549,833.642
1656064800000,0.00013541,0.00013605,0.00013486,0.00013541,1294.91
1656068400000,0.0001358,0.00013777,0.0001358,0.00013676,2848.76
1656072000000,0.00013692,0.00014485,0.00013611,0.00014191,28928.455
1656075600000,0.00014186,0.00014252,0.00014029,0.00014186,19344.567
1656079200000,0.00014233,0.00014301,0.00014008,0.00014078,1373.749
1656082800000,0.00014031,0.00014103,0.00013917,0.00013982,4142.138
1656086400000,0.00013954,0.0001404,0.00013891,0.00014031,2563.465
1656090000000,0.00014016,0.00014045,0.00013822,0.00013822,1817.271
1656093600000,0.00013822,0.00013986,0.00013794,0.00013986,598.619
1656097200000,0.00013991,0.00014064,0.0001395,0.00013958,740.497
1656100800000,0.00014021,0.00014149,0.00014021,0.00014051,1170.831
1656104400000,0.00014031,0.00014309,0.00014031,0.00014117,2680.747
1656108000000,0.0001407,0.00014175,0.0001394,0.00013986,10518.565
1656111600000,0.00013989,0.0001407,0.00013898,0.00013922,9239.745
1656115200000,0.00013982,0.00013982,0.00013771,0.00013879,2276.887
1656118800000,0.00013861,0.00014213,0.00013817,0.00014166,2574.932
1656122400000,0.00014162,0.00014162,0.00013853,0.0001393,879.921
1656126000000,0.00013944,0.00014056,0.00013866,0.00013993,591.921
1656129600000,0.0001404,0.00014313,0.00013974,0.00014117,3407.283
1656133200000,0.0001407,0.00014233,0.00014012,0.00014056,1455.624
1656136800000,0.00014117,0.00014158,0.0001394,0.00014021,744.788
1656140400000,0.00013983,0.00014349,0.00013983,0.00014255,2180.405
1656144000000,0.00014286,0.00014286,0.00013873,0.00014011,5514.189
1656147600000,0.00013995,0.00014103,0.00013955,0.00014057,2787.778
1656151200000,0.00014024,0.00014135,0.00014012,0.0001403,3035.921
1656154800000,0.00014012,0.00014029,0.00013778,0.00013827,2493.0
1656158400000,0.00013792,0.00013868,0.00013441,0.00013477,13867.78
1656162000000,0.00013457,0.00013568,0.00013405,0.00013504,10018.615
1656165600000,0.00013541,0.00013625,0.00013475,0.00013553,198.56
1656169200000,0.00013523,0.00013586,0.00013292,0.00013368,12354.191
1656172800000,0.00013351,0.00013649,0.00013351,0.00013575,4945.1
1656176400000,0.00013523,0.00013549,0.00013306,0.00013466,4982.551
1656180000000,0.00013439,0.00013512,0.00013389,0.00013512,442.873
1656183600000,0.00013519,0.00013677,0.00013519,0.00013655,3761.981
1656187200000,0.00013624,0.0001368,0.00013493,0.00013605,6031.959
1656190800000,0.00013565,0.00014186,0.00013565,0.00014186,8647.831
1656194400000,0.00014193,0.00014361,0.0001396,0.00013998,8063.31
1656198000000,0.00014059,0.00014225,0.00014029,0.00014225,1494.908
1656201600000,0.00014225,0.00014844,0.00014225,0.00014519,14215.016
1656205200000,0.0001453,0.00014735,0.0001443,0.00014515,1896.525
1656208800000,0.00014515,0.00014517,0.00014126,0.00014278,4814.622
1656212400000,0.00014249,0.00014338,0.00014244,0.00014283,1858.316
1656216000000,0.00014309,0.0001458,0.00014269,0.00014475,4097.955
1656219600000,0.00014474,0.00014481,0.00014188,0.00014309,2738.054
1656223200000,0.00014306,0.00014873,0.00014188,0.00014814,9706.05
1656226800000,0.00014858,0.000155,0.00014834,0.0001492,26076.457
1656230400000,0.00014932,0.00015014,0.00014793,0.00014981,782.298
1656234000000,0.00014936,0.0001505,0.00014571,0.00014631,3032.115
1656237600000,0.00014646,0.00014661,0.00014484,0.00014557,2947.633
1656241200000,0.00014565,0.00014737,0.00014559,0.00014647,862.743
1656244800000,0.00014675,0.00014675,0.000142,0.00014226,4939.519
1656248400000,0.00014245,0.00014462,0.00014218,0.00014393,4406.128
1656252000000,0.00014405,0.00014405,0.00014274,0.00014274,3513.495
1656255600000,0.00014271,0.00014271,0.00014043,0.00014177,2989.338
1656259200000,0.00014131,0.00014211,0.00014032,0.00014116,1213.294
1656262800000,0.00014125,0.00014207,0.00014036,0.00014099,843.001
1656266400000,0.00014058,0.00014058,0.00013818,0.0001384,2002.024
1656270000000,0.00013855,0.00013971,0.00013848,0.00013951,296.377
1656273600000,0.00013971,0.00014,0.00013518,0.0001379,17383.463
1656277200000,0.00013792,0.00013855,0.00013728,0.00013728,1170.709
1656280800000,0.00013728,0.00013728,0.00013415,0.00013555,3688.79
1656284400000,0.00013505,0.00013577,0.00013437,0.00013503,356.366
1656288000000,0.00013491,0.00013706,0.00013451,0.00013646,587.265
1656291600000,0.00013645,0.00013645,0.00013565,0.00013588,474.937
1656295200000,0.00013595,0.00013833,0.00013595,0.00013764,1176.58
1656298800000,0.00013744,0.00013815,0.00013744,0.00013749,666.624
1656302400000,0.00013774,0.00013774,0.00013695,0.00013742,1253.497
1656306000000,0.00013752,0.00013752,0.00013593,0.00013618,2362.533
1656309600000,0.0001358,0.0001359,0.0001353,0.0001359,404.281
1656313200000,0.00013627,0.00013833,0.00013627,0.00013777,2761.412
1656316800000,0.00013777,0.00013864,0.00013777,0.00013864,2084.804
1656320400000,0.00013838,0.00013927,0.00013838,0.00013869,1465.478
1656324000000,0.00013903,0.00013903,0.00013733,0.00013755,16914.273
1656327600000,0.00013735,0.00013735,0.00013538,0.00013603,3143.477
1656331200000,0.00013605,0.00013659,0.00013585,0.00013613,5082.473
1656334800000,0.00013646,0.00013864,0.00013408,0.00013487,6826.095
1656338400000,0.00013487,0.00013525,0.0001339,0.00013483,5231.824
1656342000000,0.00013469,0.0001358,0.00013431,0.0001358,2796.116
1656345600000,0.00013582,0.00013612,0.0001352,0.00013572,634.261
1656349200000,0.00013572,0.00013572,0.00013471,0.00013471,386.616
1656352800000,0.00013471,0.00013589,0.00013357,0.00013508,1216.245
1656356400000,0.0001355,0.0001355,0.00013503,0.00013542,764.52
1656360000000,0.00013499,0.00013637,0.00013499,0.00013554,609.304
1656363600000,0.0001353,0.00013678,0.00013476,0.00013638,671.002
1656367200000,0.00013651,0.00014055,0.00013651,0.00013913,5456.074
1656370800000,0.00014005,0.00014071,0.00013778,0.00013931,781.56
1656374400000,0.00013931,0.00014244,0.00013907,0.00013907,3314.175
1656378000000,0.00013906,0.00013946,0.00013566,0.00013593,2866.448
1656381600000,0.00013579,0.00013812,0.00013525,0.00013754,1053.918
1656385200000,0.00013784,0.00013825,0.00013647,0.00013735,270.235
1656388800000,0.00013785,0.00014722,0.00013785,0.00014636,22078.194
1656392400000,0.00014647,0.00014945,0.00014333,0.00014877,12179.079
1656396000000,0.00014843,0.00015126,0.00014817,0.00015126,4402.551
1656399600000,0.00015095,0.00015116,0.00014763,0.00015077,2422.248
1656403200000,0.00015077,0.00015207,0.00014865,0.00015041,3273.505
1656406800000,0.00015004,0.00015138,0.00014804,0.00014965,14383.898
1656410400000,0.00014958,0.0001502,0.0001471,0.000149,5097.407
1656414000000,0.00014886,0.00015075,0.00014823,0.0001497,1857.16
1656417600000,0.00014986,0.00015518,0.00014986,0.00015142,32088.097
1656421200000,0.00015195,0.00015337,0.00015093,0.0001513,1058.395
1656424800000,0.00015102,0.00015139,0.00014921,0.0001509,7243.13
1656428400000,0.00015074,0.00015074,0.00014818,0.00014879,27432.891
1656432000000,0.00014908,0.00015155,0.00014772,0.00014772,55789.751
1656435600000,0.00014772,0.00014772,0.00014588,0.00014593,25160.02
1656439200000,0.00014593,0.00014593,0.00014284,0.00014447,9563.408
1656442800000,0.00014453,0.0001471,0.00014453,0.0001471,5472.327
1656446400000,0.00014608,0.00015248,0.00014534,0.00015049,18500.432
1656450000000,0.00015004,0.00015293,0.00014788,0.00014943,4435.775
1656453600000,0.00014916,0.00015019,0.0001436,0.00014471,5847.185
1656457200000,0.00014451,0.00014667,0.0001394,0.00014058,7776.11
1656460800000,0.00013995,0.00014328,0.00013975,0.00014163,4921.758
1656464400000,0.00014162,0.00014553,0.00014033,0.00014553,4618.818
1656468000000,0.0001441,0.0001454,0.00014224,0.00014224,808.019
1656471600000,0.00014224,0.00014386,0.00014147,0.00014279,4669.947
1656475200000,0.00014299,0.00014418,0.00014049,0.00014341,2288.035
1656478800000,0.00014343,0.00014401,0.00014107,0.00014107,1691.187
1656482400000,0.00014102,0.00014119,0.00013812,0.00013877,3570.378
1656486000000,0.00013877,0.00013981,0.00013806,0.00013981,1124.65
1656489600000,0.00013978,0.00014174,0.00013978,0.00013988,2573.797
1656493200000,0.00014044,0.00014401,0.00014044,0.00014401,1626.859
1656496800000,0.00014406,0.0001445,0.0001419,0.00014241,2129.764
1656500400000,0.00014185,0.00014185,0.00013931,0.00014072,2479.374
1656504000000,0.00014077,0.00014199,0.00013918,0.00013969,984.613
1656507600000,0.00014028,0.00014211,0.00013931,0.00014188,1122.495
1656511200000,0.00014134,0.00014533,0.00014134,0.00014357,54059.895
1656514800000,0.00014343,0.00014502,0.00014318,0.00014428,4321.267
1656518400000,0.00014413,0.00014454,0.00014181,0.00014396,5650.243
1656522000000,0.000144,0.00014712,0.00014305,0.00014648,3720.289
1656525600000,0.00014649,0.00015132,0.00014649,0.00015044,7857.127
1656529200000,0.00015044,0.00015174,0.00014998,0.00015134,1951.519
1656532800000,0.00015143,0.00015187,0.00014921,0.00015018,938.784
1656536400000,0.00015018,0.00015027,0.00014873,0.00014873,990.513
1656540000000,0.00014872,0.00015264,0.00014829,0.00015067,2255.863
1656543600000,0.00015054,0.00015103,0.00014756,0.00014879,1536.718
1656547200000,0.00014879,0.00015553,0.00014844,0.00015134,7594.536
1656550800000,0.00015128,0.00015128,0.0001464,0.00014685,5595.681
1656554400000,0.00014661,0.00015194,0.00014616,0.00015177,2114.153
1656558000000,0.00015117,0.00015376,0.00014998,0.00015376,3294.444
1656561600000,0.00015376,0.0001542,0.00014923,0.00014959,2743.377
1656565200000,0.00014989,0.00015206,0.00014886,0.00015052,2040.016
1656568800000,0.00015097,0.00015313,0.00014678,0.00014754,9380.508
1656572400000,0.00014719,0.00014794,0.00014324,0.00014381,14311.74
1656576000000,0.00014368,0.00014413,0.00013989,0.00014088,6982.517
1656579600000,0.00014123,0.00014447,0.00014109,0.00014379,25136.528
1656583200000,0.00014342,0.00014364,0.00014004,0.00014047,3827.712
1656586800000,0.00014047,0.00014158,0.00013942,0.0001408,2001.198
1656590400000,0.00014119,0.00014327,0.00014036,0.00014327,2190.335
1656594000000,0.00014231,0.00014231,0.00014106,0.00014111,1100.341
1656597600000,0.00014137,0.00014254,0.00014111,0.00014195,1549.392
1656601200000,0.00014262,0.00014293,0.0001412,0.00014139,4707.317
1656604800000,0.00014185,0.00014294,0.00014106,0.00014237,6537.105
1656608400000,0.00014203,0.00014304,0.00014185,0.00014196,1408.933
1656612000000,0.00014177,0.00014178,0.00014043,0.00014178,1322.859
1656615600000,0.00014185,0.00014334,0.00014153,0.00014334,828.4
1656619200000,0.0001432,0.00014372,0.00014184,0.00014291,2524.107
1656622800000,0.00014338,0.00014379,0.00014234,0.00014256,930.329
1656626400000,0.00014286,0.00014518,0.00014286,0.0001448,1180.432
1656630000000,0.00014498,0.00014614,0.00013964,0.00013989,8287.14
1656633600000,0.0001401,0.00014339,0.00013918,0.00014158,17718.148
1656637200000,0.00014123,0.00014228,0.00014106,0.00014133,914.53
1656640800000,0.00014166,0.00014166,0.00013989,0.00014038,5845.134
1656644400000,0.00014029,0.00014064,0.0001395,0.00013974,1268.415
1656648000000,0.00014036,0.00014104,0.00014036,0.00014096,535.988
1656651600000,0.00014098,0.00014218,0.00014089,0.00014218,4360.591
1656655200000,0.00014218,0.00014254,0.00014218,0.00014254,246.821
1656658800000,0.0001414,0.00014349,0.0001414,0.00014332,1077.79
1656662400000,0.00014272,0.00014326,0.00014229,0.0001426,440.331
1656666000000,0.00014229,0.00014232,0.00014154,0.00014173,945.665
1656669600000,0.00014154,0.00014294,0.00014142,0.00014151,2027.688
1656673200000,0.00014151,0.00014196,0.00014098,0.00014146,944.191
1656676800000,0.00014119,0.00014143,0.00013883,0.00013883,46098.85
1656680400000,0.00013877,0.00014039,0.0001386,0.00014003,660.438
1656684000000,0.00014034,0.00014116,0.00013963,0.00013963,962.432
1656687600000,0.00014047,0.00014047,0.00013957,0.00014026,388.312
1656691200000,0.00014026,0.00014158,0.00014026,0.00014158,173.578
1656694800000,0.00014159,0.0001416,0.0001408,0.00014128,426.048
1656698400000,0.00014116,0.00014172,0.00014116,0.00014172,496.986
1656702000000,0.00014172,0.000143,0.00014141,0.000143,3977.238
1656705600000,0.00014276,0.00014377,0.00014202,0.00014256,1770.776
1656709200000,0.00014256,0.00014256,0.00014036,0.0001412,1152.734
1656712800000,0.00014119,0.00014146,0.00014053,0.00014146,1235.78
1656716400000,0.00014157,0.0001426,0.00014108,0.0001417,344.657
1656720000000,0.00014101,0.00014418,0.00014101,0.00014185,32775.859
1656723600000,0.00014213,0.00014312,0.00014185,0.00014258,490.964
1656727200000,0.00014201,0.00014251,0.00014145,0.00014177,400.758
1656730800000,0.00014143,0.00014143,0.0001403,0.0001403,864.101
1656734400000,0.00014098,0.00014199,0.00014098,0.00014191,582.799
1656738000000,0.00014199,0.00014228,0.0001413,0.00014145,215.45
1656741600000,0.00014153,0.00014153,0.0001409,0.0001409,10.229
1656745200000,0.00014227,0.00014275,0.00014211,0.00014211,103.919
1656748800000,0.00014175,0.00014185,0.00014133,0.00014182,1911.606
1656752400000,0.00014141,0.00014141,0.00014057,0.00014106,810.028
1656756000000,0.00014089,0.00014123,0.00014075,0.00014119,114.449
1656759600000,0.00014056,0.00014091,0.00014048,0.00014091,75.563
1656763200000,0.00014059,0.00014149,0.00014044,0.0001411,460.901
1656766800000,0.00014104,0.00014131,0.00014037,0.00014039,1178.001
1656770400000,0.00014084,0.00014098,0.00014084,0.00014098,551.444
1656774000000,0.00014099,0.00014108,0.00014066,0.00014066,839.519
1656777600000,0.00014132,0.00014132,0.00014096,0.00014114,872.096
1656781200000,0.0001408,0.00014178,0.0001408,0.00014176,126.147
1656784800000,0.00014128,0.00014261,0.00014128,0.00014257,1122.107
1656788400000,0.00014257,0.00014267,0.00014196,0.00014222,969.49
1656792000000,0.00014183,0.00014183,0.0001413,0.0001413,719.447
1656795600000,0.00014152,0.00014156,0.0001413,0.00014156,15.006
1656799200000,0.00014214,0.00014228,0.00014153,0.00014153,2137.816
1656802800000,0.0001413,0.00014153,0.0001413,0.00014153,6.284
1656806400000,0.0001413,0.0001423,0.00014086,0.0001418,651.496
1656810000000,0.00014177,0.00014266,0.00014177,0.00014217,2084.292
1656813600000,0.00014164,0.00014255,0.00014164,0.00014255,172.75
1656817200000,0.00014255,0.00014342,0.00014255,0.00014342,166.936
1656820800000,0.00014316,0.00014316,0.00014199,0.00014199,618.212
1656824400000,0.00014245,0.00014293,0.00014154,0.00014161,2979.89
1656828000000,0.00014176,0.000143,0.00014176,0.00014284,1437.731
1656831600000,0.00014258,0.00014342,0.00014258,0.00014312,235.876
1656835200000,0.00014312,0.0001434,0.00014267,0.00014267,845.261
1656838800000,0.0001427,0.00014314,0.0001427,0.00014308,66.365
1656842400000,0.00014347,0.00014398,0.00014347,0.00014368,2084.358
1656846000000,0.00014368,0.0001439,0.00014322,0.0001439,448.001
1656849600000,0.00014355,0.00014357,0.00014225,0.00014225,851.863
1656853200000,0.0001424,0.00014284,0.00014153,0.00014224,11643.203
1656856800000,0.0001424,0.00014259,0.0001418,0.00014259,1266.433
1656860400000,0.00014246,0.00014276,0.00014217,0.00014276,56.777
1656864000000,0.00014284,0.00014288,0.00014211,0.0001424,572.771
1656867600000,0.0001424,0.00014262,0.0001424,0.00014262,11.461
1656871200000,0.00014283,0.00014283,0.00014195,0.00014233,1111.961
1656874800000,0.00014249,0.00014251,0.00014167,0.00014167,877.469
1656878400000,0.00014145,0.00014191,0.00014133,0.00014168,111.666
1656882000000,0.00014189,0.00014241,0.00014163,0.00014175,480.271
1656885600000,0.00014188,0.00014188,0.00014108,0.00014108,149.118
1656889200000,0.00014103,0.00014234,0.00014082,0.00014234,143.38
1656892800000,0.00014234,0.00014796,0.00014222,0.00014371,6622.176
1656896400000,0.00014368,0.0001455,0.00014355,0.00014503,641.704
1656900000000,0.00014513,0.00014554,0.0001433,0.0001433,473.497
1656903600000,0.00014442,0.00014464,0.00014272,0.00014272,608.189
1656907200000,0.00014328,0.00014359,0.00014328,0.00014359,3.401
1656910800000,0.00014351,0.00014428,0.00014351,0.00014428,69.065
1656914400000,0.00014428,0.00014439,0.00014317,0.00014317,49.143
1656918000000,0.00014305,0.000144,0.00014305,0.00014332,35.431
1656921600000,0.00014316,0.00014593,0.00014315,0.00014431,2386.237
1656925200000,0.00014409,0.00014568,0.00014382,0.00014451,1100.698
1656928800000,0.00014449,0.00014505,0.00014326,0.00014326,836.562
1656932400000,0.00014374,0.00014375,0.0001423,0.0001423,1182.551
1656936000000,0.00014311,0.00014371,0.00014256,0.00014306,7867.47
1656939600000,0.00014347,0.00014347,0.00014192,0.00014228,441.37
1656943200000,0.0001426,0.00014328,0.00014251,0.00014282,596.177
1656946800000,0.00014301,0.00014379,0.00014238,0.00014368,351.191
1656950400000,0.00014368,0.00014431,0.00014329,0.00014329,533.706
1656954000000,0.00014343,0.0001438,0.00014249,0.00014249,250.162
1656957600000,0.00014283,0.00014387,0.00014283,0.00014336,333.952
1656961200000,0.00014347,0.00014372,0.00014324,0.00014325,50.26
1656964800000,0.00014346,0.00014387,0.00014285,0.00014303,76.024
1656968400000,0.00014285,0.00014444,0.00014248,0.00014398,243.198
1656972000000,0.00014398,0.000147,0.00014398,0.00014553,8205.48
1656975600000,0.0001454,0.0001454,0.00014404,0.00014462,3066.353
1656979200000,0.0001443,0.00014621,0.0001443,0.00014485,497.48
1656982800000,0.00014485,0.00014621,0.00014399,0.0001458,878.158
1656986400000,0.00014611,0.00014627,0.00014451,0.00014524,232.938
1656990000000,0.00014563,0.00014563,0.00014438,0.00014514,95.39
1656993600000,0.00014499,0.000145,0.00014373,0.00014452,396.934
1656997200000,0.00014514,0.0001455,0.00014461,0.00014461,162.197
1657000800000,0.00014443,0.00014469,0.0001438,0.00014416,417.509
1657004400000,0.00014372,0.00014381,0.0001431,0.00014357,979.687
