1593561600000,6.8e-07,7e-07,6.8e-07,6.8e-07,26294885.0
1593565200000,6.9e-07,7.1e-07,6.8e-07,7.1e-07,95501501.0
1593568800000,7.1e-07,7.1e-07,6.8e-07,6.9e-07,31773580.0
1593572400000,6.9e-07,7e-07,6.8e-07,6.9e-07,15256100.0
1593576000000,6.8e-07,7e-07,6.8e-07,7e-07,10722230.0
1593579600000,6.9e-07,7.1e-07,6.9e-07,6.9e-07,35348363.0
1593583200000,6.9e-07,7e-07,6.8e-07,7e-07,31954644.0
1593586800000,7e-07,7.3e-07,7e-07,7.2e-07,212652949.0
1593590400000,7.2e-07,7.2e-07,6.9e-07,7e-07,42759139.0
1593594000000,7e-07,7.1e-07,6.9e-07,7e-07,35491955.0
1593597600000,7e-07,7.2e-07,6.8e-07,6.9e-07,209294570.0
1593601200000,6.9e-07,7e-07,6.9e-07,6.9e-07,9490304.0
1593604800000,6.9e-07,7e-07,6.5e-07,6.6e-07,100907278.0
1593608400000,6.6e-07,6.7e-07,6.5e-07,6.6e-07,69782576.0
1593612000000,6.6e-07,6.7e-07,6.5e-07,6.7e-07,34499155.0
1593615600000,6.7e-07,7e-07,6.6e-07,6.8e-07,123225631.0
1593619200000,6.8e-07,6.8e-07,6.6e-07,6.6e-07,39994045.0
1593622800000,6.6e-07,6.7e-07,6.5e-07,6.7e-07,28923893.0
1593626400000,6.7e-07,6.7e-07,6.5e-07,6.7e-07,37388940.0
1593630000000,6.7e-07,6.7e-07,6.6e-07,6.6e-07,11514872.0
1593633600000,6.6e-07,6.7e-07,6.6e-07,6.6e-07,5792365.0
1593637200000,6.7e-07,7e-07,6.6e-07,6.9e-07,101031470.0
1593640800000,6.9e-07,7e-07,6.7e-07,6.7e-07,37940440.0
1593644400000,6.8e-07,6.8e-07,6.7e-07,6.8e-07,9033634.0
1593648000000,6.7e-07,6.8e-07,6.6e-07,6.6e-07,17950390.0
1593651600000,6.6e-07,6.8e-07,6.6e-07,6.8e-07,12358887.0
1593655200000,6.8e-07,6.8e-07,6.6e-07,6.7e-07,7211516.0
1593658800000,6.6e-07,6.7e-07,6.6e-07,6.6e-07,9684274.0
1593662400000,6.7e-07,6.7e-07,6.5e-07,6.6e-07,25667266.0
1593666000000,6.6e-07,6.7e-07,6.5e-07,6.6e-07,9400375.0
1593669600000,6.6e-07,6.7e-07,6.5e-07,6.5e-07,16547300.0
1593673200000,6.6e-07,6.7e-07,6.5e-07,6.6e-07,10764810.0
1593676800000,6.6e-07,6.8e-07,6.6e-07,6.8e-07,50225395.0
1593680400000,6.8e-07,6.8e-07,6.6e-07,6.7e-07,9613559.0
1593684000000,6.6e-07,6.7e-07,6.6e-07,6.6e-07,5005432.0
1593687600000,6.7e-07,6.9e-07,6.6e-07,6.7e-07,67602535.0
1593691200000,6.7e-07,6.8e-07,6.6e-07,6.8e-07,18953844.0
1593694800000,6.8e-07,6.8e-07,6.7e-07,6.8e-07,11845633.0
1593698400000,6.7e-07,6.8e-07,6.6e-07,6.8e-07,22415886.0
1593702000000,6.8e-07,6.9e-07,6.6e-07,6.8e-07,69958400.0
1593705600000,6.8e-07,6.9e-07,6.7e-07,6.7e-07,40386656.0
1593709200000,6.8e-07,6.8e-07,6.5e-07,6.6e-07,57694702.0
1593712800000,6.6e-07,6.6e-07,6.2e-07,6.2e-07,142647654.0
1593716400000,6.3e-07,6.5e-07,6.2e-07,6.3e-07,97503174.0
1593720000000,6.4e-07,6.4e-07,6.3e-07,6.4e-07,10000696.0
1593723600000,6.3e-07,6.5e-07,6.3e-07,6.4e-07,19229259.0
1593727200000,6.4e-07,6.5e-07,6.1e-07,6.2e-07,68898778.0
1593730800000,6.3e-07,6.3e-07,6.1e-07,6.3e-07,21562569.0
1593734400000,6.3e-07,6.4e-07,6.2e-07,6.3e-07,45226897.0
1593738000000,6.2e-07,6.3e-07,6.1e-07,6.2e-07,14801312.0
1593741600000,6.1e-07,6.3e-07,6.1e-07,6.2e-07,8573711.0
1593745200000,6.3e-07,6.4e-07,6.2e-07,6.4e-07,20111581.0
1593748800000,6.4e-07,6.4e-07,6.2e-07,6.2e-07,13614908.0
1593752400000,6.3e-07,6.4e-07,6.2e-07,6.4e-07,9406027.0
1593756000000,6.4e-07,6.4e-07,6.3e-07,6.3e-07,6999079.0
1593759600000,6.3e-07,6.6e-07,6.3e-07,6.5e-07,30007793.0
1593763200000,6.4e-07,6.6e-07,6.4e-07,6.5e-07,11140321.0
1593766800000,6.6e-07,6.6e-07,6.3e-07,6.3e-07,17110115.0
1593770400000,6.3e-07,6.4e-07,6.3e-07,6.4e-07,7061455.0
1593774000000,6.3e-07,6.5e-07,6.3e-07,6.3e-07,28343841.0
1593777600000,6.4e-07,6.4e-07,6.2e-07,6.4e-07,14895617.0
1593781200000,6.4e-07,6.4e-07,6.3e-07,6.3e-07,4216262.0
1593784800000,6.3e-07,6.6e-07,6.2e-07,6.5e-07,54686103.0
1593788400000,6.5e-07,6.6e-07,6.5e-07,6.5e-07,7727364.0
1593792000000,6.5e-07,6.7e-07,6.5e-07,6.6e-07,26590200.0
1593795600000,6.6e-07,6.9e-07,6.5e-07,6.8e-07,63269482.0
1593799200000,6.8e-07,6.8e-07,6.6e-07,6.8e-07,25713946.0
1593802800000,6.7e-07,6.8e-07,6.6e-07,6.8e-07,19747894.0
1593806400000,6.8e-07,6.8e-07,6.7e-07,6.8e-07,21529642.0
1593810000000,6.8e-07,7e-07,6.7e-07,6.8e-07,53858349.0
1593813600000,6.8e-07,6.9e-07,6.8e-07,6.8e-07,14981822.0
1593817200000,6.9e-07,7e-07,6.8e-07,6.9e-07,31048332.0
1593820800000,6.9e-07,7e-07,6.8e-07,6.8e-07,17509779.0
1593824400000,6.8e-07,6.9e-07,6.7e-07,6.8e-07,12246209.0
1593828000000,6.8e-07,6.9e-07,6.7e-07,6.8e-07,10025036.0
1593831600000,6.9e-07,6.9e-07,6.7e-07,6.8e-07,9758012.0
1593835200000,6.9e-07,6.9e-07,6.7e-07,6.9e-07,8422536.0
1593838800000,6.9e-07,7e-07,6.8e-07,6.9e-07,32036517.0
1593842400000,6.9e-07,6.9e-07,6.8e-07,6.9e-07,10844541.0
1593846000000,6.9e-07,7e-07,6.8e-07,7e-07,24747818.0
1593849600000,7e-07,7.1e-07,6.9e-07,7e-07,38707438.0
1593853200000,7.1e-07,7.2e-07,6.9e-07,7.1e-07,79381432.0
1593856800000,7e-07,7.2e-07,6.9e-07,7e-07,49695995.0
1593860400000,7.1e-07,7.2e-07,7e-07,7.2e-07,48070173.0
1593864000000,7.2e-07,7.3e-07,7.1e-07,7.3e-07,48873394.0
1593867600000,7.3e-07,7.3e-07,6.7e-07,6.9e-07,440597157.0
1593871200000,6.9e-07,6.9e-07,6.4e-07,6.8e-07,304152194.0
1593874800000,6.8e-07,7e-07,6.6e-07,6.8e-07,71757938.0
1593878400000,6.9e-07,7.1e-07,6.8e-07,6.9e-07,74088100.0
1593882000000,7e-07,7e-07,6.7e-07,6.7e-07,101977098.0
1593885600000,6.7e-07,7e-07,6.7e-07,6.9e-07,30494206.0
1593889200000,6.9e-07,7e-07,6.8e-07,6.9e-07,13746019.0
1593892800000,6.9e-07,7e-07,6.8e-07,7e-07,17454942.0
1593896400000,7e-07,7.1e-07,6.9e-07,7e-07,20405218.0
1593900000000,7e-07,7.1e-07,6.9e-07,7e-07,20565452.0
1593903600000,7.1e-07,7.1e-07,7e-07,7.1e-07,3851924.0
1593907200000,7e-07,7.1e-07,6.9e-07,6.9e-07,15052703.0
1593910800000,6.9e-07,7e-07,6.9e-07,7e-07,7403006.0
1593914400000,7e-07,7.1e-07,6.9e-07,7.1e-07,10083889.0
1593918000000,7.1e-07,7.2e-07,7e-07,7.2e-07,16693141.0
1593921600000,7.1e-07,7.2e-07,7e-07,7.1e-07,14984501.0
1593925200000,7.1e-07,7.1e-07,6.9e-07,7.1e-07,20774266.0
1593928800000,7.1e-07,7.1e-07,6.8e-07,6.9e-07,36961356.0
1593932400000,6.9e-07,6.9e-07,6.7e-07,6.8e-07,65976533.0
1593936000000,6.8e-07,6.9e-07,6.7e-07,6.9e-07,21009884.0
1593939600000,6.8e-07,6.9e-07,6.6e-07,6.6e-07,77362939.0
1593943200000,6.7e-07,6.8e-07,6.6e-07,6.6e-07,41492741.0
1593946800000,6.6e-07,6.8e-07,6.6e-07,6.8e-07,21017974.0
1593950400000,6.8e-07,6.8e-07,6.7e-07,6.7e-07,17283906.0
1593954000000,6.8e-07,7e-07,6.7e-07,6.8e-07,72546927.0
1593957600000,6.7e-07,7e-07,6.7e-07,6.9e-07,38753686.0
1593961200000,6.9e-07,7e-07,6.8e-07,7e-07,18008313.0
1593964800000,6.9e-07,7e-07,6.8e-07,6.9e-07,12614255.0
1593968400000,6.9e-07,6.9e-07,6.8e-07,6.9e-07,11261238.0
1593972000000,6.9e-07,6.9e-07,6.8e-07,6.8e-07,10226992.0
1593975600000,6.9e-07,6.9e-07,6.8e-07,6.8e-07,34837304.0
1593979200000,6.8e-07,6.9e-07,6.7e-07,6.8e-07,14880963.0
1593982800000,6.8e-07,6.9e-07,6.7e-07,6.7e-07,21716372.0
1593986400000,6.7e-07,6.8e-07,6.7e-07,6.7e-07,8643027.0
1593990000000,6.8e-07,6.8e-07,6.6e-07,6.7e-07,31877465.0
1593993600000,6.7e-07,6.8e-07,6.6e-07,6.8e-07,8234913.0
1593997200000,6.8e-07,6.9e-07,6.7e-07,6.7e-07,14507195.0
1594000800000,6.8e-07,6.9e-07,6.7e-07,6.8e-07,2834834.0
1594004400000,6.9e-07,6.9e-07,6.8e-07,6.9e-07,4002514.0
1594008000000,6.9e-07,6.9e-07,6.8e-07,6.8e-07,4267275.0
1594011600000,6.9e-07,6.9e-07,6.8e-07,6.8e-07,3382955.0
1594015200000,6.9e-07,6.9e-07,6.8e-07,6.9e-07,15349796.0
1594018800000,6.9e-07,7.1e-07,6.8e-07,7.1e-07,31987126.0
1594022400000,7.1e-07,7.1e-07,6.9e-07,7e-07,30450680.0
1594026000000,7e-07,7.1e-07,6.9e-07,7e-07,21737592.0
1594029600000,7e-07,7.1e-07,6.9e-07,7.1e-07,18330571.0
1594033200000,7.1e-07,7.1e-07,6.9e-07,6.9e-07,10750861.0
1594036800000,7e-07,7.1e-07,6.9e-07,7e-07,28584102.0
1594040400000,7.1e-07,7.2e-07,7e-07,7.1e-07,46663898.0
1594044000000,7.2e-07,7.2e-07,7.1e-07,7.1e-07,16090918.0
1594047600000,7.2e-07,7.3e-07,7.1e-07,7.3e-07,42559507.0
1594051200000,7.3e-07,7.8e-07,7.1e-07,7.7e-07,406988902.0
1594054800000,7.7e-07,7.9e-07,7.5e-07,7.5e-07,172631732.0
1594058400000,7.5e-07,7.8e-07,7.5e-07,7.7e-07,56578497.0
1594062000000,7.6e-07,8e-07,7.6e-07,8e-07,72384912.0
1594065600000,8e-07,8e-07,7.5e-07,7.7e-07,89710647.0
1594069200000,7.7e-07,7.7e-07,7.5e-07,7.6e-07,27538282.0
1594072800000,7.7e-07,7.7e-07,7.5e-07,7.6e-07,21884213.0
1594076400000,7.6e-07,7.8e-07,7.5e-07,7.8e-07,30843430.0
1594080000000,7.7e-07,7.8e-07,7.6e-07,7.6e-07,11487446.0
1594083600000,7.7e-07,7.7e-07,7.5e-07,7.6e-07,24292247.0
1594087200000,7.7e-07,7.7e-07,7.6e-07,7.6e-07,8633584.0
1594090800000,7.7e-07,7.8e-07,7.6e-07,7.7e-07,16649528.0
1594094400000,7.7e-07,7.8e-07,7.7e-07,7.8e-07,4151187.0
1594098000000,7.7e-07,7.8e-07,7.7e-07,7.7e-07,10173929.0
1594101600000,7.7e-07,7.8e-07,7.6e-07,7.6e-07,12778752.0
1594105200000,7.7e-07,7.8e-07,7.7e-07,7.7e-07,6080320.0
1594108800000,7.7e-07,7.9e-07,7.7e-07,7.8e-07,7966498.0
1594112400000,7.8e-07,8e-07,7.8e-07,8e-07,50202540.0
1594116000000,8e-07,8e-07,7.9e-07,7.9e-07,6187819.0
1594119600000,7.9e-07,8e-07,7.8e-07,7.9e-07,25324537.0
1594123200000,7.9e-07,8e-07,7.8e-07,7.9e-07,13851191.0
1594126800000,8e-07,8.1e-07,7.9e-07,8.1e-07,50604822.0
1594130400000,8.1e-07,8.3e-07,8e-07,8.2e-07,175979480.0
1594134000000,8.2e-07,8.7e-07,8.2e-07,8.5e-07,207843971.0
1594137600000,8.5e-07,8.7e-07,8.3e-07,8.5e-07,103756143.0
1594141200000,8.5e-07,8.6e-07,8.3e-07,8.3e-07,53405421.0
1594144800000,8.4e-07,8.6e-07,8.3e-07,8.6e-07,23999492.0
1594148400000,8.6e-07,8.8e-07,8.4e-07,8.7e-07,69624998.0
1594152000000,8.7e-07,9.2e-07,8.5e-07,8.6e-07,413659154.0
1594155600000,8.6e-07,9e-07,8.6e-07,8.8e-07,91926806.0
1594159200000,8.8e-07,9.2e-07,8.7e-07,9.1e-07,57039226.0
1594162800000,9.1e-07,9.3e-07,8.9e-07,9.1e-07,61373931.0
1594166400000,9.1e-07,9.1e-07,8.6e-07,8.8e-07,75454132.0
1594170000000,8.8e-07,8.9e-07,8.5e-07,8.7e-07,66033172.0
1594173600000,8.7e-07,8.8e-07,8.5e-07,8.6e-07,41008875.0
1594177200000,8.6e-07,8.6e-07,8.4e-07,8.5e-07,49261550.0
1594180800000,8.6e-07,8.9e-07,8.5e-07,8.5e-07,52716815.0
1594184400000,8.5e-07,8.8e-07,8.4e-07,8.8e-07,43275302.0
1594188000000,8.7e-07,8.9e-07,8.6e-07,8.7e-07,28796575.0
1594191600000,8.7e-07,8.8e-07,8.6e-07,8.8e-07,26205443.0
1594195200000,8.7e-07,8.8e-07,8.7e-07,8.7e-07,14231149.0
1594198800000,8.7e-07,8.9e-07,8.7e-07,8.9e-07,22358444.0
1594202400000,8.9e-07,9.1e-07,8.8e-07,9e-07,53258577.0
1594206000000,9e-07,9e-07,8.8e-07,8.8e-07,25005662.0
1594209600000,8.8e-07,8.9e-07,8.6e-07,8.9e-07,60265775.0
1594213200000,8.8e-07,9e-07,8.6e-07,8.7e-07,50797261.0
1594216800000,8.7e-07,8.8e-07,8.4e-07,8.5e-07,98559416.0
1594220400000,8.6e-07,8.7e-07,8.5e-07,8.7e-07,25236432.0
1594224000000,8.7e-07,8.8e-07,8.6e-07,8.8e-07,14562557.0
1594227600000,8.8e-07,8.9e-07,8.7e-07,8.9e-07,19489034.0
1594231200000,8.9e-07,8.9e-07,8.7e-07,8.7e-07,25277972.0
1594234800000,8.7e-07,8.9e-07,8.6e-07,8.6e-07,18988507.0
1594238400000,8.6e-07,8.7e-07,8.5e-07,8.6e-07,32750776.0
1594242000000,8.6e-07,8.8e-07,8.6e-07,8.6e-07,27144280.0
1594245600000,8.7e-07,8.7e-07,8e-07,8.2e-07,207519065.0
1594249200000,8.2e-07,8.4e-07,8.1e-07,8.4e-07,44923247.0
1594252800000,8.4e-07,8.5e-07,8.3e-07,8.4e-07,22651165.0
1594256400000,8.5e-07,8.5e-07,8.1e-07,8.3e-07,27486722.0
1594260000000,8.2e-07,8.3e-07,8.1e-07,8.2e-07,20576017.0
1594263600000,8.2e-07,8.3e-07,8.1e-07,8.2e-07,6123482.0
1594267200000,8.3e-07,8.4e-07,8.2e-07,8.3e-07,12759207.0
1594270800000,8.4e-07,8.4e-07,8.2e-07,8.3e-07,14486106.0
1594274400000,8.4e-07,8.5e-07,8.3e-07,8.5e-07,12413280.0
1594278000000,8.5e-07,8.5e-07,8.2e-07,8.3e-07,35329810.0
1594281600000,8.3e-07,8.4e-07,8.2e-07,8.3e-07,39422365.0
1594285200000,8.4e-07,8.6e-07,8.3e-07,8.5e-07,19749783.0
1594288800000,8.6e-07,8.6e-07,8.3e-07,8.3e-07,33748784.0
1594292400000,8.4e-07,8.7e-07,8.3e-07,8.6e-07,58857997.0
1594296000000,8.7e-07,8.7e-07,8.5e-07,8.7e-07,20277419.0
1594299600000,8.7e-07,9e-07,8.6e-07,8.9e-07,79436870.0
1594303200000,8.8e-07,8.9e-07,8.7e-07,8.8e-07,46674980.0
1594306800000,8.8e-07,8.9e-07,8.6e-07,8.6e-07,49864439.0
1594310400000,8.6e-07,8.8e-07,8.6e-07,8.7e-07,22701088.0
1594314000000,8.8e-07,9e-07,8.6e-07,8.9e-07,46908054.0
1594317600000,8.9e-07,8.9e-07,8.8e-07,8.8e-07,12140231.0
1594321200000,8.8e-07,8.9e-07,8.8e-07,8.8e-07,7388629.0
1594324800000,8.8e-07,8.9e-07,8.7e-07,8.8e-07,16271438.0
1594328400000,8.9e-07,9.5e-07,8.8e-07,9.4e-07,198879286.0
1594332000000,9.4e-07,9.8e-07,9.3e-07,9.7e-07,135977486.0
1594335600000,9.7e-07,9.7e-07,9.4e-07,9.5e-07,46628357.0
1594339200000,9.6e-07,9.6e-07,9.2e-07,9.3e-07,42232601.0
1594342800000,9.4e-07,9.7e-07,9.3e-07,9.7e-07,18741102.0
1594346400000,9.7e-07,9.8e-07,9.4e-07,9.5e-07,36687472.0
1594350000000,9.4e-07,9.5e-07,9.3e-07,9.3e-07,16717499.0
1594353600000,9.4e-07,9.7e-07,9.3e-07,9.7e-07,19809944.0
1594357200000,9.7e-07,1.07e-06,9.5e-07,1.05e-06,255591584.0
1594360800000,1.06e-06,1.06e-06,1.02e-06,1.03e-06,132542953.0
1594364400000,1.03e-06,1.19e-06,1.02e-06,1.15e-06,301913193.0
1594368000000,1.15e-06,1.22e-06,1.09e-06,1.1e-06,423746105.0
1594371600000,1.1e-06,1.13e-06,1.07e-06,1.1e-06,122016896.0
1594375200000,1.1e-06,1.21e-06,1.1e-06,1.12e-06,270313988.0
1594378800000,1.12e-06,1.17e-06,1.12e-06,1.16e-06,94720709.0
1594382400000,1.16e-06,1.16e-06,1.08e-06,1.12e-06,124124970.0
1594386000000,1.12e-06,1.15e-06,1.09e-06,1.14e-06,60073828.0
1594389600000,1.14e-06,1.21e-06,1.14e-06,1.18e-06,228279361.0
1594393200000,1.18e-06,1.39e-06,1.17e-06,1.33e-06,596409973.0
1594396800000,1.33e-06,1.41e-06,1.26e-06,1.33e-06,447559232.0
1594400400000,1.33e-06,1.33e-06,1.23e-06,1.32e-06,195550538.0
1594404000000,1.32e-06,1.36e-06,1.28e-06,1.32e-06,99788053.0
1594407600000,1.32e-06,1.34e-06,1.28e-06,1.3e-06,93767419.0
1594411200000,1.3e-06,1.35e-06,1.29e-06,1.33e-06,81626091.0
1594414800000,1.33e-06,1.33e-06,1.26e-06,1.31e-06,70532156.0
1594418400000,1.31e-06,1.35e-06,1.28e-06,1.35e-06,59204437.0
1594422000000,1.35e-06,1.35e-06,1.28e-06,1.29e-06,72961310.0
1594425600000,1.29e-06,1.38e-06,1.28e-06,1.35e-06,99289433.0
1594429200000,1.35e-06,1.48e-06,1.33e-06,1.48e-06,287418574.0
1594432800000,1.47e-06,1.5e-06,1.42e-06,1.45e-06,145415298.0
1594436400000,1.46e-06,1.53e-06,1.29e-06,1.33e-06,394425806.0
1594440000000,1.33e-06,1.36e-06,1.24e-06,1.3e-06,153488638.0
1594443600000,1.31e-06,1.34e-06,1.24e-06,1.27e-06,161925259.0
1594447200000,1.27e-06,1.32e-06,1.26e-06,1.28e-06,78259121.0
1594450800000,1.28e-06,1.3e-06,1.26e-06,1.27e-06,89416628.0
1594454400000,1.27e-06,1.3e-06,1.26e-06,1.29e-06,47247618.0
1594458000000,1.28e-06,1.34e-06,1.28e-06,1.33e-06,77939861.0
1594461600000,1.33e-06,1.39e-06,1.32e-06,1.35e-06,100440037.0
1594465200000,1.35e-06,1.41e-06,1.34e-06,1.38e-06,113553028.0
1594468800000,1.38e-06,1.39e-06,1.33e-06,1.34e-06,77380206.0
1594472400000,1.34e-06,1.35e-06,1.31e-06,1.33e-06,29077633.0
1594476000000,1.33e-06,1.34e-06,1.29e-06,1.29e-06,47449115.0
1594479600000,1.3e-06,1.3e-06,1.27e-06,1.27e-06,49063260.0
1594483200000,1.28e-06,1.28e-06,1.16e-06,1.22e-06,273738291.0
1594486800000,1.22e-06,1.25e-06,1.21e-06,1.24e-06,45359383.0
1594490400000,1.24e-06,1.24e-06,1.21e-06,1.21e-06,23836401.0
1594494000000,1.22e-06,1.24e-06,1.21e-06,1.22e-06,20578048.0
1594497600000,1.22e-06,1.23e-06,1.21e-06,1.22e-06,20727425.0
1594501200000,1.22e-06,1.29e-06,1.2e-06,1.27e-06,57555208.0
1594504800000,1.27e-06,1.3e-06,1.24e-06,1.28e-06,55115957.0
1594508400000,1.27e-06,1.32e-06,1.27e-06,1.32e-06,37939989.0
1594512000000,1.32e-06,1.33e-06,1.29e-06,1.29e-06,21469651.0
1594515600000,1.29e-06,1.29e-06,1.26e-06,1.28e-06,28476625.0
1594519200000,1.28e-06,1.32e-06,1.28e-06,1.31e-06,18940486.0
1594522800000,1.32e-06,1.32e-06,1.29e-06,1.3e-06,16887109.0
1594526400000,1.29e-06,1.31e-06,1.28e-06,1.28e-06,16675901.0
1594530000000,1.28e-06,1.3e-06,1.23e-06,1.26e-06,48420479.0
1594533600000,1.26e-06,1.28e-06,1.23e-06,1.24e-06,20184203.0
1594537200000,1.24e-06,1.27e-06,1.23e-06,1.26e-06,16806640.0
1594540800000,1.25e-06,1.26e-06,1.23e-06,1.25e-06,32782704.0
1594544400000,1.24e-06,1.26e-06,1.23e-06,1.25e-06,15372516.0
1594548000000,1.25e-06,1.3e-06,1.25e-06,1.28e-06,52678599.0
1594551600000,1.29e-06,1.29e-06,1.27e-06,1.27e-06,10228435.0
1594555200000,1.28e-06,1.29e-06,1.26e-06,1.26e-06,23813677.0
1594558800000,1.27e-06,1.28e-06,1.23e-06,1.27e-06,33072056.0
1594562400000,1.26e-06,1.28e-06,1.25e-06,1.26e-06,15620611.0
1594566000000,1.26e-06,1.28e-06,1.25e-06,1.27e-06,13503557.0
1594569600000,1.27e-06,1.3e-06,1.27e-06,1.28e-06,28394580.0
1594573200000,1.28e-06,1.37e-06,1.28e-06,1.35e-06,113574567.0
1594576800000,1.35e-06,1.43e-06,1.34e-06,1.4e-06,133031816.0
1594580400000,1.4e-06,1.42e-06,1.36e-06,1.38e-06,133131748.0
1594584000000,1.39e-06,1.47e-06,1.36e-06,1.45e-06,246237651.0
1594587600000,1.46e-06,1.46e-06,1.41e-06,1.42e-06,74920175.0
1594591200000,1.42e-06,1.45e-06,1.41e-06,1.44e-06,49017569.0
1594594800000,1.44e-06,1.46e-06,1.41e-06,1.45e-06,50527259.0
1594598400000,1.44e-06,1.45e-06,1.39e-06,1.41e-06,45995106.0
1594602000000,1.41e-06,1.42e-06,1.37e-06,1.38e-06,37210120.0
1594605600000,1.39e-06,1.4e-06,1.38e-06,1.38e-06,17463563.0
1594609200000,1.39e-06,1.42e-06,1.38e-06,1.4e-06,14627058.0
1594612800000,1.41e-06,1.45e-06,1.37e-06,1.42e-06,81438357.0
1594616400000,1.42e-06,1.48e-06,1.41e-06,1.48e-06,56785812.0
1594620000000,1.48e-06,1.57e-06,1.46e-06,1.57e-06,190461215.0
1594623600000,1.57e-06,1.58e-06,1.51e-06,1.55e-06,165433541.0
1594627200000,1.54e-06,1.61e-06,1.53e-06,1.59e-06,134936578.0
1594630800000,1.6e-06,1.72e-06,1.58e-06,1.65e-06,312927725.0
1594634400000,1.64e-06,1.69e-06,1.59e-06,1.61e-06,112087977.0
1594638000000,1.61e-06,1.66e-06,1.58e-06,1.64e-06,70919169.0
1594641600000,1.63e-06,1.69e-06,1.63e-06,1.66e-06,86745958.0
1594645200000,1.66e-06,1.67e-06,1.6e-06,1.61e-06,81850623.0
1594648800000,1.61e-06,1.62e-06,1.54e-06,1.58e-06,166630317.0
1594652400000,1.59e-06,1.65e-06,1.57e-06,1.57e-06,110719589.0
1594656000000,1.58e-06,1.64e-06,1.57e-06,1.6e-06,74686908.0
1594659600000,1.61e-06,1.63e-06,1.59e-06,1.62e-06,44740439.0
1594663200000,1.61e-06,1.63e-06,1.59e-06,1.6e-06,23226123.0
1594666800000,1.6e-06,1.62e-06,1.49e-06,1.58e-06,144896392.0
1594670400000,1.58e-06,1.59e-06,1.55e-06,1.57e-06,38485259.0
1594674000000,1.57e-06,1.59e-06,1.54e-06,1.59e-06,22777961.0
1594677600000,1.59e-06,1.62e-06,1.58e-06,1.61e-06,34747117.0
1594681200000,1.61e-06,1.63e-06,1.59e-06,1.63e-06,14398245.0
1594684800000,1.63e-06,1.69e-06,1.62e-06,1.67e-06,69633373.0
1594688400000,1.66e-06,1.68e-06,1.63e-06,1.67e-06,27000371.0
1594692000000,1.67e-06,1.68e-06,1.63e-06,1.65e-06,20855416.0
1594695600000,1.65e-06,1.68e-06,1.63e-06,1.65e-06,22744281.0
1594699200000,1.65e-06,1.65e-06,1.52e-06,1.58e-06,114342509.0
1594702800000,1.58e-06,1.61e-06,1.55e-06,1.6e-06,35386156.0
1594706400000,1.59e-06,1.65e-06,1.58e-06,1.61e-06,47234508.0
1594710000000,1.61e-06,1.62e-06,1.54e-06,1.57e-06,47854799.0
1594713600000,1.57e-06,1.59e-06,1.55e-06,1.56e-06,30130276.0
1594717200000,1.55e-06,1.56e-06,1.47e-06,1.54e-06,86359473.0
1594720800000,1.55e-06,1.55e-06,1.49e-06,1.54e-06,37779087.0
1594724400000,1.54e-06,1.57e-06,1.53e-06,1.56e-06,33116744.0
1594728000000,1.56e-06,1.6e-06,1.53e-06,1.53e-06,123009061.0
1594731600000,1.53e-06,1.56e-06,1.52e-06,1.53e-06,17318448.0
1594735200000,1.54e-06,1.59e-06,1.52e-06,1.56e-06,46722729.0
1594738800000,1.57e-06,1.58e-06,1.55e-06,1.57e-06,19876407.0
1594742400000,1.57e-06,1.61e-06,1.56e-06,1.6e-06,48454383.0
1594746000000,1.6e-06,1.64e-06,1.55e-06,1.57e-06,81127158.0
1594749600000,1.57e-06,1.6e-06,1.56e-06,1.59e-06,23513120.0
1594753200000,1.6e-06,1.63e-06,1.58e-06,1.61e-06,32116363.0
1594756800000,1.61e-06,1.62e-06,1.59e-06,1.61e-06,16387522.0
1594760400000,1.62e-06,1.63e-06,1.6e-06,1.61e-06,15202755.0
1594764000000,1.61e-06,1.63e-06,1.6e-06,1.61e-06,20629200.0
1594767600000,1.6e-06,1.61e-06,1.57e-06,1.57e-06,26440453.0
1594771200000,1.58e-06,1.58e-06,1.54e-06,1.56e-06,25846046.0
1594774800000,1.56e-06,1.59e-06,1.55e-06,1.57e-06,13755407.0
1594778400000,1.57e-06,1.58e-06,1.56e-06,1.56e-06,6730792.0
1594782000000,1.57e-06,1.58e-06,1.56e-06,1.57e-06,10984256.0
1594785600000,1.58e-06,1.66e-06,1.57e-06,1.62e-06,61766027.0
1594789200000,1.63e-06,1.63e-06,1.6e-06,1.61e-06,28617672.0
1594792800000,1.61e-06,1.63e-06,1.61e-06,1.63e-06,11808251.0
1594796400000,1.62e-06,1.63e-06,1.6e-06,1.61e-06,14974890.0
1594800000000,1.61e-06,1.66e-06,1.61e-06,1.64e-06,56479915.0
1594803600000,1.64e-06,1.64e-06,1.62e-06,1.62e-06,12218864.0
1594807200000,1.62e-06,1.7e-06,1.62e-06,1.68e-06,54834511.0
1594810800000,1.67e-06,1.8e-06,1.67e-06,1.77e-06,231629472.0
1594814400000,1.77e-06,1.77e-06,1.71e-06,1.73e-06,86000921.0
1594818000000,1.73e-06,1.8e-06,1.73e-06,1.79e-06,126266870.0
1594821600000,1.79e-06,1.83e-06,1.77e-06,1.8e-06,124933423.0
1594825200000,1.8e-06,1.82e-06,1.76e-06,1.78e-06,60730510.0
1594828800000,1.78e-06,1.78e-06,1.74e-06,1.75e-06,36743716.0
1594832400000,1.75e-06,1.8e-06,1.74e-06,1.79e-06,59520400.0
1594836000000,1.79e-06,1.8e-06,1.77e-06,1.79e-06,21983178.0
1594839600000,1.78e-06,1.81e-06,1.78e-06,1.79e-06,22343022.0
1594843200000,1.79e-06,1.79e-06,1.76e-06,1.78e-06,16308666.0
1594846800000,1.77e-06,1.79e-06,1.77e-06,1.78e-06,17426516.0
1594850400000,1.78e-06,1.83e-06,1.76e-06,1.82e-06,39448071.0
1594854000000,1.82e-06,1.87e-06,1.81e-06,1.83e-06,94556862.0
1594857600000,1.83e-06,1.86e-06,1.78e-06,1.84e-06,60198998.0
1594861200000,1.84e-06,1.88e-06,1.83e-06,1.85e-06,39857780.0
1594864800000,1.84e-06,1.87e-06,1.82e-06,1.86e-06,24200713.0
1594868400000,1.86e-06,1.86e-06,1.82e-06,1.85e-06,19027063.0
1594872000000,1.84e-06,1.86e-06,1.82e-06,1.83e-06,16954798.0
1594875600000,1.83e-06,1.85e-06,1.82e-06,1.83e-06,19242649.0
1594879200000,1.83e-06,1.87e-06,1.82e-06,1.85e-06,53063852.0
1594882800000,1.85e-06,1.86e-06,1.73e-06,1.78e-06,110998347.0
1594886400000,1.79e-06,1.83e-06,1.77e-06,1.82e-06,29071228.0
1594890000000,1.83e-06,1.83e-06,1.64e-06,1.65e-06,122060175.0
1594893600000,1.65e-06,1.82e-06,1.64e-06,1.79e-06,99770367.0
1594897200000,1.78e-06,1.82e-06,1.78e-06,1.79e-06,23187177.0
1594900800000,1.8e-06,1.83e-06,1.76e-06,1.83e-06,39213269.0
1594904400000,1.83e-06,1.86e-06,1.81e-06,1.86e-06,68103370.0
1594908000000,1.85e-06,1.86e-06,1.83e-06,1.86e-06,19287138.0
1594911600000,1.85e-06,1.86e-06,1.82e-06,1.82e-06,22690596.0
1594915200000,1.82e-06,1.83e-06,1.74e-06,1.81e-06,106613039.0
1594918800000,1.81e-06,1.82e-06,1.73e-06,1.75e-06,93751380.0
1594922400000,1.75e-06,1.77e-06,1.73e-06,1.76e-06,20139945.0
1594926000000,1.75e-06,1.77e-06,1.75e-06,1.76e-06,13131331.0
1594929600000,1.76e-06,1.78e-06,1.74e-06,1.75e-06,19798952.0
1594933200000,1.74e-06,1.75e-06,1.71e-06,1.72e-06,28050739.0
1594936800000,1.71e-06,1.77e-06,1.71e-06,1.75e-06,14160030.0
1594940400000,1.76e-06,1.76e-06,1.71e-06,1.75e-06,20550131.0
1594944000000,1.74e-06,1.76e-06,1.74e-06,1.75e-06,5183207.0
1594947600000,1.75e-06,1.76e-06,1.73e-06,1.74e-06,8577009.0
1594951200000,1.74e-06,1.75e-06,1.71e-06,1.72e-06,10891209.0
1594954800000,1.72e-06,1.73e-06,1.7e-06,1.71e-06,12080313.0
1594958400000,1.71e-06,1.74e-06,1.7e-06,1.72e-06,10825086.0
1594962000000,1.71e-06,1.75e-06,1.71e-06,1.74e-06,9724230.0
1594965600000,1.74e-06,1.78e-06,1.74e-06,1.75e-06,17843353.0
1594969200000,1.75e-06,1.76e-06,1.74e-06,1.74e-06,19551998.0
1594972800000,1.74e-06,1.78e-06,1.73e-06,1.76e-06,17487698.0
1594976400000,1.76e-06,1.77e-06,1.74e-06,1.75e-06,22650474.0
1594980000000,1.76e-06,1.77e-06,1.75e-06,1.76e-06,11175798.0
1594983600000,1.76e-06,1.81e-06,1.75e-06,1.81e-06,33482114.0
1594987200000,1.8e-06,1.81e-06,1.78e-06,1.78e-06,27422677.0
1594990800000,1.78e-06,1.79e-06,1.75e-06,1.75e-06,24715379.0
1594994400000,1.76e-06,1.77e-06,1.74e-06,1.74e-06,18337358.0
1594998000000,1.74e-06,1.76e-06,1.74e-06,1.75e-06,7706202.0
1595001600000,1.76e-06,1.78e-06,1.74e-06,1.76e-06,30514854.0
1595005200000,1.76e-06,1.77e-06,1.75e-06,1.76e-06,12642341.0
1595008800000,1.76e-06,1.77e-06,1.47e-06,1.61e-06,305994604.0
1595012400000,1.62e-06,1.65e-06,1.58e-06,1.63e-06,108120641.0
1595016000000,1.63e-06,1.71e-06,1.63e-06,1.66e-06,61398517.0
1595019600000,1.66e-06,1.67e-06,1.6e-06,1.63e-06,58117551.0
1595023200000,1.63e-06,1.63e-06,1.51e-06,1.52e-06,81119180.0
1595026800000,1.52e-06,1.58e-06,1.5e-06,1.55e-06,63116386.0
1595030400000,1.56e-06,1.56e-06,1.53e-06,1.53e-06,30364005.0
1595034000000,1.53e-06,1.54e-06,1.5e-06,1.54e-06,43160136.0
1595037600000,1.54e-06,1.57e-06,1.52e-06,1.56e-06,74899981.0
1595041200000,1.56e-06,1.59e-06,1.54e-06,1.58e-06,22924736.0
1595044800000,1.58e-06,1.58e-06,1.53e-06,1.55e-06,23741853.0
1595048400000,1.55e-06,1.56e-06,1.51e-06,1.53e-06,22278912.0
1595052000000,1.53e-06,1.59e-06,1.53e-06,1.58e-06,36126372.0
1595055600000,1.57e-06,1.6e-06,1.56e-06,1.59e-06,20754132.0
1595059200000,1.59e-06,1.63e-06,1.57e-06,1.63e-06,49753473.0
1595062800000,1.63e-06,1.64e-06,1.58e-06,1.6e-06,36836092.0
1595066400000,1.6e-06,1.62e-06,1.58e-06,1.6e-06,42865469.0
1595070000000,1.6e-06,1.6e-06,1.56e-06,1.58e-06,25000155.0
1595073600000,1.58e-06,1.6e-06,1.56e-06,1.59e-06,20895315.0
1595077200000,1.59e-06,1.6e-06,1.56e-06,1.58e-06,23874082.0
1595080800000,1.59e-06,1.61e-06,1.57e-06,1.6e-06,14608104.0
1595084400000,1.6e-06,1.63e-06,1.6e-06,1.62e-06,31968588.0
1595088000000,1.63e-06,1.63e-06,1.61e-06,1.62e-06,15646583.0
1595091600000,1.62e-06,1.62e-06,1.59e-06,1.6e-06,18950567.0
1595095200000,1.6e-06,1.61e-06,1.59e-06,1.6e-06,11569647.0
1595098800000,1.6e-06,1.63e-06,1.6e-06,1.63e-06,11966176.0
1595102400000,1.63e-06,1.63e-06,1.61e-06,1.62e-06,8489184.0
1595106000000,1.62e-06,1.67e-06,1.62e-06,1.66e-06,61851515.0
1595109600000,1.66e-06,1.69e-06,1.64e-06,1.67e-06,29365592.0
1595113200000,1.68e-06,1.68e-06,1.65e-06,1.66e-06,13125121.0
1595116800000,1.66e-06,1.67e-06,1.62e-06,1.64e-06,21254878.0
1595120400000,1.64e-06,1.64e-06,1.59e-06,1.6e-06,35479116.0
1595124000000,1.6e-06,1.62e-06,1.59e-06,1.62e-06,22858473.0
1595127600000,1.62e-06,1.62e-06,1.59e-06,1.61e-06,8810374.0
1595131200000,1.61e-06,1.63e-06,1.6e-06,1.62e-06,7600378.0
1595134800000,1.61e-06,1.63e-06,1.6e-06,1.62e-06,14931327.0
1595138400000,1.62e-06,1.63e-06,1.58e-06,1.59e-06,20734034.0
1595142000000,1.59e-06,1.6e-06,1.56e-06,1.57e-06,19252299.0
1595145600000,1.58e-06,1.59e-06,1.55e-06,1.58e-06,29067471.0
1595149200000,1.59e-06,1.59e-06,1.54e-06,1.55e-06,26752115.0
1595152800000,1.56e-06,1.57e-06,1.51e-06,1.54e-06,64226359.0
1595156400000,1.53e-06,1.55e-06,1.51e-06,1.55e-06,29956120.0
1595160000000,1.55e-06,1.56e-06,1.52e-06,1.55e-06,20707757.0
1595163600000,1.54e-06,1.57e-06,1.53e-06,1.53e-06,35228066.0
1595167200000,1.53e-06,1.55e-06,1.47e-06,1.5e-06,46063004.0
1595170800000,1.5e-06,1.5e-06,1.38e-06,1.46e-06,164595929.0
1595174400000,1.46e-06,1.51e-06,1.45e-06,1.5e-06,70677507.0
1595178000000,1.49e-06,1.55e-06,1.48e-06,1.49e-06,88617445.0
1595181600000,1.49e-06,1.5e-06,1.46e-06,1.48e-06,21609630.0
1595185200000,1.48e-06,1.48e-06,1.42e-06,1.45e-06,75469994.0
1595188800000,1.45e-06,1.5e-06,1.43e-06,1.49e-06,61358345.0
1595192400000,1.48e-06,1.49e-06,1.45e-06,1.47e-06,30600019.0
1595196000000,1.48e-06,1.49e-06,1.46e-06,1.48e-06,17899586.0
1595199600000,1.48e-06,1.5e-06,1.48e-06,1.49e-06,10797946.0
1595203200000,1.49e-06,1.49e-06,1.47e-06,1.48e-06,10922421.0
1595206800000,1.48e-06,1.48e-06,1.47e-06,1.47e-06,5605161.0
1595210400000,1.48e-06,1.48e-06,1.45e-06,1.47e-06,13731524.0
1595214000000,1.47e-06,1.48e-06,1.43e-06,1.46e-06,36979311.0
1595217600000,1.46e-06,1.47e-06,1.45e-06,1.47e-06,7829408.0
1595221200000,1.47e-06,1.5e-06,1.46e-06,1.5e-06,21315686.0
1595224800000,1.49e-06,1.53e-06,1.47e-06,1.49e-06,37579625.0
1595228400000,1.49e-06,1.52e-06,1.47e-06,1.51e-06,25795916.0
1595232000000,1.51e-06,1.52e-06,1.49e-06,1.51e-06,18789492.0
1595235600000,1.51e-06,1.57e-06,1.51e-06,1.56e-06,115216481.0
1595239200000,1.56e-06,1.61e-06,1.55e-06,1.57e-06,88295128.0
1595242800000,1.58e-06,1.6e-06,1.55e-06,1.56e-06,33602936.0
1595246400000,1.57e-06,1.57e-06,1.48e-06,1.48e-06,67520437.0
1595250000000,1.49e-06,1.52e-06,1.46e-06,1.5e-06,81121948.0
1595253600000,1.5e-06,1.51e-06,1.48e-06,1.48e-06,24660636.0
1595257200000,1.49e-06,1.49e-06,1.46e-06,1.48e-06,21256412.0
1595260800000,1.49e-06,1.49e-06,1.44e-06,1.44e-06,26901880.0
1595264400000,1.45e-06,1.46e-06,1.44e-06,1.46e-06,17104449.0
1595268000000,1.45e-06,1.46e-06,1.42e-06,1.43e-06,31567722.0
1595271600000,1.43e-06,1.43e-06,1.33e-06,1.37e-06,147099949.0
1595275200000,1.37e-06,1.43e-06,1.36e-06,1.38e-06,87912049.0
1595278800000,1.39e-06,1.4e-06,1.36e-06,1.39e-06,30990843.0
1595282400000,1.39e-06,1.43e-06,1.39e-06,1.42e-06,21969586.0
1595286000000,1.41e-06,1.42e-06,1.39e-06,1.4e-06,12398881.0
1595289600000,1.4e-06,1.42e-06,1.38e-06,1.42e-06,21021184.0
1595293200000,1.42e-06,1.43e-06,1.41e-06,1.41e-06,19771974.0
1595296800000,1.42e-06,1.47e-06,1.42e-06,1.47e-06,29022274.0
1595300400000,1.47e-06,1.48e-06,1.45e-06,1.46e-06,26982248.0
1595304000000,1.45e-06,1.46e-06,1.41e-06,1.44e-06,28776288.0
1595307600000,1.44e-06,1.46e-06,1.41e-06,1.41e-06,29107306.0
1595311200000,1.42e-06,1.42e-06,1.39e-06,1.4e-06,21376458.0
1595314800000,1.4e-06,1.4e-06,1.33e-06,1.35e-06,50174812.0
1595318400000,1.35e-06,1.4e-06,1.35e-06,1.39e-06,50377652.0
1595322000000,1.39e-06,1.39e-06,1.36e-06,1.37e-06,21628357.0
1595325600000,1.37e-06,1.37e-06,1.34e-06,1.36e-06,39786317.0
1595329200000,1.35e-06,1.48e-06,1.34e-06,1.47e-06,200270229.0
1595332800000,1.47e-06,1.49e-06,1.43e-06,1.44e-06,132331376.0
1595336400000,1.44e-06,1.56e-06,1.43e-06,1.53e-06,140522818.0
1595340000000,1.53e-06,1.61e-06,1.53e-06,1.58e-06,186256810.0
1595343600000,1.58e-06,1.82e-06,1.57e-06,1.78e-06,449629371.0
1595347200000,1.78e-06,1.79e-06,1.62e-06,1.64e-06,268040365.0
1595350800000,1.64e-06,1.68e-06,1.61e-06,1.67e-06,111712506.0
1595354400000,1.68e-06,1.72e-06,1.64e-06,1.64e-06,103575576.0
1595358000000,1.64e-06,1.69e-06,1.63e-06,1.68e-06,39046652.0
1595361600000,1.68e-06,1.68e-06,1.64e-06,1.65e-06,31322850.0
1595365200000,1.66e-06,1.67e-06,1.59e-06,1.63e-06,67431507.0
1595368800000,1.63e-06,1.63e-06,1.57e-06,1.59e-06,49240663.0
1595372400000,1.58e-06,1.73e-06,1.58e-06,1.67e-06,107605351.0
1595376000000,1.67e-06,1.71e-06,1.64e-06,1.65e-06,34677403.0
1595379600000,1.65e-06,1.68e-06,1.64e-06,1.65e-06,16846404.0
1595383200000,1.65e-06,1.65e-06,1.61e-06,1.61e-06,25230150.0
1595386800000,1.61e-06,1.65e-06,1.61e-06,1.65e-06,21453318.0
1595390400000,1.65e-06,1.68e-06,1.64e-06,1.67e-06,14472345.0
1595394000000,1.67e-06,1.73e-06,1.67e-06,1.7e-06,63908920.0
1595397600000,1.71e-06,1.73e-06,1.69e-06,1.73e-06,29535074.0
1595401200000,1.73e-06,1.73e-06,1.7e-06,1.72e-06,22771049.0
1595404800000,1.73e-06,1.75e-06,1.7e-06,1.74e-06,42514602.0
1595408400000,1.75e-06,1.78e-06,1.72e-06,1.78e-06,73963870.0
1595412000000,1.78e-06,1.79e-06,1.76e-06,1.77e-06,52813107.0
1595415600000,1.78e-06,1.8e-06,1.73e-06,1.79e-06,85676290.0
1595419200000,1.79e-06,1.84e-06,1.76e-06,1.82e-06,113534548.0
1595422800000,1.82e-06,1.82e-06,1.78e-06,1.79e-06,35939445.0
1595426400000,1.8e-06,1.8e-06,1.75e-06,1.78e-06,30101714.0
1595430000000,1.78e-06,1.81e-06,1.75e-06,1.77e-06,41110256.0
1595433600000,1.76e-06,1.77e-06,1.72e-06,1.74e-06,44906904.0
1595437200000,1.73e-06,1.74e-06,1.7e-06,1.71e-06,47099164.0
1595440800000,1.71e-06,1.75e-06,1.69e-06,1.74e-06,26351907.0
1595444400000,1.73e-06,1.74e-06,1.7e-06,1.72e-06,22189935.0
1595448000000,1.71e-06,1.75e-06,1.71e-06,1.73e-06,21433222.0
1595451600000,1.72e-06,1.74e-06,1.71e-06,1.73e-06,10019064.0
1595455200000,1.73e-06,1.75e-06,1.65e-06,1.71e-06,56115197.0
1595458800000,1.71e-06,1.72e-06,1.67e-06,1.68e-06,23656091.0
1595462400000,1.68e-06,1.69e-06,1.65e-06,1.67e-06,19514283.0
1595466000000,1.67e-06,1.69e-06,1.66e-06,1.68e-06,16648910.0
1595469600000,1.68e-06,1.7e-06,1.67e-06,1.68e-06,8309057.0
1595473200000,1.69e-06,1.69e-06,1.67e-06,1.67e-06,5092805.0
1595476800000,1.67e-06,1.7e-06,1.67e-06,1.7e-06,6242844.0
1595480400000,1.7e-06,1.74e-06,1.69e-06,1.72e-06,14091382.0
1595484000000,1.72e-06,1.73e-06,1.7e-06,1.71e-06,6582916.0
1595487600000,1.71e-06,1.76e-06,1.7e-06,1.76e-06,32741399.0
1595491200000,1.76e-06,1.76e-06,1.73e-06,1.75e-06,20707963.0
1595494800000,1.75e-06,1.75e-06,1.7e-06,1.73e-06,29932720.0
1595498400000,1.73e-06,1.73e-06,1.7e-06,1.72e-06,16988557.0
1595502000000,1.73e-06,1.8e-06,1.71e-06,1.76e-06,69080343.0
1595505600000,1.76e-06,1.77e-06,1.73e-06,1.74e-06,24601816.0
1595509200000,1.74e-06,1.75e-06,1.72e-06,1.74e-06,18528106.0
1595512800000,1.73e-06,1.74e-06,1.68e-06,1.7e-06,53164684.0
1595516400000,1.7e-06,1.72e-06,1.69e-06,1.7e-06,18769858.0
1595520000000,1.7e-06,1.7e-06,1.63e-06,1.65e-06,48866346.0
1595523600000,1.65e-06,1.67e-06,1.61e-06,1.66e-06,60670690.0
1595527200000,1.66e-06,1.69e-06,1.65e-06,1.66e-06,17025511.0
1595530800000,1.66e-06,1.67e-06,1.65e-06,1.66e-06,10686455.0
1595534400000,1.65e-06,1.67e-06,1.64e-06,1.66e-06,11665447.0
1595538000000,1.66e-06,1.66e-06,1.63e-06,1.64e-06,16142414.0
1595541600000,1.64e-06,1.69e-06,1.63e-06,1.68e-06,18161714.0
1595545200000,1.68e-06,1.69e-06,1.66e-06,1.67e-06,12138665.0
1595548800000,1.67e-06,1.67e-06,1.65e-06,1.66e-06,5553609.0
1595552400000,1.65e-06,1.69e-06,1.65e-06,1.67e-06,10850898.0
1595556000000,1.68e-06,1.69e-06,1.67e-06,1.67e-06,5320422.0
1595559600000,1.68e-06,1.68e-06,1.67e-06,1.68e-06,3858954.0
1595563200000,1.67e-06,1.69e-06,1.67e-06,1.69e-06,6514159.0
1595566800000,1.69e-06,1.69e-06,1.67e-06,1.67e-06,7816020.0
1595570400000,1.67e-06,1.7e-06,1.67e-06,1.68e-06,10388439.0
1595574000000,1.69e-06,1.72e-06,1.68e-06,1.71e-06,19064619.0
1595577600000,1.71e-06,1.73e-06,1.69e-06,1.71e-06,27675580.0
1595581200000,1.7e-06,1.72e-06,1.69e-06,1.71e-06,10680242.0
1595584800000,1.71e-06,1.75e-06,1.7e-06,1.71e-06,30234491.0
1595588400000,1.71e-06,1.74e-06,1.7e-06,1.72e-06,28502747.0
1595592000000,1.73e-06,1.76e-06,1.71e-06,1.73e-06,45610361.0
1595595600000,1.73e-06,1.76e-06,1.72e-06,1.74e-06,27930592.0
1595599200000,1.74e-06,1.74e-06,1.7e-06,1.71e-06,19938048.0
1595602800000,1.71e-06,1.73e-06,1.67e-06,1.67e-06,34949384.0
1595606400000,1.68e-06,1.7e-06,1.67e-06,1.68e-06,14345088.0
1595610000000,1.68e-06,1.72e-06,1.67e-06,1.71e-06,12831086.0
1595613600000,1.7e-06,1.71e-06,1.69e-06,1.7e-06,10025224.0
1595617200000,1.7e-06,1.71e-06,1.69e-06,1.7e-06,7579394.0
1595620800000,1.7e-06,1.71e-06,1.67e-06,1.67e-06,13223090.0
1595624400000,1.67e-06,1.71e-06,1.66e-06,1.69e-06,27767470.0
1595628000000,1.7e-06,1.7e-06,1.68e-06,1.7e-06,9661760.0
1595631600000,1.7e-06,1.7e-06,1.68e-06,1.68e-06,5857655.0
1595635200000,1.69e-06,1.71e-06,1.68e-06,1.7e-06,8450501.0
1595638800000,1.7e-06,1.71e-06,1.68e-06,1.7e-06,8948337.0
1595642400000,1.7e-06,1.72e-06,1.68e-06,1.72e-06,10397161.0
1595646000000,1.72e-06,1.74e-06,1.71e-06,1.74e-06,13370412.0
1595649600000,1.73e-06,1.74e-06,1.72e-06,1.73e-06,5448660.0
1595653200000,1.73e-06,1.76e-06,1.72e-06,1.75e-06,19200705.0
1595656800000,1.75e-06,1.75e-06,1.74e-06,1.75e-06,10268520.0
1595660400000,1.75e-06,1.75e-06,1.73e-06,1.74e-06,5881978.0
1595664000000,1.74e-06,1.74e-06,1.72e-06,1.73e-06,13625120.0
1595667600000,1.73e-06,1.73e-06,1.7e-06,1.71e-06,14330664.0
1595671200000,1.72e-06,1.73e-06,1.71e-06,1.71e-06,12864978.0
1595674800000,1.72e-06,1.74e-06,1.71e-06,1.73e-06,11704385.0
1595678400000,1.73e-06,1.73e-06,1.71e-06,1.72e-06,6794687.0
1595682000000,1.71e-06,1.73e-06,1.7e-06,1.71e-06,16568979.0
1595685600000,1.72e-06,1.73e-06,1.71e-06,1.72e-06,11320312.0
1595689200000,1.72e-06,1.73e-06,1.71e-06,1.71e-06,7479618.0
1595692800000,1.72e-06,1.73e-06,1.7e-06,1.73e-06,19419438.0
1595696400000,1.73e-06,1.74e-06,1.71e-06,1.71e-06,28066094.0
1595700000000,1.71e-06,1.75e-06,1.7e-06,1.74e-06,16838727.0
1595703600000,1.75e-06,1.84e-06,1.74e-06,1.84e-06,149742123.0
1595707200000,1.83e-06,1.85e-06,1.79e-06,1.82e-06,91451485.0
1595710800000,1.81e-06,1.83e-06,1.8e-06,1.8e-06,21381091.0
1595714400000,1.81e-06,1.92e-06,1.8e-06,1.88e-06,116995206.0
1595718000000,1.88e-06,1.94e-06,1.85e-06,1.92e-06,175843239.0
1595721600000,1.93e-06,1.97e-06,1.9e-06,1.92e-06,90268055.0
1595725200000,1.92e-06,1.92e-06,1.86e-06,1.89e-06,67898830.0
1595728800000,1.89e-06,1.92e-06,1.87e-06,1.92e-06,20844229.0
1595732400000,1.91e-06,1.94e-06,1.89e-06,1.91e-06,31501740.0
1595736000000,1.92e-06,1.92e-06,1.89e-06,1.91e-06,11576876.0
1595739600000,1.9e-06,1.91e-06,1.87e-06,1.89e-06,29217127.0
1595743200000,1.9e-06,1.92e-06,1.88e-06,1.91e-06,20801137.0
1595746800000,1.91e-06,1.97e-06,1.9e-06,1.94e-06,84397538.0
1595750400000,1.94e-06,1.95e-06,1.89e-06,1.9e-06,60499592.0
1595754000000,1.9e-06,1.94e-06,1.89e-06,1.9e-06,35509002.0
1595757600000,1.9e-06,1.91e-06,1.83e-06,1.89e-06,120932936.0
1595761200000,1.89e-06,2.02e-06,1.87e-06,1.99e-06,144086697.0
1595764800000,1.99e-06,2.1e-06,1.96e-06,2.1e-06,158270489.0
1595768400000,2.1e-06,2.22e-06,2.09e-06,2.12e-06,393482362.0
1595772000000,2.12e-06,2.13e-06,2.03e-06,2.07e-06,202951367.0
1595775600000,2.07e-06,2.11e-06,2.05e-06,2.08e-06,71877812.0
1595779200000,2.08e-06,2.15e-06,2.07e-06,2.12e-06,69973140.0
1595782800000,2.11e-06,2.2e-06,2.1e-06,2.18e-06,72815878.0
1595786400000,2.18e-06,2.27e-06,2.14e-06,2.22e-06,99845510.0
1595790000000,2.22e-06,2.32e-06,2.21e-06,2.3e-06,158941936.0
1595793600000,2.3e-06,2.39e-06,2.24e-06,2.38e-06,184772483.0
1595797200000,2.38e-06,2.4e-06,2.27e-06,2.35e-06,119868470.0
1595800800000,2.35e-06,2.35e-06,2.22e-06,2.24e-06,89687770.0
1595804400000,2.23e-06,2.26e-06,2.16e-06,2.24e-06,130909879.0
1595808000000,2.23e-06,2.3e-06,2.18e-06,2.21e-06,47426045.0
1595811600000,2.2e-06,2.28e-06,2.19e-06,2.26e-06,42767671.0
1595815200000,2.26e-06,2.44e-06,2.25e-06,2.39e-06,115769280.0
1595818800000,2.39e-06,2.42e-06,2.32e-06,2.35e-06,56214108.0
1595822400000,2.36e-06,2.61e-06,2.35e-06,2.57e-06,148911526.0
1595826000000,2.57e-06,2.66e-06,2.43e-06,2.64e-06,211845595.0
1595829600000,2.64e-06,2.78e-06,2.61e-06,2.71e-06,227742580.0
1595833200000,2.71e-06,2.9e-06,2.67e-06,2.84e-06,269916974.0
1595836800000,2.83e-06,2.85e-06,2.52e-06,2.72e-06,324600800.0
1595840400000,2.72e-06,2.75e-06,2.46e-06,2.54e-06,179107478.0
1595844000000,2.53e-06,2.74e-06,2.53e-06,2.69e-06,161834573.0
1595847600000,2.68e-06,2.69e-06,2.55e-06,2.64e-06,90422015.0
1595851200000,2.64e-06,2.7e-06,2.6e-06,2.68e-06,65749153.0
1595854800000,2.67e-06,2.72e-06,2.59e-06,2.61e-06,102961779.0
1595858400000,2.6e-06,2.63e-06,1.96e-06,2.03e-06,418868258.0
1595862000000,2.03e-06,2.44e-06,2e-06,2.36e-06,313142832.0
1595865600000,2.37e-06,2.37e-06,2.05e-06,2.07e-06,219143874.0
1595869200000,2.08e-06,2.22e-06,2e-06,2.12e-06,238174882.0
1595872800000,2.12e-06,2.55e-06,2.09e-06,2.35e-06,256783858.0
1595876400000,2.35e-06,2.51e-06,2.33e-06,2.37e-06,145396674.0
1595880000000,2.37e-06,2.38e-06,2.13e-06,2.24e-06,114558581.0
1595883600000,2.25e-06,2.34e-06,2.13e-06,2.14e-06,81279621.0
1595887200000,2.15e-06,2.23e-06,2.1e-06,2.18e-06,111453186.0
1595890800000,2.19e-06,2.38e-06,2.18e-06,2.33e-06,59580319.0
1595894400000,2.32e-06,2.35e-06,2.24e-06,2.3e-06,43182092.0
1595898000000,2.31e-06,2.32e-06,2.21e-06,2.23e-06,24501947.0
1595901600000,2.23e-06,2.27e-06,2.12e-06,2.2e-06,47525424.0
1595905200000,2.2e-06,2.24e-06,2.17e-06,2.19e-06,25411888.0
1595908800000,2.19e-06,2.2e-06,2.14e-06,2.15e-06,25189553.0
1595912400000,2.14e-06,2.28e-06,2.11e-06,2.25e-06,41516293.0
1595916000000,2.25e-06,2.27e-06,2.17e-06,2.19e-06,35266752.0
1595919600000,2.19e-06,2.33e-06,2.17e-06,2.29e-06,52012627.0
1595923200000,2.29e-06,2.46e-06,2.28e-06,2.39e-06,114072231.0
1595926800000,2.39e-06,2.49e-06,2.36e-06,2.46e-06,54851551.0
1595930400000,2.46e-06,2.53e-06,2.38e-06,2.39e-06,89044263.0
1595934000000,2.4e-06,2.42e-06,2.3e-06,2.35e-06,78798169.0
1595937600000,2.34e-06,2.41e-06,2.31e-06,2.35e-06,56307438.0
1595941200000,2.34e-06,2.37e-06,2.24e-06,2.28e-06,34085940.0
1595944800000,2.29e-06,2.32e-06,2.22e-06,2.26e-06,59661765.0
1595948400000,2.27e-06,2.33e-06,2.26e-06,2.29e-06,28642078.0
1595952000000,2.3e-06,2.36e-06,2.28e-06,2.34e-06,30365916.0
1595955600000,2.34e-06,2.47e-06,2.33e-06,2.47e-06,71628587.0
1595959200000,2.46e-06,2.47e-06,2.36e-06,2.41e-06,64945457.0
1595962800000,2.41e-06,2.45e-06,2.37e-06,2.4e-06,36169391.0
1595966400000,2.42e-06,2.43e-06,2.38e-06,2.4e-06,26834552.0
1595970000000,2.4e-06,2.41e-06,2.35e-06,2.4e-06,29656562.0
1595973600000,2.41e-06,2.45e-06,2.4e-06,2.45e-06,24232176.0
1595977200000,2.45e-06,2.57e-06,2.45e-06,2.55e-06,51154479.0
1595980800000,2.55e-06,2.55e-06,2.46e-06,2.48e-06,41193123.0
1595984400000,2.47e-06,2.49e-06,2.41e-06,2.43e-06,35637284.0
1595988000000,2.43e-06,2.44e-06,2.37e-06,2.4e-06,40907935.0
1595991600000,2.4e-06,2.48e-06,2.37e-06,2.44e-06,25747695.0
1595995200000,2.44e-06,2.47e-06,2.41e-06,2.44e-06,16921418.0
1595998800000,2.43e-06,2.45e-06,2.41e-06,2.45e-06,14837966.0
1596002400000,2.45e-06,2.46e-06,2.39e-06,2.41e-06,18779713.0
1596006000000,2.41e-06,2.43e-06,2.39e-06,2.41e-06,19093119.0
1596009600000,2.41e-06,2.44e-06,2.31e-06,2.33e-06,63597089.0
1596013200000,2.34e-06,2.37e-06,2.32e-06,2.36e-06,37114507.0
1596016800000,2.36e-06,2.36e-06,2.27e-06,2.33e-06,57003147.0
1596020400000,2.33e-06,2.34e-06,2.23e-06,2.25e-06,64804459.0
1596024000000,2.25e-06,2.47e-06,2.24e-06,2.41e-06,146254794.0
1596027600000,2.4e-06,2.45e-06,2.39e-06,2.43e-06,41280459.0
1596031200000,2.43e-06,2.44e-06,2.3e-06,2.39e-06,53184271.0
1596034800000,2.39e-06,2.4e-06,2.36e-06,2.38e-06,21335935.0
1596038400000,2.39e-06,2.39e-06,2.31e-06,2.32e-06,20918812.0
1596042000000,2.32e-06,2.35e-06,2.31e-06,2.35e-06,12982257.0
1596045600000,2.34e-06,2.39e-06,2.33e-06,2.39e-06,16916455.0
1596049200000,2.38e-06,2.41e-06,2.34e-06,2.35e-06,21773471.0
1596052800000,2.36e-06,2.37e-06,2.34e-06,2.36e-06,11770135.0
1596056400000,2.36e-06,2.37e-06,2.31e-06,2.33e-06,25024162.0
1596060000000,2.33e-06,2.33e-06,2.27e-06,2.28e-06,26197416.0
1596063600000,2.28e-06,2.31e-06,2.26e-06,2.28e-06,16569254.0
1596067200000,2.28e-06,2.31e-06,2.27e-06,2.29e-06,15989897.0
1596070800000,2.28e-06,2.32e-06,2.28e-06,2.31e-06,7570810.0
1596074400000,2.31e-06,2.34e-06,2.3e-06,2.34e-06,7978855.0
1596078000000,2.33e-06,2.41e-06,2.33e-06,2.4e-06,28332498.0
1596081600000,2.4e-06,2.45e-06,2.39e-06,2.41e-06,33168137.0
1596085200000,2.41e-06,2.43e-06,2.37e-06,2.39e-06,14489329.0
1596088800000,2.4e-06,2.41e-06,2.38e-06,2.4e-06,10728879.0
1596092400000,2.4e-06,2.45e-06,2.35e-06,2.36e-06,37763529.0
1596096000000,2.36e-06,2.41e-06,2.35e-06,2.39e-06,11933660.0
1596099600000,2.39e-06,2.41e-06,2.36e-06,2.4e-06,12850333.0
1596103200000,2.39e-06,2.49e-06,2.39e-06,2.48e-06,42200132.0
1596106800000,2.48e-06,2.55e-06,2.48e-06,2.53e-06,90691272.0
1596110400000,2.53e-06,2.54e-06,2.36e-06,2.4e-06,81641873.0
1596114000000,2.42e-06,2.55e-06,2.36e-06,2.4e-06,133640053.0
1596117600000,2.4e-06,2.42e-06,2.06e-06,2.32e-06,432991910.0
1596121200000,2.31e-06,2.35e-06,2.25e-06,2.33e-06,67877889.0
1596124800000,2.33e-06,2.34e-06,2.26e-06,2.3e-06,41810572.0
1596128400000,2.3e-06,2.31e-06,2.16e-06,2.19e-06,77217589.0
1596132000000,2.2e-06,2.24e-06,2.16e-06,2.17e-06,36554478.0
1596135600000,2.18e-06,2.2e-06,2.09e-06,2.13e-06,106620407.0
1596139200000,2.13e-06,2.14e-06,2.03e-06,2.09e-06,121884493.0
1596142800000,2.1e-06,2.23e-06,2.06e-06,2.2e-06,106671636.0
1596146400000,2.19e-06,2.2e-06,2.16e-06,2.17e-06,21770875.0
1596150000000,2.17e-06,2.19e-06,2.14e-06,2.18e-06,13877502.0
1596153600000,2.18e-06,2.21e-06,2.17e-06,2.2e-06,11527880.0
1596157200000,2.21e-06,2.22e-06,2.19e-06,2.2e-06,8255096.0
1596160800000,2.2e-06,2.2e-06,2.13e-06,2.15e-06,14535609.0
1596164400000,2.15e-06,2.16e-06,2.1e-06,2.12e-06,29767334.0
1596168000000,2.13e-06,2.13e-06,2.07e-06,2.13e-06,39099921.0
1596171600000,2.12e-06,2.16e-06,2.11e-06,2.15e-06,17170178.0
1596175200000,2.15e-06,2.17e-06,2.12e-06,2.14e-06,29248694.0
1596178800000,2.14e-06,2.16e-06,2.1e-06,2.13e-06,21875652.0
1596182400000,2.13e-06,2.14e-06,2.1e-06,2.12e-06,20087177.0
1596186000000,2.11e-06,2.17e-06,2.1e-06,2.16e-06,32941533.0
1596189600000,2.15e-06,2.24e-06,2.15e-06,2.21e-06,73063919.0
1596193200000,2.2e-06,2.22e-06,2.15e-06,2.18e-06,28016808.0
1596196800000,2.18e-06,2.2e-06,2.12e-06,2.13e-06,21951182.0
1596200400000,2.13e-06,2.16e-06,2.1e-06,2.12e-06,28795779.0
1596204000000,2.12e-06,2.16e-06,2.09e-06,2.14e-06,27171208.0
1596207600000,2.14e-06,2.18e-06,2.07e-06,2.16e-06,45086212.0
1596211200000,2.15e-06,2.16e-06,2.07e-06,2.1e-06,36042383.0
1596214800000,2.1e-06,2.1e-06,2.07e-06,2.09e-06,19955074.0
1596218400000,2.09e-06,2.1e-06,2.07e-06,2.08e-06,10751877.0
1596222000000,2.09e-06,2.12e-06,2.07e-06,2.11e-06,11901883.0
1596225600000,2.11e-06,2.12e-06,2.08e-06,2.1e-06,16379509.0
1596229200000,2.09e-06,2.1e-06,2.02e-06,2.05e-06,34396481.0
1596232800000,2.05e-06,2.05e-06,1.9e-06,1.91e-06,108932005.0
1596236400000,1.91e-06,1.93e-06,1.84e-06,1.86e-06,83850706.0
1596240000000,1.86e-06,1.87e-06,1.74e-06,1.83e-06,150814990.0
1596243600000,1.84e-06,1.86e-06,1.8e-06,1.8e-06,48313290.0
1596247200000,1.81e-06,1.83e-06,1.75e-06,1.76e-06,47269207.0
1596250800000,1.75e-06,1.81e-06,1.75e-06,1.8e-06,35375633.0
1596254400000,1.8e-06,1.81e-06,1.75e-06,1.8e-06,34327207.0
1596258000000,1.81e-06,1.84e-06,1.74e-06,1.77e-06,67605794.0
1596261600000,1.77e-06,1.79e-06,1.75e-06,1.76e-06,42714747.0
1596265200000,1.77e-06,1.77e-06,1.74e-06,1.76e-06,26391780.0
1596268800000,1.75e-06,1.76e-06,1.63e-06,1.66e-06,138598021.0
1596272400000,1.66e-06,1.69e-06,1.62e-06,1.63e-06,82441365.0
1596276000000,1.63e-06,1.77e-06,1.54e-06,1.69e-06,351967780.0
1596279600000,1.7e-06,1.95e-06,1.68e-06,1.85e-06,306298387.0
1596283200000,1.85e-06,1.89e-06,1.79e-06,1.81e-06,116539094.0
1596286800000,1.82e-06,1.86e-06,1.74e-06,1.76e-06,79362808.0
1596290400000,1.76e-06,1.84e-06,1.74e-06,1.8e-06,77204212.0
1596294000000,1.8e-06,1.86e-06,1.79e-06,1.81e-06,118913565.0
1596297600000,1.81e-06,1.82e-06,1.74e-06,1.78e-06,50082584.0
1596301200000,1.78e-06,1.78e-06,1.7e-06,1.71e-06,53552348.0
1596304800000,1.71e-06,1.76e-06,1.7e-06,1.74e-06,47686658.0
1596308400000,1.74e-06,1.75e-06,1.66e-06,1.69e-06,61736332.0
1596312000000,1.69e-06,1.72e-06,1.67e-06,1.69e-06,33619412.0
1596315600000,1.69e-06,1.77e-06,1.68e-06,1.75e-06,39823174.0
1596319200000,1.75e-06,1.78e-06,1.74e-06,1.76e-06,19728339.0
1596322800000,1.76e-06,1.79e-06,1.75e-06,1.77e-06,14662145.0
1596326400000,1.76e-06,1.78e-06,1.72e-06,1.77e-06,16762047.0
1596330000000,1.77e-06,1.77e-06,1.71e-06,1.71e-06,21090814.0
1596333600000,1.71e-06,1.74e-06,1.69e-06,1.7e-06,20557593.0
1596337200000,1.7e-06,1.74e-06,1.67e-06,1.68e-06,32702933.0
1596340800000,1.69e-06,1.78e-06,1.65e-06,1.69e-06,94884256.0
1596344400000,1.69e-06,1.75e-06,1.66e-06,1.71e-06,40866328.0
1596348000000,1.71e-06,1.82e-06,1.68e-06,1.75e-06,76092703.0
1596351600000,1.75e-06,1.79e-06,1.72e-06,1.77e-06,32629896.0
1596355200000,1.77e-06,1.81e-06,1.77e-06,1.78e-06,27506680.0
1596358800000,1.78e-06,1.92e-06,1.77e-06,1.86e-06,125947245.0
1596362400000,1.86e-06,1.97e-06,1.85e-06,1.95e-06,158937150.0
1596366000000,1.95e-06,1.95e-06,1.82e-06,1.87e-06,84692603.0
1596369600000,1.88e-06,1.88e-06,1.82e-06,1.86e-06,74233063.0
1596373200000,1.85e-06,1.86e-06,1.81e-06,1.86e-06,21699827.0
1596376800000,1.85e-06,1.89e-06,1.85e-06,1.86e-06,29219586.0
1596380400000,1.85e-06,1.87e-06,1.82e-06,1.84e-06,23952631.0
1596384000000,1.85e-06,1.87e-06,1.81e-06,1.84e-06,32554341.0
1596387600000,1.84e-06,1.84e-06,1.79e-06,1.81e-06,23677801.0
1596391200000,1.81e-06,1.83e-06,1.79e-06,1.8e-06,21697433.0
1596394800000,1.8e-06,1.84e-06,1.8e-06,1.83e-06,16496486.0
1596398400000,1.82e-06,1.89e-06,1.82e-06,1.85e-06,40953744.0
1596402000000,1.86e-06,1.88e-06,1.83e-06,1.85e-06,20189656.0
1596405600000,1.85e-06,1.86e-06,1.82e-06,1.85e-06,37756767.0
1596409200000,1.84e-06,1.86e-06,1.83e-06,1.85e-06,14741961.0
1596412800000,1.84e-06,1.87e-06,1.83e-06,1.84e-06,12027522.0
1596416400000,1.84e-06,1.9e-06,1.83e-06,1.89e-06,23673356.0
1596420000000,1.9e-06,1.92e-06,1.87e-06,1.88e-06,27723555.0
1596423600000,1.87e-06,1.89e-06,1.85e-06,1.87e-06,24299548.0
1596427200000,1.87e-06,1.91e-06,1.85e-06,1.89e-06,12861613.0
1596430800000,1.9e-06,1.91e-06,1.86e-06,1.9e-06,13872951.0
1596434400000,1.89e-06,1.93e-06,1.89e-06,1.9e-06,22041298.0
1596438000000,1.9e-06,1.93e-06,1.89e-06,1.92e-06,18063854.0
1596441600000,1.91e-06,1.94e-06,1.9e-06,1.93e-06,18459289.0
1596445200000,1.93e-06,1.98e-06,1.91e-06,1.93e-06,56342988.0
1596448800000,1.92e-06,1.94e-06,1.88e-06,1.88e-06,93140956.0
1596452400000,1.88e-06,1.91e-06,1.87e-06,1.91e-06,32845306.0
1596456000000,1.91e-06,1.93e-06,1.89e-06,1.92e-06,16806663.0
1596459600000,1.92e-06,1.94e-06,1.91e-06,1.91e-06,24076751.0
1596463200000,1.91e-06,1.93e-06,1.87e-06,1.89e-06,23290425.0
1596466800000,1.89e-06,1.89e-06,1.8e-06,1.85e-06,53481907.0
1596470400000,1.85e-06,1.85e-06,1.8e-06,1.83e-06,34605796.0
1596474000000,1.83e-06,1.85e-06,1.82e-06,1.83e-06,14488162.0
1596477600000,1.83e-06,1.85e-06,1.82e-06,1.84e-06,6966473.0
1596481200000,1.84e-06,1.87e-06,1.83e-06,1.85e-06,13958734.0
1596484800000,1.85e-06,1.86e-06,1.83e-06,1.84e-06,8939343.0
1596488400000,1.83e-06,1.85e-06,1.81e-06,1.84e-06,19167733.0
1596492000000,1.84e-06,1.85e-06,1.82e-06,1.84e-06,20094261.0
1596495600000,1.84e-06,1.84e-06,1.81e-06,1.83e-06,17380233.0
1596499200000,1.82e-06,1.86e-06,1.82e-06,1.85e-06,10337083.0
1596502800000,1.86e-06,1.86e-06,1.83e-06,1.84e-06,8774931.0
1596506400000,1.84e-06,1.86e-06,1.83e-06,1.85e-06,7297179.0
1596510000000,1.85e-06,1.85e-06,1.83e-06,1.85e-06,6856374.0
1596513600000,1.85e-06,1.85e-06,1.82e-06,1.83e-06,7156200.0
1596517200000,1.83e-06,1.88e-06,1.82e-06,1.86e-06,21443318.0
1596520800000,1.86e-06,1.88e-06,1.85e-06,1.87e-06,16083737.0
1596524400000,1.88e-06,1.88e-06,1.85e-06,1.88e-06,17420982.0
1596528000000,1.88e-06,1.91e-06,1.86e-06,1.89e-06,33319020.0
1596531600000,1.89e-06,1.91e-06,1.87e-06,1.89e-06,22690600.0
1596535200000,1.89e-06,1.89e-06,1.87e-06,1.89e-06,11624602.0
1596538800000,1.89e-06,1.94e-06,1.87e-06,1.92e-06,33886016.0
1596542400000,1.91e-06,1.95e-06,1.91e-06,1.92e-06,28943113.0
1596546000000,1.92e-06,1.93e-06,1.89e-06,1.9e-06,19429270.0
1596549600000,1.9e-06,1.9e-06,1.87e-06,1.89e-06,22201569.0
1596553200000,1.9e-06,1.9e-06,1.88e-06,1.89e-06,11662499.0
1596556800000,1.89e-06,1.92e-06,1.88e-06,1.9e-06,13432073.0
1596560400000,1.89e-06,1.9e-06,1.88e-06,1.89e-06,9746222.0
1596564000000,1.89e-06,1.91e-06,1.88e-06,1.9e-06,9302417.0
1596567600000,1.9e-06,1.92e-06,1.89e-06,1.92e-06,18916923.0
1596571200000,1.91e-06,1.92e-06,1.89e-06,1.91e-06,8831418.0
1596574800000,1.91e-06,1.93e-06,1.9e-06,1.9e-06,9947884.0
1596578400000,1.9e-06,1.92e-06,1.89e-06,1.9e-06,8697200.0
1596582000000,1.9e-06,1.91e-06,1.88e-06,1.89e-06,12270787.0
1596585600000,1.9e-06,1.9e-06,1.88e-06,1.89e-06,6401053.0
1596589200000,1.89e-06,1.91e-06,1.88e-06,1.91e-06,9800401.0
1596592800000,1.91e-06,1.92e-06,1.89e-06,1.91e-06,7830982.0
1596596400000,1.91e-06,1.92e-06,1.89e-06,1.91e-06,14689397.0
1596600000000,1.9e-06,1.92e-06,1.89e-06,1.9e-06,13793521.0
1596603600000,1.91e-06,1.92e-06,1.89e-06,1.91e-06,11406560.0
1596607200000,1.91e-06,1.91e-06,1.87e-06,1.89e-06,17581194.0
1596610800000,1.89e-06,1.89e-06,1.86e-06,1.88e-06,13517660.0
1596614400000,1.88e-06,1.92e-06,1.88e-06,1.89e-06,16948371.0
1596618000000,1.9e-06,1.91e-06,1.87e-06,1.88e-06,12578223.0
1596621600000,1.88e-06,1.89e-06,1.86e-06,1.86e-06,14956490.0
1596625200000,1.87e-06,1.87e-06,1.83e-06,1.86e-06,31212229.0
1596628800000,1.86e-06,1.86e-06,1.8e-06,1.82e-06,46771949.0
1596632400000,1.81e-06,1.82e-06,1.77e-06,1.78e-06,54194262.0
1596636000000,1.79e-06,1.84e-06,1.78e-06,1.82e-06,39879929.0
1596639600000,1.82e-06,1.83e-06,1.78e-06,1.8e-06,25729911.0
1596643200000,1.8e-06,1.8e-06,1.76e-06,1.78e-06,22417793.0
1596646800000,1.77e-06,1.8e-06,1.77e-06,1.79e-06,10739665.0
1596650400000,1.79e-06,1.79e-06,1.77e-06,1.78e-06,9062758.0
1596654000000,1.78e-06,1.79e-06,1.77e-06,1.79e-06,8302811.0
1596657600000,1.79e-06,1.8e-06,1.77e-06,1.78e-06,12235813.0
1596661200000,1.78e-06,1.78e-06,1.72e-06,1.74e-06,28728900.0
1596664800000,1.73e-06,1.78e-06,1.73e-06,1.77e-06,18270653.0
1596668400000,1.77e-06,1.79e-06,1.76e-06,1.78e-06,6290439.0
1596672000000,1.77e-06,1.78e-06,1.75e-06,1.77e-06,7198878.0
1596675600000,1.77e-06,1.79e-06,1.76e-06,1.78e-06,12063978.0
1596679200000,1.78e-06,1.8e-06,1.77e-06,1.78e-06,9405220.0
1596682800000,1.78e-06,1.8e-06,1.77e-06,1.78e-06,7453079.0
1596686400000,1.79e-06,1.81e-06,1.78e-06,1.8e-06,8619167.0
1596690000000,1.8e-06,1.82e-06,1.79e-06,1.81e-06,9014218.0
1596693600000,1.81e-06,1.83e-06,1.8e-06,1.82e-06,15350722.0
1596697200000,1.82e-06,1.85e-06,1.8e-06,1.83e-06,16514893.0
1596700800000,1.83e-06,1.84e-06,1.78e-06,1.81e-06,12786004.0
1596704400000,1.8e-06,1.81e-06,1.79e-06,1.8e-06,11210427.0
1596708000000,1.8e-06,1.81e-06,1.77e-06,1.8e-06,14019734.0
1596711600000,1.8e-06,1.83e-06,1.79e-06,1.82e-06,17219805.0
1596715200000,1.82e-06,1.82e-06,1.79e-06,1.8e-06,16191318.0
1596718800000,1.8e-06,1.81e-06,1.76e-06,1.77e-06,19582828.0
1596722400000,1.77e-06,1.8e-06,1.76e-06,1.79e-06,15093935.0
1596726000000,1.79e-06,1.79e-06,1.76e-06,1.78e-06,15722124.0
1596729600000,1.77e-06,1.77e-06,1.73e-06,1.76e-06,22277762.0
1596733200000,1.75e-06,1.77e-06,1.74e-06,1.75e-06,8825593.0
1596736800000,1.75e-06,1.77e-06,1.74e-06,1.75e-06,10966400.0
1596740400000,1.76e-06,1.76e-06,1.73e-06,1.75e-06,13991924.0
1596744000000,1.74e-06,1.76e-06,1.74e-06,1.75e-06,12787246.0
1596747600000,1.76e-06,1.8e-06,1.75e-06,1.8e-06,13854741.0
1596751200000,1.79e-06,1.8e-06,1.78e-06,1.79e-06,10445544.0
1596754800000,1.8e-06,1.82e-06,1.79e-06,1.82e-06,23487534.0
1596758400000,1.82e-06,1.83e-06,1.79e-06,1.8e-06,11586322.0
1596762000000,1.81e-06,1.81e-06,1.79e-06,1.8e-06,9536643.0
1596765600000,1.8e-06,1.81e-06,1.78e-06,1.8e-06,6120146.0
1596769200000,1.8e-06,1.82e-06,1.79e-06,1.81e-06,7687318.0
1596772800000,1.82e-06,1.84e-06,1.81e-06,1.84e-06,14977494.0
1596776400000,1.83e-06,1.85e-06,1.83e-06,1.84e-06,10250327.0
1596780000000,1.85e-06,1.85e-06,1.81e-06,1.83e-06,13525900.0
1596783600000,1.82e-06,1.85e-06,1.82e-06,1.83e-06,9935776.0
1596787200000,1.84e-06,1.97e-06,1.83e-06,1.95e-06,91306683.0
1596790800000,1.95e-06,2.03e-06,1.91e-06,2.02e-06,96690814.0
1596794400000,2.03e-06,2.12e-06,2.01e-06,2.05e-06,199184343.0
1596798000000,2.05e-06,2.12e-06,2.03e-06,2.04e-06,83668913.0
1596801600000,2.04e-06,2.06e-06,2.01e-06,2.03e-06,85423801.0
1596805200000,2.04e-06,2.05e-06,1.98e-06,2.02e-06,51111748.0
1596808800000,2.01e-06,2.03e-06,1.96e-06,2.01e-06,72492910.0
1596812400000,2.01e-06,2.05e-06,2e-06,2.02e-06,39003145.0
1596816000000,2.03e-06,2.09e-06,2.02e-06,2.06e-06,34165423.0
1596819600000,2.06e-06,2.09e-06,2.01e-06,2.04e-06,74316385.0
1596823200000,2.03e-06,2.05e-06,2e-06,2.03e-06,42864174.0
1596826800000,2.04e-06,2.06e-06,2.03e-06,2.04e-06,16724191.0
1596830400000,2.04e-06,2.14e-06,2.02e-06,2.12e-06,74794680.0
1596834000000,2.13e-06,2.13e-06,2.08e-06,2.09e-06,32066946.0
1596837600000,2.09e-06,2.12e-06,2.06e-06,2.12e-06,28750148.0
1596841200000,2.12e-06,2.13e-06,2.09e-06,2.11e-06,26391910.0
1596844800000,2.11e-06,2.12e-06,2.06e-06,2.08e-06,18187559.0
1596848400000,2.07e-06,2.09e-06,2.05e-06,2.06e-06,13219892.0
1596852000000,2.06e-06,2.06e-06,2.04e-06,2.05e-06,15272518.0
1596855600000,2.05e-06,2.09e-06,2.02e-06,2.09e-06,10245983.0
1596859200000,2.09e-06,2.09e-06,2.03e-06,2.04e-06,8577499.0
1596862800000,2.03e-06,2.06e-06,2.02e-06,2.02e-06,11856946.0
1596866400000,2.02e-06,2.07e-06,2.02e-06,2.07e-06,16372283.0
1596870000000,2.07e-06,2.1e-06,2.06e-06,2.08e-06,19891743.0
1596873600000,2.08e-06,2.08e-06,2.04e-06,2.06e-06,14744854.0
1596877200000,2.06e-06,2.06e-06,2.02e-06,2.02e-06,15432740.0
1596880800000,2.02e-06,2.04e-06,1.98e-06,1.99e-06,34799337.0
1596884400000,2e-06,2e-06,1.94e-06,1.98e-06,54030347.0
1596888000000,1.98e-06,2.02e-06,1.97e-06,2.01e-06,27835760.0
1596891600000,2e-06,2.02e-06,1.97e-06,1.98e-06,15297449.0
1596895200000,1.98e-06,2e-06,1.96e-06,1.98e-06,18550848.0
1596898800000,1.97e-06,1.98e-06,1.94e-06,1.97e-06,28719405.0
1596902400000,1.96e-06,1.97e-06,1.92e-06,1.95e-06,31920112.0
1596906000000,1.95e-06,1.98e-06,1.94e-06,1.97e-06,17001377.0
1596909600000,1.96e-06,2e-06,1.96e-06,1.99e-06,18703638.0
1596913200000,1.99e-06,1.99e-06,1.94e-06,1.94e-06,22805909.0
1596916800000,1.94e-06,1.99e-06,1.94e-06,1.98e-06,20600088.0
1596920400000,1.97e-06,2e-06,1.97e-06,2e-06,12904365.0
1596924000000,2e-06,2.01e-06,1.97e-06,1.98e-06,12384927.0
1596927600000,1.98e-06,2.04e-06,1.97e-06,2e-06,32364805.0
1596931200000,2.01e-06,2.01e-06,1.98e-06,2e-06,11214164.0
1596934800000,1.99e-06,2.01e-06,1.98e-06,1.99e-06,7928576.0
1596938400000,1.99e-06,2.03e-06,1.98e-06,2.01e-06,8532806.0
1596942000000,2.01e-06,2.05e-06,2e-06,2.05e-06,17064810.0
1596945600000,2.04e-06,2.05e-06,2e-06,2.01e-06,10306985.0
1596949200000,2e-06,2.02e-06,1.98e-06,1.99e-06,12578180.0
1596952800000,1.99e-06,2.01e-06,1.98e-06,1.99e-06,10084250.0
1596956400000,2e-06,2.01e-06,1.96e-06,1.98e-06,15753989.0
1596960000000,1.98e-06,1.98e-06,1.96e-06,1.98e-06,16515582.0
1596963600000,1.97e-06,1.98e-06,1.96e-06,1.97e-06,16466977.0
1596967200000,1.97e-06,1.98e-06,1.96e-06,1.97e-06,13158283.0
1596970800000,1.96e-06,1.98e-06,1.95e-06,1.97e-06,21852435.0
1596974400000,1.97e-06,2e-06,1.96e-06,1.97e-06,18385266.0
1596978000000,1.97e-06,1.97e-06,1.95e-06,1.96e-06,16559941.0
1596981600000,1.96e-06,1.97e-06,1.92e-06,1.96e-06,18652975.0
1596985200000,1.96e-06,1.97e-06,1.94e-06,1.95e-06,8563637.0
1596988800000,1.95e-06,1.96e-06,1.92e-06,1.93e-06,17930064.0
1596992400000,1.92e-06,1.94e-06,1.89e-06,1.91e-06,37175114.0
1596996000000,1.91e-06,1.94e-06,1.89e-06,1.93e-06,23006913.0
1596999600000,1.93e-06,1.97e-06,1.92e-06,1.96e-06,24251963.0
1597003200000,1.95e-06,1.99e-06,1.95e-06,1.95e-06,20300749.0
1597006800000,1.96e-06,1.96e-06,1.93e-06,1.93e-06,10833378.0
1597010400000,1.94e-06,1.95e-06,1.93e-06,1.94e-06,8470344.0
1597014000000,1.93e-06,1.94e-06,1.91e-06,1.92e-06,12993561.0
1597017600000,1.93e-06,1.93e-06,1.89e-06,1.89e-06,16624401.0
1597021200000,1.9e-06,1.91e-06,1.85e-06,1.85e-06,25465073.0
1597024800000,1.86e-06,1.86e-06,1.78e-06,1.8e-06,38959054.0
1597028400000,1.8e-06,1.82e-06,1.79e-06,1.8e-06,27206818.0
1597032000000,1.8e-06,1.8e-06,1.75e-06,1.8e-06,50847119.0
1597035600000,1.8e-06,1.83e-06,1.78e-06,1.81e-06,20434268.0
1597039200000,1.82e-06,2e-06,1.81e-06,1.91e-06,95495841.0
1597042800000,1.91e-06,1.93e-06,1.88e-06,1.9e-06,31985922.0
1597046400000,1.9e-06,1.92e-06,1.85e-06,1.86e-06,27781088.0
1597050000000,1.87e-06,1.88e-06,1.81e-06,1.87e-06,40136917.0
1597053600000,1.86e-06,1.97e-06,1.86e-06,1.94e-06,69404459.0
1597057200000,1.93e-06,1.98e-06,1.92e-06,1.96e-06,28749589.0
1597060800000,1.96e-06,1.96e-06,1.92e-06,1.94e-06,17415607.0
1597064400000,1.94e-06,2.1e-06,1.94e-06,2.02e-06,210641397.0
1597068000000,2.02e-06,2.07e-06,2e-06,2.04e-06,59981303.0
1597071600000,2.03e-06,2.05e-06,1.98e-06,2.03e-06,55955461.0
1597075200000,2.03e-06,2.04e-06,2e-06,2.03e-06,23249504.0
1597078800000,2.02e-06,2.06e-06,2.02e-06,2.03e-06,25204550.0
1597082400000,2.03e-06,2.03e-06,2e-06,2.01e-06,18595303.0
1597086000000,2.02e-06,2.02e-06,1.99e-06,2.01e-06,20501552.0
1597089600000,2.01e-06,2.02e-06,1.96e-06,1.97e-06,16427340.0
1597093200000,1.97e-06,2.01e-06,1.96e-06,2.01e-06,15049239.0
1597096800000,2e-06,2.02e-06,1.99e-06,2.01e-06,10457911.0
1597100400000,2.02e-06,2.02e-06,2e-06,2e-06,6979781.0
1597104000000,2.01e-06,2.03e-06,1.99e-06,2e-06,15213839.0
1597107600000,2.01e-06,2.01e-06,1.95e-06,1.95e-06,12707899.0
1597111200000,1.95e-06,1.97e-06,1.95e-06,1.97e-06,8612922.0
1597114800000,1.96e-06,1.99e-06,1.96e-06,1.97e-06,6834866.0
1597118400000,1.97e-06,1.98e-06,1.96e-06,1.97e-06,6598916.0
1597122000000,1.98e-06,1.98e-06,1.95e-06,1.96e-06,11519145.0
1597125600000,1.96e-06,2.03e-06,1.96e-06,2e-06,21640905.0
1597129200000,2e-06,2.03e-06,1.98e-06,2.01e-06,13859051.0
1597132800000,2e-06,2.01e-06,1.98e-06,1.99e-06,9329442.0
1597136400000,1.99e-06,1.99e-06,1.97e-06,1.98e-06,9543906.0
1597140000000,1.98e-06,2e-06,1.93e-06,1.94e-06,21727947.0
1597143600000,1.93e-06,1.97e-06,1.93e-06,1.94e-06,14728029.0
1597147200000,1.93e-06,2.02e-06,1.93e-06,2.01e-06,47639411.0
1597150800000,2.01e-06,2.01e-06,1.91e-06,1.94e-06,45761988.0
1597154400000,1.94e-06,1.98e-06,1.93e-06,1.96e-06,17577653.0
1597158000000,1.97e-06,1.97e-06,1.92e-06,1.93e-06,16722136.0
1597161600000,1.93e-06,1.95e-06,1.89e-06,1.92e-06,32413817.0
1597165200000,1.93e-06,1.96e-06,1.92e-06,1.96e-06,11623416.0
1597168800000,1.96e-06,1.96e-06,1.91e-06,1.92e-06,15328942.0
1597172400000,1.92e-06,1.94e-06,1.91e-06,1.93e-06,8169856.0
1597176000000,1.93e-06,1.93e-06,1.84e-06,1.9e-06,35879571.0
1597179600000,1.9e-06,1.9e-06,1.87e-06,1.89e-06,9317572.0
1597183200000,1.9e-06,1.95e-06,1.89e-06,1.93e-06,13486731.0
1597186800000,1.93e-06,1.94e-06,1.92e-06,1.93e-06,4476262.0
1597190400000,1.93e-06,1.93e-06,1.8e-06,1.82e-06,41440979.0
1597194000000,1.83e-06,1.86e-06,1.82e-06,1.86e-06,13018789.0
1597197600000,1.86e-06,1.86e-06,1.81e-06,1.84e-06,15279239.0
1597201200000,1.85e-06,1.86e-06,1.84e-06,1.85e-06,9876519.0
1597204800000,1.85e-06,1.88e-06,1.85e-06,1.86e-06,10570064.0
1597208400000,1.87e-06,1.9e-06,1.86e-06,1.87e-06,12055500.0
1597212000000,1.88e-06,1.88e-06,1.84e-06,1.85e-06,16972615.0
1597215600000,1.85e-06,1.88e-06,1.83e-06,1.85e-06,18187423.0
1597219200000,1.84e-06,1.91e-06,1.83e-06,1.9e-06,28338548.0
1597222800000,1.89e-06,1.9e-06,1.86e-06,1.87e-06,12611792.0
1597226400000,1.87e-06,1.93e-06,1.87e-06,1.89e-06,20493963.0
1597230000000,1.9e-06,1.91e-06,1.88e-06,1.89e-06,15601552.0
1597233600000,1.89e-06,1.9e-06,1.86e-06,1.9e-06,15928910.0
1597237200000,1.89e-06,1.9e-06,1.86e-06,1.88e-06,12894969.0
1597240800000,1.87e-06,1.92e-06,1.87e-06,1.92e-06,24666911.0
1597244400000,1.92e-06,1.92e-06,1.89e-06,1.91e-06,14463863.0
1597248000000,1.91e-06,1.91e-06,1.89e-06,1.9e-06,11790730.0
1597251600000,1.9e-06,1.91e-06,1.89e-06,1.9e-06,9554153.0
1597255200000,1.9e-06,1.9e-06,1.88e-06,1.89e-06,6401254.0
1597258800000,1.88e-06,1.9e-06,1.88e-06,1.88e-06,7841150.0
1597262400000,1.89e-06,1.93e-06,1.88e-06,1.92e-06,22611633.0
1597266000000,1.91e-06,1.92e-06,1.9e-06,1.91e-06,7136639.0
1597269600000,1.92e-06,1.92e-06,1.88e-06,1.89e-06,10374126.0
1597273200000,1.9e-06,1.91e-06,1.88e-06,1.9e-06,14184981.0
1597276800000,1.9e-06,1.9e-06,1.86e-06,1.87e-06,9953910.0
1597280400000,1.88e-06,1.91e-06,1.87e-06,1.89e-06,6527978.0
1597284000000,1.89e-06,1.91e-06,1.87e-06,1.89e-06,6050091.0
1597287600000,1.89e-06,1.91e-06,1.88e-06,1.91e-06,3772598.0
1597291200000,1.91e-06,1.91e-06,1.88e-06,1.89e-06,6999969.0
1597294800000,1.89e-06,1.9e-06,1.88e-06,1.89e-06,8750391.0
1597298400000,1.88e-06,1.9e-06,1.88e-06,1.89e-06,13032247.0
1597302000000,1.9e-06,1.91e-06,1.89e-06,1.9e-06,14893174.0
1597305600000,1.9e-06,1.9e-06,1.85e-06,1.87e-06,17775993.0
1597309200000,1.86e-06,1.88e-06,1.83e-06,1.88e-06,17545373.0
1597312800000,1.88e-06,1.89e-06,1.87e-06,1.88e-06,10399990.0
1597316400000,1.87e-06,1.9e-06,1.86e-06,1.89e-06,13526920.0
1597320000000,1.89e-06,1.91e-06,1.87e-06,1.89e-06,19459315.0
1597323600000,1.89e-06,1.9e-06,1.88e-06,1.89e-06,8713783.0
1597327200000,1.89e-06,1.9e-06,1.87e-06,1.89e-06,10636166.0
1597330800000,1.89e-06,1.89e-06,1.84e-06,1.86e-06,23050384.0
1597334400000,1.86e-06,1.86e-06,1.84e-06,1.86e-06,23518752.0
1597338000000,1.86e-06,1.87e-06,1.85e-06,1.85e-06,13442043.0
1597341600000,1.85e-06,1.89e-06,1.85e-06,1.87e-06,16424852.0
1597345200000,1.87e-06,1.88e-06,1.86e-06,1.86e-06,7176538.0
1597348800000,1.87e-06,1.88e-06,1.84e-06,1.85e-06,16214320.0
1597352400000,1.84e-06,1.86e-06,1.81e-06,1.82e-06,28799014.0
1597356000000,1.81e-06,1.83e-06,1.76e-06,1.8e-06,41464553.0
1597359600000,1.8e-06,1.8e-06,1.72e-06,1.75e-06,33237208.0
1597363200000,1.75e-06,1.78e-06,1.71e-06,1.78e-06,21492284.0
1597366800000,1.78e-06,1.8e-06,1.77e-06,1.78e-06,10095436.0
1597370400000,1.78e-06,1.8e-06,1.77e-06,1.79e-06,8140406.0
1597374000000,1.79e-06,1.79e-06,1.76e-06,1.78e-06,10197579.0
1597377600000,1.77e-06,1.79e-06,1.75e-06,1.77e-06,16924195.0
1597381200000,1.76e-06,1.78e-06,1.75e-06,1.77e-06,11776757.0
1597384800000,1.77e-06,1.84e-06,1.76e-06,1.83e-06,24169964.0
1597388400000,1.83e-06,1.85e-06,1.8e-06,1.81e-06,17521248.0
1597392000000,1.8e-06,1.87e-06,1.78e-06,1.86e-06,28307756.0
1597395600000,1.85e-06,1.87e-06,1.85e-06,1.86e-06,14710570.0
1597399200000,1.85e-06,1.86e-06,1.82e-06,1.84e-06,20902408.0
1597402800000,1.84e-06,1.84e-06,1.8e-06,1.82e-06,16079068.0
1597406400000,1.82e-06,1.87e-06,1.81e-06,1.86e-06,31876801.0
1597410000000,1.86e-06,1.9e-06,1.85e-06,1.88e-06,41389122.0
1597413600000,1.88e-06,1.89e-06,1.85e-06,1.87e-06,20879769.0
1597417200000,1.87e-06,1.9e-06,1.86e-06,1.87e-06,23323525.0
1597420800000,1.86e-06,1.88e-06,1.82e-06,1.86e-06,33642420.0
1597424400000,1.86e-06,1.87e-06,1.83e-06,1.85e-06,13255829.0
1597428000000,1.84e-06,1.85e-06,1.82e-06,1.83e-06,12423735.0
1597431600000,1.82e-06,1.85e-06,1.82e-06,1.84e-06,11419390.0
1597435200000,1.83e-06,1.84e-06,1.81e-06,1.83e-06,11024223.0
1597438800000,1.84e-06,1.84e-06,1.82e-06,1.84e-06,9154403.0
1597442400000,1.84e-06,1.84e-06,1.81e-06,1.82e-06,7733249.0
1597446000000,1.82e-06,1.84e-06,1.81e-06,1.83e-06,5629085.0
1597449600000,1.82e-06,1.83e-06,1.75e-06,1.77e-06,26420660.0
1597453200000,1.77e-06,1.79e-06,1.76e-06,1.78e-06,5591976.0
1597456800000,1.78e-06,1.79e-06,1.75e-06,1.77e-06,10172762.0
1597460400000,1.77e-06,1.78e-06,1.76e-06,1.76e-06,5240057.0
1597464000000,1.76e-06,1.8e-06,1.74e-06,1.8e-06,13139327.0
1597467600000,1.79e-06,1.81e-06,1.79e-06,1.8e-06,6543386.0
1597471200000,1.81e-06,1.81e-06,1.78e-06,1.8e-06,11132209.0
1597474800000,1.8e-06,1.8e-06,1.76e-06,1.76e-06,11914542.0
1597478400000,1.77e-06,1.79e-06,1.74e-06,1.77e-06,19762544.0
1597482000000,1.77e-06,1.77e-06,1.75e-06,1.76e-06,9495529.0
1597485600000,1.76e-06,1.78e-06,1.74e-06,1.78e-06,12513953.0
1597489200000,1.78e-06,1.87e-06,1.75e-06,1.83e-06,69361319.0
1597492800000,1.83e-06,1.84e-06,1.79e-06,1.79e-06,29316640.0
1597496400000,1.79e-06,1.81e-06,1.78e-06,1.8e-06,17509972.0
1597500000000,1.8e-06,1.8e-06,1.78e-06,1.79e-06,10253973.0
1597503600000,1.8e-06,1.8e-06,1.78e-06,1.8e-06,9970424.0
1597507200000,1.8e-06,1.8e-06,1.77e-06,1.77e-06,11175441.0
1597510800000,1.78e-06,1.79e-06,1.77e-06,1.78e-06,8377208.0
1597514400000,1.78e-06,1.79e-06,1.77e-06,1.77e-06,9507097.0
1597518000000,1.78e-06,1.78e-06,1.75e-06,1.77e-06,11177395.0
1597521600000,1.76e-06,1.78e-06,1.75e-06,1.76e-06,7460339.0
1597525200000,1.76e-06,1.77e-06,1.72e-06,1.76e-06,18182601.0
1597528800000,1.75e-06,1.76e-06,1.74e-06,1.76e-06,10134813.0
1597532400000,1.76e-06,1.78e-06,1.75e-06,1.77e-06,5259053.0
1597536000000,1.76e-06,1.79e-06,1.76e-06,1.79e-06,5167903.0
1597539600000,1.79e-06,1.8e-06,1.77e-06,1.78e-06,8504146.0
1597543200000,1.78e-06,1.79e-06,1.77e-06,1.78e-06,5690017.0
1597546800000,1.78e-06,1.79e-06,1.76e-06,1.76e-06,4034732.0
1597550400000,1.76e-06,1.78e-06,1.75e-06,1.76e-06,4582116.0
1597554000000,1.76e-06,1.77e-06,1.75e-06,1.77e-06,6727958.0
1597557600000,1.77e-06,1.77e-06,1.75e-06,1.76e-06,5784261.0
1597561200000,1.76e-06,1.79e-06,1.74e-06,1.78e-06,13570309.0
1597564800000,1.78e-06,1.79e-06,1.74e-06,1.77e-06,13963243.0
1597568400000,1.76e-06,1.8e-06,1.75e-06,1.76e-06,22966773.0
1597572000000,1.77e-06,1.78e-06,1.75e-06,1.77e-06,12243152.0
1597575600000,1.77e-06,1.78e-06,1.75e-06,1.76e-06,7664120.0
1597579200000,1.76e-06,1.77e-06,1.74e-06,1.76e-06,10022846.0
1597582800000,1.75e-06,1.76e-06,1.74e-06,1.75e-06,7721227.0
1597586400000,1.74e-06,1.76e-06,1.74e-06,1.75e-06,5858652.0
1597590000000,1.75e-06,1.76e-06,1.74e-06,1.75e-06,6825270.0
1597593600000,1.75e-06,1.76e-06,1.74e-06,1.75e-06,12507427.0
1597597200000,1.75e-06,1.76e-06,1.74e-06,1.75e-06,5864085.0
1597600800000,1.75e-06,1.76e-06,1.73e-06,1.75e-06,11900823.0
1597604400000,1.75e-06,1.76e-06,1.74e-06,1.74e-06,12998645.0
1597608000000,1.74e-06,1.75e-06,1.73e-06,1.74e-06,9886987.0
1597611600000,1.75e-06,1.75e-06,1.73e-06,1.75e-06,13609332.0
1597615200000,1.74e-06,1.78e-06,1.74e-06,1.76e-06,12807399.0
1597618800000,1.75e-06,1.76e-06,1.74e-06,1.75e-06,4640868.0
1597622400000,1.75e-06,1.76e-06,1.74e-06,1.76e-06,6870133.0
1597626000000,1.76e-06,1.77e-06,1.75e-06,1.76e-06,9571629.0
1597629600000,1.76e-06,1.77e-06,1.75e-06,1.77e-06,4757167.0
1597633200000,1.77e-06,1.77e-06,1.74e-06,1.75e-06,8467162.0
1597636800000,1.75e-06,1.78e-06,1.74e-06,1.77e-06,9604163.0
1597640400000,1.77e-06,1.78e-06,1.75e-06,1.75e-06,9755629.0
1597644000000,1.76e-06,1.76e-06,1.75e-06,1.76e-06,6015183.0
1597647600000,1.76e-06,1.76e-06,1.74e-06,1.74e-06,10224102.0
1597651200000,1.74e-06,1.75e-06,1.73e-06,1.74e-06,11874444.0
1597654800000,1.75e-06,1.77e-06,1.74e-06,1.77e-06,24950219.0
1597658400000,1.77e-06,1.82e-06,1.75e-06,1.8e-06,44215003.0
1597662000000,1.8e-06,1.83e-06,1.79e-06,1.81e-06,35866167.0
1597665600000,1.81e-06,1.82e-06,1.77e-06,1.78e-06,32433062.0
1597669200000,1.78e-06,1.79e-06,1.58e-06,1.72e-06,95824157.0
1597672800000,1.72e-06,1.72e-06,1.62e-06,1.67e-06,54921572.0
1597676400000,1.67e-06,1.69e-06,1.58e-06,1.6e-06,63779584.0
1597680000000,1.6e-06,1.65e-06,1.6e-06,1.63e-06,52186197.0
1597683600000,1.64e-06,1.64e-06,1.61e-06,1.63e-06,16289711.0
1597687200000,1.63e-06,1.64e-06,1.61e-06,1.64e-06,16303356.0
1597690800000,1.63e-06,1.65e-06,1.62e-06,1.62e-06,17119309.0
1597694400000,1.63e-06,1.65e-06,1.61e-06,1.64e-06,15450266.0
1597698000000,1.64e-06,1.64e-06,1.62e-06,1.62e-06,10897687.0
1597701600000,1.63e-06,1.64e-06,1.61e-06,1.62e-06,10823273.0
1597705200000,1.61e-06,1.65e-06,1.61e-06,1.64e-06,9453981.0
1597708800000,1.63e-06,1.65e-06,1.62e-06,1.63e-06,7146748.0
1597712400000,1.62e-06,1.64e-06,1.61e-06,1.64e-06,7232949.0
1597716000000,1.64e-06,1.64e-06,1.59e-06,1.6e-06,17778131.0
1597719600000,1.6e-06,1.62e-06,1.58e-06,1.59e-06,14380484.0
1597723200000,1.6e-06,1.61e-06,1.59e-06,1.61e-06,12263387.0
1597726800000,1.61e-06,1.61e-06,1.58e-06,1.59e-06,10767044.0
1597730400000,1.59e-06,1.6e-06,1.56e-06,1.58e-06,33645876.0
1597734000000,1.59e-06,1.6e-06,1.57e-06,1.58e-06,13889804.0
1597737600000,1.58e-06,1.59e-06,1.56e-06,1.59e-06,21454855.0
1597741200000,1.59e-06,1.69e-06,1.58e-06,1.63e-06,89126096.0
1597744800000,1.63e-06,1.65e-06,1.6e-06,1.61e-06,20138561.0
1597748400000,1.61e-06,1.61e-06,1.58e-06,1.59e-06,21962950.0
1597752000000,1.58e-06,1.6e-06,1.58e-06,1.58e-06,10930390.0
1597755600000,1.58e-06,1.6e-06,1.56e-06,1.57e-06,26207410.0
1597759200000,1.57e-06,1.65e-06,1.55e-06,1.6e-06,67623160.0
1597762800000,1.6e-06,1.6e-06,1.57e-06,1.59e-06,25243767.0
1597766400000,1.59e-06,1.6e-06,1.57e-06,1.59e-06,13547907.0
1597770000000,1.59e-06,1.59e-06,1.55e-06,1.57e-06,22427747.0
1597773600000,1.56e-06,1.59e-06,1.55e-06,1.59e-06,12270999.0
1597777200000,1.59e-06,1.6e-06,1.56e-06,1.58e-06,17963663.0
1597780800000,1.57e-06,1.58e-06,1.56e-06,1.57e-06,12881765.0
1597784400000,1.57e-06,1.59e-06,1.56e-06,1.58e-06,8067101.0
1597788000000,1.59e-06,1.6e-06,1.56e-06,1.58e-06,10856714.0
1597791600000,1.57e-06,1.58e-06,1.56e-06,1.57e-06,11839516.0
1597795200000,1.57e-06,1.59e-06,1.56e-06,1.59e-06,6662015.0
1597798800000,1.59e-06,1.59e-06,1.57e-06,1.59e-06,5859466.0
1597802400000,1.59e-06,1.59e-06,1.55e-06,1.55e-06,14455162.0
1597806000000,1.55e-06,1.58e-06,1.55e-06,1.57e-06,8797619.0
1597809600000,1.56e-06,1.58e-06,1.49e-06,1.51e-06,42415622.0
1597813200000,1.51e-06,1.6e-06,1.5e-06,1.51e-06,40730849.0
1597816800000,1.52e-06,1.55e-06,1.5e-06,1.54e-06,17545943.0
1597820400000,1.54e-06,1.59e-06,1.53e-06,1.57e-06,22275220.0
1597824000000,1.57e-06,1.59e-06,1.55e-06,1.59e-06,14379072.0
1597827600000,1.58e-06,1.59e-06,1.57e-06,1.58e-06,11791631.0
1597831200000,1.58e-06,1.6e-06,1.57e-06,1.59e-06,12754401.0
1597834800000,1.59e-06,1.6e-06,1.58e-06,1.59e-06,5149714.0
1597838400000,1.59e-06,1.62e-06,1.58e-06,1.61e-06,16468251.0
1597842000000,1.61e-06,1.62e-06,1.57e-06,1.57e-06,21533928.0
1597845600000,1.57e-06,1.61e-06,1.57e-06,1.59e-06,11732272.0
1597849200000,1.6e-06,1.61e-06,1.58e-06,1.58e-06,10719349.0
1597852800000,1.58e-06,1.61e-06,1.57e-06,1.59e-06,17738650.0
1597856400000,1.59e-06,1.61e-06,1.58e-06,1.6e-06,10694184.0
1597860000000,1.6e-06,1.63e-06,1.59e-06,1.61e-06,19751653.0
1597863600000,1.61e-06,1.61e-06,1.58e-06,1.59e-06,15802882.0
1597867200000,1.58e-06,1.59e-06,1.53e-06,1.57e-06,29418565.0
1597870800000,1.57e-06,1.58e-06,1.55e-06,1.57e-06,6570109.0
1597874400000,1.56e-06,1.59e-06,1.56e-06,1.59e-06,6260626.0
1597878000000,1.59e-06,1.59e-06,1.54e-06,1.54e-06,11944799.0
1597881600000,1.55e-06,1.58e-06,1.54e-06,1.58e-06,8970914.0
1597885200000,1.58e-06,1.59e-06,1.57e-06,1.59e-06,4244429.0
1597888800000,1.59e-06,1.59e-06,1.58e-06,1.59e-06,2794049.0
1597892400000,1.58e-06,1.59e-06,1.57e-06,1.59e-06,3939246.0
1597896000000,1.59e-06,1.59e-06,1.58e-06,1.58e-06,5602308.0
1597899600000,1.58e-06,1.6e-06,1.58e-06,1.59e-06,9280769.0
1597903200000,1.6e-06,1.6e-06,1.58e-06,1.6e-06,6495502.0
1597906800000,1.59e-06,1.62e-06,1.59e-06,1.6e-06,10668103.0
1597910400000,1.6e-06,1.61e-06,1.58e-06,1.59e-06,8382414.0
1597914000000,1.59e-06,1.61e-06,1.59e-06,1.6e-06,10792496.0
1597917600000,1.6e-06,1.62e-06,1.59e-06,1.61e-06,12179622.0
1597921200000,1.61e-06,1.65e-06,1.6e-06,1.65e-06,21301994.0
1597924800000,1.65e-06,1.74e-06,1.64e-06,1.67e-06,91392714.0
1597928400000,1.67e-06,1.7e-06,1.65e-06,1.68e-06,41209361.0
1597932000000,1.68e-06,1.68e-06,1.64e-06,1.65e-06,22627874.0
1597935600000,1.65e-06,1.67e-06,1.64e-06,1.67e-06,15498028.0
1597939200000,1.66e-06,1.68e-06,1.63e-06,1.66e-06,16295130.0
1597942800000,1.66e-06,1.68e-06,1.65e-06,1.66e-06,13154705.0
1597946400000,1.66e-06,1.66e-06,1.63e-06,1.64e-06,13300754.0
1597950000000,1.65e-06,1.65e-06,1.63e-06,1.65e-06,7996227.0
1597953600000,1.65e-06,1.65e-06,1.63e-06,1.64e-06,12957292.0
1597957200000,1.65e-06,1.68e-06,1.64e-06,1.66e-06,11073719.0
1597960800000,1.67e-06,1.67e-06,1.61e-06,1.63e-06,21085310.0
1597964400000,1.63e-06,1.64e-06,1.61e-06,1.63e-06,11964020.0
1597968000000,1.63e-06,1.64e-06,1.62e-06,1.63e-06,4619636.0
1597971600000,1.63e-06,1.64e-06,1.62e-06,1.64e-06,7563676.0
1597975200000,1.63e-06,1.65e-06,1.62e-06,1.64e-06,9814957.0
1597978800000,1.64e-06,1.64e-06,1.6e-06,1.6e-06,14143809.0
1597982400000,1.61e-06,1.62e-06,1.6e-06,1.61e-06,6265943.0
1597986000000,1.62e-06,1.62e-06,1.6e-06,1.61e-06,9410471.0
1597989600000,1.61e-06,1.62e-06,1.6e-06,1.6e-06,7814025.0
1597993200000,1.61e-06,1.62e-06,1.59e-06,1.6e-06,11542251.0
1597996800000,1.6e-06,1.61e-06,1.59e-06,1.61e-06,8112373.0
1598000400000,1.61e-06,1.61e-06,1.57e-06,1.58e-06,21158536.0
1598004000000,1.58e-06,1.59e-06,1.56e-06,1.58e-06,13024478.0
1598007600000,1.58e-06,1.59e-06,1.55e-06,1.56e-06,10700783.0
1598011200000,1.56e-06,1.61e-06,1.54e-06,1.58e-06,21595682.0
1598014800000,1.59e-06,1.59e-06,1.56e-06,1.57e-06,13392006.0
1598018400000,1.58e-06,1.6e-06,1.56e-06,1.57e-06,19870529.0
1598022000000,1.57e-06,1.58e-06,1.56e-06,1.57e-06,9362355.0
1598025600000,1.57e-06,1.57e-06,1.56e-06,1.57e-06,7051232.0
1598029200000,1.56e-06,1.57e-06,1.54e-06,1.54e-06,12428749.0
1598032800000,1.55e-06,1.55e-06,1.51e-06,1.52e-06,24309729.0
1598036400000,1.52e-06,1.55e-06,1.51e-06,1.53e-06,10233551.0
1598040000000,1.53e-06,1.53e-06,1.51e-06,1.52e-06,9015989.0
1598043600000,1.53e-06,1.53e-06,1.49e-06,1.52e-06,19888549.0
1598047200000,1.52e-06,1.52e-06,1.49e-06,1.52e-06,10406771.0
1598050800000,1.52e-06,1.52e-06,1.5e-06,1.51e-06,5394373.0
1598054400000,1.51e-06,1.51e-06,1.44e-06,1.44e-06,32050590.0
1598058000000,1.45e-06,1.49e-06,1.43e-06,1.48e-06,12586261.0
1598061600000,1.49e-06,1.49e-06,1.45e-06,1.46e-06,5555794.0
1598065200000,1.46e-06,1.51e-06,1.46e-06,1.51e-06,5855660.0
1598068800000,1.5e-06,1.52e-06,1.45e-06,1.46e-06,11316496.0
1598072400000,1.46e-06,1.5e-06,1.46e-06,1.5e-06,5959531.0
1598076000000,1.5e-06,1.5e-06,1.48e-06,1.5e-06,6686505.0
1598079600000,1.5e-06,1.51e-06,1.48e-06,1.49e-06,10091889.0
1598083200000,1.49e-06,1.49e-06,1.46e-06,1.47e-06,9771705.0
1598086800000,1.47e-06,1.48e-06,1.46e-06,1.48e-06,7140590.0
1598090400000,1.48e-06,1.51e-06,1.47e-06,1.49e-06,13122747.0
1598094000000,1.5e-06,1.5e-06,1.49e-06,1.5e-06,8982100.0
1598097600000,1.5e-06,1.51e-06,1.49e-06,1.5e-06,6573456.0
1598101200000,1.49e-06,1.5e-06,1.48e-06,1.5e-06,8979443.0
1598104800000,1.5e-06,1.5e-06,1.47e-06,1.49e-06,10757234.0
1598108400000,1.49e-06,1.49e-06,1.47e-06,1.48e-06,8610173.0
1598112000000,1.48e-06,1.48e-06,1.47e-06,1.47e-06,7152348.0
1598115600000,1.48e-06,1.5e-06,1.46e-06,1.5e-06,7153449.0
1598119200000,1.49e-06,1.55e-06,1.49e-06,1.51e-06,33599352.0
1598122800000,1.52e-06,1.55e-06,1.51e-06,1.55e-06,15235242.0
1598126400000,1.55e-06,1.55e-06,1.52e-06,1.54e-06,8257262.0
1598130000000,1.53e-06,1.54e-06,1.51e-06,1.53e-06,14776629.0
1598133600000,1.53e-06,1.55e-06,1.52e-06,1.55e-06,5503537.0
1598137200000,1.55e-06,1.57e-06,1.54e-06,1.56e-06,8725017.0
1598140800000,1.56e-06,1.56e-06,1.53e-06,1.54e-06,7893230.0
1598144400000,1.54e-06,1.55e-06,1.53e-06,1.53e-06,7525182.0
1598148000000,1.53e-06,1.55e-06,1.52e-06,1.55e-06,5751647.0
1598151600000,1.54e-06,1.56e-06,1.54e-06,1.56e-06,6487679.0
1598155200000,1.56e-06,1.56e-06,1.53e-06,1.54e-06,7883203.0
1598158800000,1.54e-06,1.54e-06,1.52e-06,1.53e-06,6406190.0
1598162400000,1.53e-06,1.55e-06,1.52e-06,1.54e-06,7459040.0
1598166000000,1.54e-06,1.55e-06,1.52e-06,1.54e-06,10439491.0
1598169600000,1.54e-06,1.56e-06,1.53e-06,1.55e-06,9862011.0
1598173200000,1.55e-06,1.6e-06,1.54e-06,1.57e-06,40796937.0
1598176800000,1.57e-06,1.58e-06,1.55e-06,1.56e-06,9914017.0
1598180400000,1.57e-06,1.59e-06,1.56e-06,1.59e-06,13463715.0
1598184000000,1.58e-06,1.61e-06,1.58e-06,1.59e-06,16782859.0
1598187600000,1.59e-06,1.61e-06,1.58e-06,1.6e-06,16915689.0
1598191200000,1.59e-06,1.6e-06,1.58e-06,1.59e-06,8477498.0
1598194800000,1.59e-06,1.6e-06,1.58e-06,1.59e-06,9571556.0
1598198400000,1.59e-06,1.62e-06,1.58e-06,1.62e-06,11552168.0
1598202000000,1.62e-06,1.64e-06,1.6e-06,1.62e-06,24705527.0
1598205600000,1.61e-06,1.62e-06,1.57e-06,1.6e-06,16616005.0
1598209200000,1.6e-06,1.6e-06,1.56e-06,1.57e-06,12581144.0
1598212800000,1.57e-06,1.58e-06,1.55e-06,1.58e-06,10411046.0
1598216400000,1.58e-06,1.6e-06,1.56e-06,1.6e-06,17008743.0
1598220000000,1.6e-06,1.63e-06,1.59e-06,1.61e-06,30716502.0
1598223600000,1.61e-06,1.62e-06,1.58e-06,1.59e-06,9039182.0
1598227200000,1.59e-06,1.61e-06,1.58e-06,1.6e-06,5776462.0
1598230800000,1.6e-06,1.61e-06,1.59e-06,1.6e-06,6064330.0
1598234400000,1.6e-06,1.63e-06,1.6e-06,1.63e-06,8810302.0
1598238000000,1.63e-06,1.64e-06,1.62e-06,1.63e-06,7420646.0
1598241600000,1.63e-06,1.64e-06,1.62e-06,1.63e-06,4581683.0
1598245200000,1.63e-06,1.64e-06,1.61e-06,1.63e-06,5790041.0
1598248800000,1.63e-06,1.64e-06,1.62e-06,1.63e-06,7972970.0
1598252400000,1.63e-06,1.66e-06,1.62e-06,1.66e-06,14802963.0
1598256000000,1.66e-06,1.66e-06,1.64e-06,1.64e-06,10654577.0
1598259600000,1.65e-06,1.65e-06,1.63e-06,1.64e-06,10674775.0
1598263200000,1.65e-06,1.67e-06,1.64e-06,1.66e-06,18873100.0
1598266800000,1.66e-06,1.66e-06,1.62e-06,1.64e-06,14874892.0
1598270400000,1.64e-06,1.64e-06,1.6e-06,1.61e-06,16942636.0
1598274000000,1.62e-06,1.63e-06,1.61e-06,1.62e-06,6776080.0
1598277600000,1.62e-06,1.64e-06,1.61e-06,1.64e-06,6791025.0
1598281200000,1.63e-06,1.65e-06,1.63e-06,1.64e-06,12817798.0
1598284800000,1.64e-06,1.65e-06,1.63e-06,1.64e-06,10655297.0
1598288400000,1.65e-06,1.71e-06,1.64e-06,1.68e-06,78480241.0
1598292000000,1.67e-06,1.68e-06,1.64e-06,1.66e-06,13463215.0
1598295600000,1.66e-06,1.67e-06,1.64e-06,1.66e-06,9647124.0
1598299200000,1.66e-06,1.67e-06,1.65e-06,1.66e-06,7498523.0
1598302800000,1.66e-06,1.66e-06,1.63e-06,1.64e-06,13299271.0
1598306400000,1.64e-06,1.65e-06,1.62e-06,1.64e-06,9788559.0
1598310000000,1.64e-06,1.64e-06,1.61e-06,1.63e-06,8203638.0
1598313600000,1.62e-06,1.63e-06,1.61e-06,1.62e-06,5211989.0
1598317200000,1.62e-06,1.63e-06,1.61e-06,1.62e-06,5752836.0
1598320800000,1.62e-06,1.62e-06,1.6e-06,1.61e-06,6135448.0
1598324400000,1.61e-06,1.62e-06,1.59e-06,1.61e-06,5935349.0
1598328000000,1.61e-06,1.61e-06,1.59e-06,1.6e-06,3787068.0
1598331600000,1.59e-06,1.62e-06,1.59e-06,1.61e-06,13800013.0
1598335200000,1.6e-06,1.62e-06,1.59e-06,1.6e-06,5790035.0
1598338800000,1.59e-06,1.6e-06,1.56e-06,1.57e-06,13486654.0
1598342400000,1.57e-06,1.6e-06,1.55e-06,1.6e-06,15126088.0
1598346000000,1.6e-06,1.61e-06,1.59e-06,1.6e-06,6212832.0
1598349600000,1.6e-06,1.61e-06,1.58e-06,1.6e-06,6504931.0
1598353200000,1.59e-06,1.6e-06,1.58e-06,1.59e-06,6422668.0
1598356800000,1.58e-06,1.59e-06,1.56e-06,1.58e-06,8425007.0
1598360400000,1.58e-06,1.58e-06,1.57e-06,1.58e-06,8117036.0
1598364000000,1.58e-06,1.61e-06,1.53e-06,1.59e-06,29407789.0
1598367600000,1.59e-06,1.62e-06,1.56e-06,1.58e-06,20551885.0
1598371200000,1.58e-06,1.59e-06,1.57e-06,1.57e-06,8024099.0
1598374800000,1.58e-06,1.58e-06,1.53e-06,1.55e-06,24790050.0
1598378400000,1.55e-06,1.58e-06,1.53e-06,1.58e-06,12223076.0
1598382000000,1.57e-06,1.6e-06,1.57e-06,1.59e-06,9587328.0
1598385600000,1.58e-06,1.59e-06,1.57e-06,1.58e-06,5997297.0
1598389200000,1.58e-06,1.58e-06,1.55e-06,1.58e-06,8908023.0
1598392800000,1.57e-06,1.59e-06,1.57e-06,1.59e-06,4430362.0
1598396400000,1.59e-06,1.62e-06,1.58e-06,1.62e-06,6108453.0
1598400000000,1.62e-06,1.62e-06,1.6e-06,1.61e-06,3666930.0
1598403600000,1.61e-06,1.61e-06,1.59e-06,1.61e-06,3635797.0
1598407200000,1.61e-06,1.62e-06,1.59e-06,1.6e-06,4386990.0
1598410800000,1.59e-06,1.61e-06,1.59e-06,1.59e-06,4201746.0
1598414400000,1.59e-06,1.6e-06,1.59e-06,1.59e-06,4230637.0
1598418000000,1.59e-06,1.59e-06,1.58e-06,1.58e-06,4107036.0
1598421600000,1.58e-06,1.59e-06,1.57e-06,1.57e-06,5611429.0
1598425200000,1.58e-06,1.58e-06,1.55e-06,1.57e-06,7707906.0
1598428800000,1.57e-06,1.59e-06,1.56e-06,1.58e-06,6417788.0
1598432400000,1.57e-06,1.59e-06,1.57e-06,1.58e-06,6787690.0
1598436000000,1.58e-06,1.59e-06,1.55e-06,1.57e-06,12089845.0
1598439600000,1.57e-06,1.58e-06,1.56e-06,1.58e-06,6958971.0
1598443200000,1.57e-06,1.6e-06,1.56e-06,1.58e-06,12204737.0
1598446800000,1.58e-06,1.58e-06,1.54e-06,1.55e-06,12779478.0
1598450400000,1.55e-06,1.58e-06,1.55e-06,1.57e-06,7013107.0
1598454000000,1.57e-06,1.58e-06,1.56e-06,1.58e-06,8136433.0
1598457600000,1.58e-06,1.58e-06,1.55e-06,1.57e-06,9944341.0
1598461200000,1.56e-06,1.57e-06,1.55e-06,1.57e-06,10621526.0
1598464800000,1.56e-06,1.57e-06,1.55e-06,1.57e-06,7926672.0
1598468400000,1.57e-06,1.58e-06,1.56e-06,1.57e-06,6083045.0
1598472000000,1.57e-06,1.58e-06,1.56e-06,1.56e-06,8648434.0
1598475600000,1.56e-06,1.56e-06,1.54e-06,1.55e-06,8458811.0
1598479200000,1.55e-06,1.56e-06,1.54e-06,1.54e-06,6788473.0
1598482800000,1.55e-06,1.55e-06,1.54e-06,1.54e-06,4802813.0
1598486400000,1.55e-06,1.56e-06,1.54e-06,1.56e-06,6995364.0
1598490000000,1.56e-06,1.57e-06,1.55e-06,1.57e-06,6241321.0
1598493600000,1.56e-06,1.59e-06,1.56e-06,1.58e-06,9242125.0
1598497200000,1.58e-06,1.58e-06,1.56e-06,1.57e-06,6753105.0
1598500800000,1.58e-06,1.58e-06,1.56e-06,1.57e-06,4167183.0
1598504400000,1.57e-06,1.58e-06,1.54e-06,1.55e-06,13040124.0
1598508000000,1.55e-06,1.55e-06,1.53e-06,1.54e-06,5861155.0
1598511600000,1.54e-06,1.55e-06,1.53e-06,1.54e-06,10388548.0
1598515200000,1.54e-06,1.55e-06,1.53e-06,1.54e-06,7228865.0
1598518800000,1.55e-06,1.55e-06,1.53e-06,1.54e-06,7544987.0
1598522400000,1.53e-06,1.55e-06,1.53e-06,1.55e-06,7990183.0
1598526000000,1.55e-06,1.55e-06,1.53e-06,1.54e-06,13577175.0
1598529600000,1.54e-06,1.54e-06,1.5e-06,1.52e-06,13830774.0
1598533200000,1.53e-06,1.53e-06,1.51e-06,1.51e-06,9055689.0
1598536800000,1.51e-06,1.53e-06,1.5e-06,1.53e-06,9863300.0
1598540400000,1.53e-06,1.54e-06,1.52e-06,1.54e-06,6880219.0
1598544000000,1.54e-06,1.55e-06,1.52e-06,1.52e-06,8602766.0
1598547600000,1.53e-06,1.53e-06,1.49e-06,1.5e-06,14371096.0
1598551200000,1.5e-06,1.52e-06,1.49e-06,1.52e-06,5351151.0
1598554800000,1.52e-06,1.54e-06,1.51e-06,1.54e-06,3863610.0
1598558400000,1.54e-06,1.55e-06,1.53e-06,1.54e-06,7603889.0
1598562000000,1.54e-06,1.54e-06,1.52e-06,1.54e-06,3343067.0
1598565600000,1.54e-06,1.54e-06,1.52e-06,1.53e-06,4978437.0
1598569200000,1.52e-06,1.53e-06,1.51e-06,1.52e-06,5175210.0
1598572800000,1.51e-06,1.52e-06,1.5e-06,1.52e-06,4999040.0
1598576400000,1.52e-06,1.52e-06,1.51e-06,1.52e-06,2765302.0
1598580000000,1.51e-06,1.52e-06,1.51e-06,1.52e-06,2771801.0
1598583600000,1.52e-06,1.54e-06,1.51e-06,1.54e-06,3059483.0
1598587200000,1.54e-06,1.55e-06,1.53e-06,1.54e-06,3064584.0
1598590800000,1.55e-06,1.56e-06,1.54e-06,1.55e-06,5644818.0
1598594400000,1.56e-06,1.56e-06,1.54e-06,1.55e-06,5798754.0
1598598000000,1.55e-06,1.69e-06,1.54e-06,1.67e-06,91700195.0
1598601600000,1.67e-06,1.89e-06,1.65e-06,1.85e-06,351402074.0
1598605200000,1.85e-06,1.86e-06,1.66e-06,1.81e-06,158226896.0
1598608800000,1.81e-06,1.91e-06,1.8e-06,1.86e-06,119604133.0
1598612400000,1.87e-06,1.87e-06,1.73e-06,1.76e-06,73629290.0
1598616000000,1.76e-06,1.78e-06,1.74e-06,1.75e-06,27794048.0
1598619600000,1.74e-06,1.79e-06,1.74e-06,1.76e-06,26090873.0
1598623200000,1.76e-06,1.77e-06,1.74e-06,1.77e-06,19976522.0
1598626800000,1.77e-06,1.79e-06,1.68e-06,1.69e-06,51841465.0
1598630400000,1.69e-06,1.72e-06,1.68e-06,1.69e-06,32221819.0
1598634000000,1.7e-06,1.72e-06,1.69e-06,1.71e-06,14293796.0
1598637600000,1.71e-06,1.73e-06,1.7e-06,1.71e-06,13105619.0
1598641200000,1.71e-06,1.73e-06,1.7e-06,1.72e-06,8655155.0
1598644800000,1.72e-06,1.77e-06,1.71e-06,1.76e-06,25984099.0
1598648400000,1.75e-06,1.78e-06,1.75e-06,1.76e-06,13635218.0
1598652000000,1.76e-06,1.77e-06,1.72e-06,1.73e-06,9731932.0
1598655600000,1.73e-06,1.74e-06,1.71e-06,1.72e-06,7436345.0
1598659200000,1.71e-06,1.74e-06,1.71e-06,1.72e-06,6273204.0
1598662800000,1.72e-06,1.74e-06,1.72e-06,1.74e-06,3939836.0
1598666400000,1.74e-06,1.74e-06,1.71e-06,1.72e-06,7349372.0
1598670000000,1.72e-06,1.75e-06,1.71e-06,1.75e-06,10110566.0
1598673600000,1.75e-06,1.78e-06,1.74e-06,1.75e-06,11883889.0
1598677200000,1.75e-06,1.76e-06,1.74e-06,1.75e-06,9127423.0
1598680800000,1.75e-06,1.76e-06,1.74e-06,1.75e-06,6385633.0
1598684400000,1.74e-06,1.75e-06,1.72e-06,1.73e-06,12580439.0
1598688000000,1.73e-06,1.73e-06,1.71e-06,1.72e-06,8078823.0
1598691600000,1.71e-06,1.73e-06,1.68e-06,1.69e-06,28393838.0
1598695200000,1.7e-06,1.7e-06,1.68e-06,1.7e-06,10602159.0
1598698800000,1.7e-06,1.71e-06,1.69e-06,1.71e-06,5543969.0
1598702400000,1.71e-06,1.71e-06,1.68e-06,1.68e-06,7389473.0
1598706000000,1.69e-06,1.7e-06,1.66e-06,1.68e-06,17853076.0
1598709600000,1.69e-06,1.71e-06,1.68e-06,1.7e-06,7448923.0
1598713200000,1.7e-06,1.7e-06,1.67e-06,1.68e-06,13173164.0
1598716800000,1.67e-06,1.7e-06,1.66e-06,1.67e-06,17625046.0
1598720400000,1.68e-06,1.69e-06,1.66e-06,1.67e-06,7232305.0
1598724000000,1.67e-06,1.7e-06,1.66e-06,1.7e-06,8763862.0
1598727600000,1.69e-06,1.74e-06,1.69e-06,1.72e-06,21084988.0
1598731200000,1.72e-06,1.75e-06,1.71e-06,1.75e-06,9863779.0
1598734800000,1.75e-06,1.77e-06,1.74e-06,1.75e-06,13230231.0
1598738400000,1.75e-06,1.75e-06,1.72e-06,1.73e-06,6396307.0
1598742000000,1.73e-06,1.74e-06,1.72e-06,1.74e-06,7615744.0
1598745600000,1.73e-06,1.74e-06,1.7e-06,1.71e-06,5785250.0
1598749200000,1.71e-06,1.72e-06,1.67e-06,1.67e-06,11715614.0
1598752800000,1.68e-06,1.69e-06,1.66e-06,1.67e-06,8278885.0
1598756400000,1.67e-06,1.69e-06,1.66e-06,1.66e-06,6605362.0
1598760000000,1.67e-06,1.69e-06,1.66e-06,1.69e-06,11019715.0
1598763600000,1.69e-06,1.69e-06,1.66e-06,1.68e-06,4689503.0
1598767200000,1.67e-06,1.68e-06,1.66e-06,1.68e-06,4451725.0
1598770800000,1.68e-06,1.69e-06,1.64e-06,1.68e-06,31892037.0
1598774400000,1.68e-06,1.7e-06,1.66e-06,1.7e-06,10417072.0
1598778000000,1.69e-06,1.7e-06,1.68e-06,1.69e-06,5692252.0
1598781600000,1.68e-06,1.72e-06,1.68e-06,1.72e-06,5936347.0
1598785200000,1.72e-06,1.72e-06,1.69e-06,1.71e-06,9035620.0
1598788800000,1.7e-06,1.72e-06,1.7e-06,1.71e-06,7518381.0
1598792400000,1.71e-06,1.71e-06,1.69e-06,1.69e-06,7234024.0
1598796000000,1.69e-06,1.7e-06,1.66e-06,1.66e-06,11589840.0
1598799600000,1.67e-06,1.67e-06,1.64e-06,1.66e-06,41548567.0
1598803200000,1.67e-06,1.68e-06,1.65e-06,1.68e-06,9822773.0
1598806800000,1.67e-06,1.69e-06,1.67e-06,1.67e-06,7169172.0
1598810400000,1.68e-06,1.7e-06,1.66e-06,1.68e-06,27995924.0
1598814000000,1.67e-06,1.71e-06,1.65e-06,1.67e-06,22215449.0
1598817600000,1.67e-06,1.68e-06,1.66e-06,1.67e-06,4679647.0
1598821200000,1.67e-06,1.68e-06,1.66e-06,1.66e-06,4492266.0
1598824800000,1.67e-06,1.68e-06,1.66e-06,1.68e-06,5184936.0
1598828400000,1.68e-06,1.69e-06,1.66e-06,1.67e-06,7038141.0
1598832000000,1.68e-06,1.69e-06,1.66e-06,1.69e-06,4457102.0
1598835600000,1.69e-06,1.7e-06,1.68e-06,1.69e-06,7094572.0
1598839200000,1.69e-06,1.71e-06,1.66e-06,1.68e-06,15289304.0
1598839200000,1.69e-06,1.71e-06,1.66e-06,1.68e-06,15289304.0
