1640332800000,4.6e-07,5.8e-07,4.6e-07,4.8e-07,24013347.0
1640336400000,4.8e-07,4.9e-07,4.7e-07,4.9e-07,4095475.0
1640340000000,4.9e-07,5e-07,4.8e-07,5e-07,4371518.0
1640343600000,4.9e-07,5e-07,4.7e-07,4.9e-07,6931976.0
1640347200000,4.9e-07,5.1e-07,4.8e-07,4.9e-07,15116277.0
1640350800000,4.9e-07,4.9e-07,4.7e-07,4.8e-07,2427394.0
1640354400000,4.8e-07,4.9e-07,4.7e-07,4.8e-07,597893.0
1640358000000,4.7e-07,4.8e-07,4.6e-07,4.6e-07,2330847.0
1640361600000,4.7e-07,4.8e-07,4.6e-07,4.7e-07,1009747.0
1640365200000,4.7e-07,4.8e-07,4.6e-07,4.7e-07,1329635.0
1640368800000,4.7e-07,4.7e-07,4.4e-07,4.4e-07,3367714.0
1640372400000,4.5e-07,4.6e-07,4.4e-07,4.5e-07,5336044.0
1640376000000,4.6e-07,4.6e-07,4.4e-07,4.5e-07,924962.0
1640379600000,4.5e-07,4.6e-07,4.4e-07,4.5e-07,1047563.0
1640383200000,4.5e-07,4.5e-07,4.4e-07,4.4e-07,636538.0
1640386800000,4.4e-07,4.5e-07,4.3e-07,4.3e-07,3665785.0
1640390400000,4.3e-07,4.5e-07,4.2e-07,4.5e-07,744506.0
1640394000000,4.5e-07,4.5e-07,4.3e-07,4.3e-07,279737.0
1640397600000,4.4e-07,4.5e-07,4.3e-07,4.5e-07,341636.0
1640401200000,4.5e-07,4.5e-07,4.3e-07,4.5e-07,618530.0
1640404800000,4.5e-07,4.6e-07,4.5e-07,4.6e-07,1213731.0
1640408400000,4.6e-07,4.6e-07,4.5e-07,4.6e-07,486850.0
1640412000000,4.5e-07,4.7e-07,4.5e-07,4.6e-07,1371540.0
1640415600000,4.5e-07,4.6e-07,4.4e-07,4.5e-07,781418.0
1640419200000,4.5e-07,4.6e-07,4.4e-07,4.6e-07,1454713.0
1640422800000,4.6e-07,4.6e-07,4.5e-07,4.5e-07,376212.0
1640426400000,4.5e-07,4.6e-07,4.5e-07,4.6e-07,414663.0
1640430000000,4.5e-07,4.6e-07,4.5e-07,4.5e-07,643202.0
1640433600000,4.5e-07,4.6e-07,4.5e-07,4.6e-07,2144808.0
1640437200000,4.6e-07,4.7e-07,4.4e-07,4.6e-07,1975915.0
1640440800000,4.6e-07,4.6e-07,4.5e-07,4.5e-07,497629.0
1640444400000,4.5e-07,4.7e-07,4.5e-07,4.6e-07,1476265.0
1640448000000,4.6e-07,4.6e-07,4.5e-07,4.5e-07,396047.0
1640451600000,4.5e-07,4.6e-07,4.5e-07,4.6e-07,1075352.0
1640455200000,4.6e-07,4.6e-07,4.5e-07,4.6e-07,1444318.0
1640458800000,4.6e-07,4.6e-07,4.5e-07,4.6e-07,80250.0
1640462400000,4.6e-07,4.7e-07,4.5e-07,4.6e-07,2063443.0
1640466000000,4.6e-07,4.6e-07,4.5e-07,4.6e-07,289553.0
1640469600000,4.6e-07,4.6e-07,4.5e-07,4.6e-07,255642.0
1640473200000,4.6e-07,4.6e-07,4.5e-07,4.6e-07,218381.0
1640476800000,4.6e-07,4.6e-07,4.4e-07,4.5e-07,892189.0
1640480400000,4.5e-07,4.5e-07,4.4e-07,4.5e-07,169642.0
1640484000000,4.5e-07,4.5e-07,4.4e-07,4.5e-07,19282.0
1640487600000,4.4e-07,4.5e-07,4.4e-07,4.4e-07,963702.0
1640491200000,4.4e-07,4.4e-07,4.3e-07,4.3e-07,1322629.0
1640494800000,4.3e-07,4.5e-07,4.3e-07,4.4e-07,1266603.0
1640498400000,4.4e-07,4.4e-07,4.2e-07,4.4e-07,1570714.0
1640502000000,4.4e-07,4.4e-07,4.3e-07,4.4e-07,552265.0
1640505600000,4.3e-07,4.4e-07,4.3e-07,4.4e-07,926725.0
1640509200000,4.5e-07,4.5e-07,4.3e-07,4.5e-07,1105111.0
1640512800000,4.4e-07,4.5e-07,4.3e-07,4.4e-07,1217771.0
1640516400000,4.3e-07,4.5e-07,4.3e-07,4.4e-07,621044.0
1640520000000,4.4e-07,4.5e-07,4.3e-07,4.4e-07,1010676.0
1640523600000,4.4e-07,4.5e-07,4.3e-07,4.4e-07,1062845.0
1640527200000,4.4e-07,4.5e-07,4.4e-07,4.4e-07,483667.0
1640530800000,4.4e-07,4.5e-07,4.4e-07,4.4e-07,498569.0
1640534400000,4.4e-07,4.6e-07,4.4e-07,4.4e-07,1704906.0
1640538000000,4.4e-07,4.6e-07,4.4e-07,4.5e-07,436565.0
1640541600000,4.6e-07,4.6e-07,4.4e-07,4.5e-07,966525.0
1640545200000,4.4e-07,4.5e-07,4.4e-07,4.5e-07,781163.0
1640548800000,4.5e-07,4.5e-07,4.4e-07,4.4e-07,130886.0
1640552400000,4.4e-07,4.5e-07,4.4e-07,4.5e-07,684366.0
1640556000000,4.5e-07,4.5e-07,4.3e-07,4.4e-07,656599.0
1640559600000,4.4e-07,4.4e-07,4.2e-07,4.4e-07,2287573.0
1640563200000,4.4e-07,4.4e-07,4.1e-07,4.2e-07,2402995.0
1640566800000,4.3e-07,4.3e-07,4.2e-07,4.2e-07,559366.0
1640570400000,4.2e-07,4.3e-07,4.2e-07,4.3e-07,480151.0
1640574000000,4.2e-07,4.3e-07,4.2e-07,4.3e-07,514958.0
1640577600000,4.3e-07,4.3e-07,4.2e-07,4.3e-07,162606.0
1640581200000,4.3e-07,4.3e-07,4.2e-07,4.2e-07,38554.0
1640584800000,4.3e-07,4.3e-07,4.2e-07,4.3e-07,788047.0
1640588400000,4.3e-07,4.4e-07,4.3e-07,4.4e-07,1975553.0
1640592000000,4.3e-07,4.4e-07,4.3e-07,4.4e-07,3258609.0
1640595600000,4.4e-07,4.4e-07,4.3e-07,4.4e-07,799019.0
1640599200000,4.4e-07,4.5e-07,4.3e-07,4.4e-07,906702.0
1640602800000,4.4e-07,4.4e-07,4.3e-07,4.4e-07,757773.0
1640606400000,4.4e-07,4.4e-07,4.3e-07,4.4e-07,874935.0
1640610000000,4.4e-07,4.7e-07,4.4e-07,4.7e-07,4105092.0
1640613600000,4.7e-07,4.9e-07,4.6e-07,4.7e-07,10689409.0
1640617200000,4.7e-07,5.1e-07,4.6e-07,5e-07,13437247.0
1640620800000,5e-07,5.3e-07,4.8e-07,4.8e-07,17522410.0
1640624400000,4.9e-07,5e-07,4.8e-07,4.8e-07,5063936.0
1640628000000,4.8e-07,5e-07,4.7e-07,4.8e-07,4920356.0
1640631600000,4.7e-07,4.9e-07,4.7e-07,4.9e-07,831878.0
1640635200000,4.9e-07,5.1e-07,4.8e-07,4.9e-07,3383243.0
1640638800000,4.9e-07,5.2e-07,4.9e-07,5e-07,5038670.0
1640642400000,5e-07,5.1e-07,4.9e-07,5e-07,3212977.0
1640646000000,5.1e-07,5.5e-07,5e-07,5.2e-07,24374103.0
1640649600000,5.2e-07,5.2e-07,4.8e-07,5e-07,6565169.0
1640653200000,4.9e-07,4.9e-07,4.7e-07,4.8e-07,4129693.0
1640656800000,4.9e-07,4.9e-07,4.7e-07,4.9e-07,1630354.0
1640660400000,4.9e-07,5e-07,4.8e-07,4.9e-07,1646808.0
1640664000000,4.9e-07,5e-07,4.7e-07,4.8e-07,2066667.0
1640667600000,4.8e-07,4.9e-07,4.7e-07,4.8e-07,1392712.0
1640671200000,4.7e-07,4.9e-07,4.7e-07,4.9e-07,2464578.0
1640674800000,4.9e-07,4.9e-07,4.7e-07,4.8e-07,3443413.0
1640678400000,4.8e-07,4.9e-07,4.7e-07,4.7e-07,1560430.0
1640682000000,4.8e-07,4.9e-07,4.7e-07,4.8e-07,630887.0
1640685600000,4.8e-07,4.8e-07,4.6e-07,4.7e-07,3672745.0
1640689200000,4.7e-07,4.8e-07,4.7e-07,4.8e-07,1761331.0
1640692800000,4.8e-07,5e-07,4.8e-07,5e-07,3967043.0
1640696400000,5e-07,5.2e-07,4.8e-07,4.9e-07,5700092.0
1640700000000,4.9e-07,5e-07,4.8e-07,4.9e-07,1452313.0
1640703600000,4.9e-07,4.9e-07,4.7e-07,4.8e-07,2569945.0
1640707200000,4.8e-07,4.8e-07,4.6e-07,4.7e-07,2045564.0
1640710800000,4.8e-07,4.8e-07,4.5e-07,4.6e-07,4511052.0
1640714400000,4.6e-07,4.7e-07,4.5e-07,4.6e-07,1286565.0
1640718000000,4.6e-07,4.7e-07,4.5e-07,4.7e-07,4180655.0
1640721600000,4.7e-07,4.8e-07,4.6e-07,4.7e-07,1229064.0
1640725200000,4.7e-07,4.8e-07,4.6e-07,4.7e-07,510064.0
1640728800000,4.7e-07,4.8e-07,4.6e-07,4.7e-07,643028.0
1640732400000,4.7e-07,4.7e-07,4.6e-07,4.6e-07,866819.0
1640736000000,4.6e-07,4.7e-07,4.5e-07,4.6e-07,1632793.0
1640739600000,4.6e-07,4.8e-07,4.6e-07,4.6e-07,1427062.0
1640743200000,4.7e-07,4.8e-07,4.7e-07,4.7e-07,1424717.0
1640746800000,4.7e-07,4.8e-07,4.6e-07,4.8e-07,7051869.0
1640750400000,4.7e-07,4.9e-07,4.7e-07,4.8e-07,2281338.0
1640754000000,4.7e-07,4.8e-07,4.6e-07,4.7e-07,2694200.0
1640757600000,4.7e-07,4.7e-07,4.6e-07,4.7e-07,400049.0
1640761200000,4.8e-07,4.8e-07,4.7e-07,4.7e-07,20320.0
1640764800000,4.6e-07,4.7e-07,4.6e-07,4.6e-07,711779.0
1640768400000,4.6e-07,4.7e-07,4.6e-07,4.7e-07,571578.0
1640772000000,4.8e-07,4.8e-07,4.7e-07,4.7e-07,129325.0
1640775600000,4.7e-07,4.8e-07,4.7e-07,4.7e-07,125980.0
1640779200000,4.7e-07,4.8e-07,4.5e-07,4.6e-07,3818572.0
1640782800000,4.5e-07,4.6e-07,4.2e-07,4.4e-07,13742008.0
1640786400000,4.4e-07,4.6e-07,4.3e-07,4.6e-07,6914549.0
1640790000000,4.6e-07,4.6e-07,4.4e-07,4.5e-07,1159915.0
1640793600000,4.5e-07,4.7e-07,4.5e-07,4.6e-07,4261091.0
1640797200000,4.6e-07,4.7e-07,4.5e-07,4.5e-07,1258551.0
1640800800000,4.6e-07,4.8e-07,4.5e-07,4.6e-07,1494276.0
1640804400000,4.6e-07,4.8e-07,4.6e-07,4.6e-07,2114789.0
1640808000000,4.7e-07,4.8e-07,4.6e-07,4.7e-07,326051.0
1640811600000,4.8e-07,4.8e-07,4.6e-07,4.7e-07,3527535.0
1640815200000,4.6e-07,4.7e-07,4.6e-07,4.6e-07,651655.0
1640818800000,4.6e-07,4.7e-07,4.5e-07,4.6e-07,888260.0
1640822400000,4.6e-07,4.6e-07,4.4e-07,4.4e-07,1408291.0
1640826000000,4.5e-07,4.5e-07,4.4e-07,4.4e-07,36547.0
1640829600000,4.5e-07,4.5e-07,4.4e-07,4.5e-07,3967188.0
1640833200000,4.5e-07,4.5e-07,4.4e-07,4.4e-07,265829.0
1640836800000,4.5e-07,4.5e-07,4.5e-07,4.5e-07,537580.0
1640840400000,4.5e-07,4.5e-07,4.5e-07,4.5e-07,339139.0
1640844000000,4.5e-07,4.5e-07,4.5e-07,4.5e-07,208623.0
1640847600000,4.5e-07,4.6e-07,4.5e-07,4.5e-07,249369.0
1640851200000,4.6e-07,4.6e-07,4.4e-07,4.4e-07,3032751.0
1640854800000,4.5e-07,4.6e-07,4.4e-07,4.4e-07,1100876.0
1640858400000,4.5e-07,4.6e-07,4.4e-07,4.5e-07,472923.0
1640862000000,4.5e-07,4.6e-07,4.5e-07,4.5e-07,9052282.0
1640865600000,4.5e-07,4.7e-07,4.5e-07,4.6e-07,1263159.0
1640869200000,4.6e-07,4.7e-07,4.5e-07,4.6e-07,2209966.0
1640872800000,4.6e-07,4.6e-07,4.5e-07,4.5e-07,1340180.0
1640876400000,4.6e-07,4.6e-07,4.5e-07,4.5e-07,201628.0
1640880000000,4.6e-07,4.6e-07,4.5e-07,4.6e-07,449875.0
1640883600000,4.5e-07,4.7e-07,4.5e-07,4.6e-07,739599.0
1640887200000,4.6e-07,4.6e-07,4.4e-07,4.5e-07,2281818.0
1640890800000,4.5e-07,4.6e-07,4.5e-07,4.6e-07,571218.0
1640894400000,4.6e-07,4.6e-07,4.5e-07,4.5e-07,593615.0
1640898000000,4.6e-07,4.6e-07,4.5e-07,4.6e-07,830565.0
1640901600000,4.6e-07,4.7e-07,4.5e-07,4.5e-07,754308.0
1640905200000,4.6e-07,4.7e-07,4.5e-07,4.6e-07,1167220.0
1640908800000,4.7e-07,4.7e-07,4.5e-07,4.7e-07,614479.0
1640912400000,4.6e-07,4.7e-07,4.6e-07,4.6e-07,204406.0
1640916000000,4.6e-07,4.7e-07,4.5e-07,4.7e-07,370831.0
1640919600000,4.6e-07,4.8e-07,4.6e-07,4.7e-07,1206024.0
1640923200000,4.7e-07,4.8e-07,4.7e-07,4.7e-07,676628.0
1640926800000,4.7e-07,4.8e-07,4.7e-07,4.7e-07,289415.0
1640930400000,4.7e-07,4.8e-07,4.6e-07,4.8e-07,3809368.0
1640934000000,4.8e-07,4.8e-07,4.6e-07,4.8e-07,1099262.0
1640937600000,4.8e-07,4.9e-07,4.7e-07,4.8e-07,3389360.0
1640941200000,4.8e-07,4.9e-07,4.7e-07,4.8e-07,5060531.0
1640944800000,4.8e-07,4.9e-07,4.8e-07,4.8e-07,332645.0
1640948400000,4.8e-07,4.9e-07,4.7e-07,4.8e-07,2242052.0
1640952000000,4.9e-07,5.1e-07,4.8e-07,5.1e-07,16812862.0
1640955600000,5e-07,5.1e-07,4.9e-07,5e-07,4827163.0
1640959200000,4.9e-07,5e-07,4.9e-07,5e-07,1286868.0
1640962800000,5e-07,5.1e-07,5e-07,5.1e-07,4094289.0
1640966400000,4.9e-07,5.1e-07,4.9e-07,5e-07,2308266.0
1640970000000,5e-07,5.1e-07,4.9e-07,5e-07,2101603.0
1640973600000,5e-07,5e-07,4.9e-07,5e-07,4816002.0
1640977200000,4.9e-07,5e-07,4.8e-07,4.9e-07,1923713.0
1640980800000,4.9e-07,5e-07,4.8e-07,4.9e-07,2116588.0
1640984400000,4.9e-07,5e-07,4.9e-07,5e-07,1368376.0
1640988000000,5e-07,5.2e-07,4.9e-07,5.1e-07,4828548.0
1640991600000,5.1e-07,5.2e-07,5e-07,5.1e-07,2617974.0
1640995200000,5.1e-07,5.2e-07,5e-07,5.2e-07,1330118.0
1640998800000,5.1e-07,5.2e-07,5e-07,5e-07,881515.0
1641002400000,5e-07,5.1e-07,5e-07,5e-07,1141480.0
1641006000000,5e-07,5e-07,4.9e-07,5e-07,242409.0
1641009600000,5e-07,5e-07,4.9e-07,4.9e-07,114374.0
1641013200000,4.9e-07,4.9e-07,4.9e-07,4.9e-07,48141.0
1641016800000,5e-07,5e-07,4.9e-07,4.9e-07,710645.0
1641020400000,4.9e-07,5e-07,4.9e-07,5e-07,21806.0
1641024000000,5e-07,5e-07,4.8e-07,4.9e-07,1812839.0
1641027600000,4.9e-07,5e-07,4.8e-07,4.9e-07,1790508.0
1641031200000,4.9e-07,5e-07,4.8e-07,4.9e-07,928717.0
1641034800000,4.9e-07,5e-07,4.9e-07,4.9e-07,364664.0
1641038400000,4.9e-07,5e-07,4.9e-07,4.9e-07,901603.0
1641042000000,4.9e-07,5e-07,4.9e-07,5e-07,335710.0
1641045600000,4.9e-07,5e-07,4.8e-07,4.8e-07,268314.0
1641049200000,4.8e-07,4.9e-07,4.8e-07,4.8e-07,158056.0
1641052800000,4.9e-07,5e-07,4.8e-07,4.9e-07,408146.0
1641056400000,4.9e-07,5e-07,4.8e-07,4.9e-07,568397.0
1641060000000,4.9e-07,4.9e-07,4.8e-07,4.8e-07,155681.0
1641063600000,4.8e-07,5e-07,4.8e-07,4.9e-07,345482.0
1641067200000,4.9e-07,5e-07,4.8e-07,4.9e-07,1069788.0
1641070800000,4.9e-07,4.9e-07,4.8e-07,4.9e-07,55081.0
1641074400000,4.9e-07,4.9e-07,4.8e-07,4.9e-07,800098.0
1641078000000,4.8e-07,5e-07,4.8e-07,4.9e-07,581961.0
1641081600000,4.8e-07,5e-07,4.8e-07,4.9e-07,361133.0
1641085200000,4.9e-07,4.9e-07,4.8e-07,4.9e-07,741439.0
1641088800000,4.8e-07,4.9e-07,4.8e-07,4.8e-07,48779.0
1641092400000,4.8e-07,4.9e-07,4.8e-07,4.8e-07,254344.0
1641096000000,4.8e-07,4.8e-07,4.7e-07,4.8e-07,1980563.0
1641099600000,4.8e-07,4.9e-07,4.8e-07,4.8e-07,151446.0
1641103200000,4.8e-07,4.9e-07,4.8e-07,4.8e-07,45452.0
1641106800000,4.9e-07,4.9e-07,4.8e-07,4.8e-07,75722.0
1641110400000,4.9e-07,4.9e-07,4.8e-07,4.9e-07,198134.0
1641114000000,4.9e-07,4.9e-07,4.8e-07,4.9e-07,343908.0
1641117600000,4.8e-07,4.9e-07,4.8e-07,4.9e-07,468621.0
1641121200000,4.8e-07,4.9e-07,4.8e-07,4.9e-07,73472.0
1641124800000,4.8e-07,5.5e-07,4.8e-07,5e-07,34905963.0
1641128400000,5e-07,5.1e-07,4.9e-07,4.9e-07,2008426.0
1641132000000,5e-07,5.1e-07,4.9e-07,5.1e-07,819598.0
1641135600000,5e-07,5.2e-07,5e-07,5.1e-07,2792506.0
1641139200000,5.1e-07,5.2e-07,5e-07,5.1e-07,826094.0
1641142800000,5.1e-07,5.2e-07,5e-07,5.1e-07,11072716.0
1641146400000,5.1e-07,5.2e-07,5e-07,5.1e-07,2259401.0
1641150000000,5.2e-07,5.2e-07,5.1e-07,5.2e-07,1822284.0
1641153600000,5.2e-07,5.2e-07,5.1e-07,5.2e-07,597415.0
1641157200000,5.1e-07,5.2e-07,5.1e-07,5.1e-07,2156273.0
1641160800000,5.1e-07,5.2e-07,5e-07,5.1e-07,2591140.0
1641164400000,5.1e-07,5.1e-07,4.9e-07,5e-07,2024564.0
1641168000000,5.1e-07,5.1e-07,5e-07,5.1e-07,1484280.0
1641171600000,5.1e-07,5.1e-07,5e-07,5e-07,620212.0
1641175200000,5e-07,5e-07,4.9e-07,5e-07,232470.0
1641178800000,5e-07,5.1e-07,4.8e-07,5e-07,4557042.0
1641182400000,5e-07,5e-07,4.9e-07,5e-07,1146776.0
1641186000000,5e-07,5.1e-07,4.9e-07,5e-07,927693.0
1641189600000,5.1e-07,5.1e-07,4.9e-07,5e-07,674814.0
1641193200000,5e-07,5.1e-07,4.9e-07,5e-07,174246.0
1641196800000,5e-07,5e-07,4.9e-07,5e-07,250649.0
1641200400000,5e-07,5.1e-07,4.9e-07,5.1e-07,771361.0
1641204000000,5.1e-07,5.2e-07,5e-07,5.1e-07,3801514.0
1641207600000,5.1e-07,5.2e-07,5e-07,5.1e-07,819649.0
1641211200000,5e-07,5.2e-07,5e-07,5.2e-07,499867.0
1641214800000,5.2e-07,5.4e-07,5.1e-07,5.4e-07,1759666.0
1641218400000,5.4e-07,5.4e-07,5.2e-07,5.4e-07,3465722.0
1641222000000,5.4e-07,5.4e-07,5.2e-07,5.4e-07,1594573.0
1641225600000,5.4e-07,5.4e-07,5.1e-07,5.2e-07,4730147.0
1641229200000,5.2e-07,5.2e-07,5e-07,5.1e-07,2620602.0
1641232800000,5.1e-07,5.1e-07,5e-07,5e-07,1007070.0
1641236400000,5e-07,5.1e-07,5e-07,5e-07,536717.0
1641240000000,5.1e-07,5.1e-07,4.8e-07,5e-07,4727086.0
1641243600000,5e-07,5e-07,4.8e-07,5e-07,1575784.0
1641247200000,5e-07,5e-07,4.8e-07,4.9e-07,925036.0
1641250800000,4.9e-07,4.9e-07,4.7e-07,4.8e-07,2716121.0
1641254400000,4.7e-07,4.9e-07,4.6e-07,4.6e-07,7788573.0
1641258000000,4.7e-07,4.7e-07,4.5e-07,4.6e-07,3380838.0
1641261600000,4.7e-07,4.8e-07,4.6e-07,4.7e-07,2405000.0
1641265200000,4.7e-07,4.8e-07,4.6e-07,4.8e-07,1623668.0
1641268800000,4.8e-07,4.8e-07,4.7e-07,4.7e-07,985380.0
1641272400000,4.7e-07,4.8e-07,4.7e-07,4.8e-07,355946.0
1641276000000,4.8e-07,4.8e-07,4.7e-07,4.8e-07,1085144.0
1641279600000,4.8e-07,4.8e-07,4.7e-07,4.8e-07,1071173.0
1641283200000,4.7e-07,4.8e-07,4.7e-07,4.8e-07,380275.0
1641286800000,4.8e-07,4.8e-07,4.7e-07,4.7e-07,1131003.0
1641290400000,4.8e-07,4.8e-07,4.7e-07,4.7e-07,51611.0
1641294000000,4.8e-07,4.9e-07,4.7e-07,4.8e-07,1950545.0
1641297600000,4.8e-07,4.9e-07,4.7e-07,4.8e-07,2101967.0
1641301200000,4.8e-07,4.9e-07,4.7e-07,4.9e-07,1064806.0
1641304800000,4.9e-07,4.9e-07,4.8e-07,4.8e-07,945996.0
1641308400000,4.7e-07,4.9e-07,4.7e-07,4.8e-07,1149585.0
1641312000000,4.8e-07,4.9e-07,4.6e-07,4.7e-07,5626024.0
1641315600000,4.8e-07,4.8e-07,4.6e-07,4.7e-07,905853.0
1641319200000,4.6e-07,4.8e-07,4.6e-07,4.7e-07,4002563.0
1641322800000,4.6e-07,4.7e-07,4.6e-07,4.7e-07,2105102.0
1641326400000,4.7e-07,4.8e-07,4.6e-07,4.7e-07,3548933.0
1641330000000,4.7e-07,4.9e-07,4.6e-07,4.7e-07,18708175.0
1641333600000,4.7e-07,5e-07,4.5e-07,4.8e-07,20095108.0
1641337200000,4.8e-07,4.9e-07,4.5e-07,4.6e-07,9977815.0
1641340800000,4.6e-07,4.6e-07,4.4e-07,4.5e-07,5865611.0
1641344400000,4.5e-07,4.6e-07,4.4e-07,4.6e-07,1475298.0
1641348000000,4.6e-07,4.6e-07,4.5e-07,4.6e-07,229958.0
1641351600000,4.6e-07,4.6e-07,4.5e-07,4.6e-07,6843.0
1641355200000,4.5e-07,4.6e-07,4.5e-07,4.5e-07,59408.0
1641358800000,4.6e-07,4.6e-07,4.5e-07,4.5e-07,788593.0
1641362400000,4.5e-07,4.7e-07,4.5e-07,4.6e-07,3274360.0
1641366000000,4.6e-07,4.7e-07,4.5e-07,4.5e-07,2569323.0
1641369600000,4.6e-07,4.6e-07,4.4e-07,4.5e-07,7818206.0
1641373200000,4.5e-07,4.6e-07,4.5e-07,4.6e-07,2616967.0
1641376800000,4.5e-07,4.6e-07,4.4e-07,4.6e-07,2736638.0
1641380400000,4.6e-07,4.6e-07,4.4e-07,4.5e-07,780073.0
1641384000000,4.5e-07,4.6e-07,4.4e-07,4.5e-07,752890.0
1641387600000,4.5e-07,4.6e-07,4.4e-07,4.6e-07,3098587.0
1641391200000,4.6e-07,4.6e-07,4.4e-07,4.5e-07,2644225.0
1641394800000,4.5e-07,4.5e-07,4.3e-07,4.4e-07,6494604.0
1641398400000,4.4e-07,4.5e-07,4.3e-07,4.4e-07,2870740.0
1641402000000,4.4e-07,4.4e-07,4.2e-07,4.3e-07,6079826.0
1641405600000,4.3e-07,4.4e-07,4.2e-07,4.4e-07,1913117.0
1641409200000,4.4e-07,4.4e-07,4.2e-07,4.3e-07,5601565.0
1641412800000,4.3e-07,4.3e-07,4.1e-07,4.2e-07,7468316.0
1641416400000,4.2e-07,4.2e-07,4e-07,4.1e-07,16631094.0
1641420000000,4.1e-07,4.2e-07,3.8e-07,4e-07,12397691.0
1641423600000,4.1e-07,4.3e-07,4e-07,4.2e-07,9027965.0
1641427200000,4.2e-07,4.3e-07,4.1e-07,4.1e-07,2875529.0
1641430800000,4.1e-07,4.2e-07,4e-07,4.1e-07,1622912.0
1641434400000,4.1e-07,4.2e-07,4e-07,4.1e-07,935880.0
1641438000000,4.1e-07,4.1e-07,3.9e-07,3.9e-07,5899738.0
1641441600000,3.9e-07,4.1e-07,3.8e-07,4.1e-07,5037146.0
1641445200000,4e-07,4.2e-07,3.9e-07,4.1e-07,4443019.0
1641448800000,4e-07,4.1e-07,3.9e-07,4e-07,4334098.0
1641452400000,4e-07,4.1e-07,3.9e-07,4e-07,2405149.0
1641456000000,3.9e-07,4e-07,3.7e-07,3.8e-07,10866248.0
1641459600000,3.8e-07,3.9e-07,3.7e-07,3.8e-07,8506412.0
1641463200000,3.8e-07,3.9e-07,3.8e-07,3.9e-07,5481761.0
1641466800000,3.9e-07,3.9e-07,3.8e-07,3.8e-07,250000.0
1641470400000,3.9e-07,4e-07,3.8e-07,3.9e-07,11471276.0
1641474000000,3.9e-07,4e-07,3.9e-07,4e-07,4351651.0
1641477600000,4.1e-07,4.1e-07,3.9e-07,4.1e-07,2479485.0
1641481200000,4e-07,4.1e-07,4e-07,4.1e-07,4317625.0
1641484800000,4e-07,4.1e-07,3.9e-07,4.1e-07,2539227.0
1641488400000,4.1e-07,4.1e-07,4e-07,4.1e-07,1003914.0
1641492000000,4.1e-07,4.2e-07,4e-07,4.2e-07,4330080.0
1641495600000,4.2e-07,4.2e-07,4e-07,4e-07,1152259.0
1641499200000,4e-07,4.1e-07,3.9e-07,4e-07,4951848.0
1641502800000,4e-07,4e-07,3.9e-07,4e-07,6187460.0
1641506400000,4e-07,4e-07,3.9e-07,4e-07,2881312.0
1641510000000,4e-07,4e-07,3.9e-07,4e-07,54583.0
1641513600000,3.9e-07,4e-07,3.9e-07,4e-07,164156.0
1641517200000,3.9e-07,4e-07,3.9e-07,3.9e-07,5023707.0
1641520800000,3.9e-07,4e-07,3.8e-07,3.9e-07,6601278.0
1641524400000,3.9e-07,3.9e-07,3.7e-07,3.8e-07,5220354.0
1641528000000,3.7e-07,3.8e-07,3.5e-07,3.7e-07,22210306.0
1641531600000,3.6e-07,3.7e-07,3.5e-07,3.7e-07,12032766.0
1641535200000,3.7e-07,3.7e-07,3.5e-07,3.6e-07,10652756.0
1641538800000,3.6e-07,3.7e-07,3.5e-07,3.7e-07,10479232.0
1641542400000,3.6e-07,3.8e-07,3.6e-07,3.8e-07,11689573.0
1641546000000,3.8e-07,3.8e-07,3.6e-07,3.8e-07,7909697.0
1641549600000,3.7e-07,3.7e-07,3.6e-07,3.6e-07,1201232.0
1641553200000,3.7e-07,3.7e-07,3.6e-07,3.7e-07,183564.0
1641556800000,3.7e-07,3.7e-07,3.6e-07,3.7e-07,67595.0
1641560400000,3.6e-07,3.7e-07,3.5e-07,3.7e-07,4839810.0
1641564000000,3.6e-07,3.7e-07,3.6e-07,3.7e-07,423480.0
1641567600000,3.7e-07,3.7e-07,3.6e-07,3.7e-07,2667338.0
1641571200000,3.7e-07,3.7e-07,3.3e-07,3.5e-07,17561125.0
1641574800000,3.5e-07,3.6e-07,3.4e-07,3.6e-07,12263043.0
1641578400000,3.6e-07,3.7e-07,3.4e-07,3.7e-07,9160267.0
1641582000000,3.7e-07,3.7e-07,3.6e-07,3.6e-07,7331569.0
1641585600000,3.6e-07,3.8e-07,3.6e-07,3.8e-07,9737103.0
1641589200000,3.7e-07,3.8e-07,3.6e-07,3.7e-07,975230.0
1641592800000,3.7e-07,3.7e-07,3.6e-07,3.6e-07,2644919.0
1641596400000,3.6e-07,3.7e-07,3.5e-07,3.6e-07,3217870.0
1641600000000,3.6e-07,3.7e-07,3.6e-07,3.7e-07,3153625.0
1641603600000,3.7e-07,3.7e-07,3.6e-07,3.7e-07,4191763.0
1641607200000,3.8e-07,3.8e-07,3.6e-07,3.7e-07,376422.0
1641610800000,3.7e-07,3.7e-07,3.6e-07,3.7e-07,656705.0
1641614400000,3.6e-07,3.8e-07,3.6e-07,3.8e-07,1316194.0
1641618000000,3.7e-07,3.9e-07,3.7e-07,3.7e-07,6173174.0
1641621600000,3.8e-07,3.8e-07,3.7e-07,3.8e-07,2746877.0
1641625200000,3.8e-07,3.9e-07,3.8e-07,3.9e-07,2407055.0
1641628800000,3.9e-07,3.9e-07,3.8e-07,3.8e-07,4374227.0
1641632400000,3.9e-07,3.9e-07,3.7e-07,3.8e-07,3923138.0
1641636000000,3.8e-07,3.9e-07,3.7e-07,3.8e-07,2882273.0
1641639600000,3.7e-07,3.9e-07,3.7e-07,3.8e-07,984502.0
1641643200000,3.8e-07,3.9e-07,3.7e-07,3.7e-07,943478.0
1641646800000,3.8e-07,3.8e-07,3.7e-07,3.8e-07,1077764.0
1641650400000,3.7e-07,3.8e-07,3.6e-07,3.7e-07,3159133.0
1641654000000,3.7e-07,3.7e-07,3.6e-07,3.6e-07,650059.0
1641657600000,3.7e-07,3.7e-07,3.6e-07,3.6e-07,2735744.0
1641661200000,3.5e-07,3.7e-07,3.5e-07,3.5e-07,4683476.0
1641664800000,3.5e-07,3.6e-07,3.4e-07,3.5e-07,6010544.0
1641668400000,3.4e-07,3.5e-07,3.4e-07,3.5e-07,1058862.0
1641672000000,3.5e-07,3.5e-07,3.4e-07,3.4e-07,2936514.0
1641675600000,3.5e-07,3.6e-07,3.4e-07,3.5e-07,1435352.0
1641679200000,3.5e-07,3.6e-07,3.5e-07,3.5e-07,1011040.0
1641682800000,3.6e-07,3.6e-07,3.5e-07,3.5e-07,3207603.0
1641686400000,3.5e-07,3.6e-07,3.4e-07,3.5e-07,2448791.0
1641690000000,3.5e-07,3.5e-07,3.4e-07,3.5e-07,1180952.0
1641693600000,3.6e-07,3.6e-07,3.5e-07,3.6e-07,693883.0
1641697200000,3.5e-07,3.6e-07,3.5e-07,3.6e-07,19374.0
1641700800000,3.6e-07,3.6e-07,3.6e-07,3.6e-07,80964.0
1641704400000,3.6e-07,3.6e-07,3.5e-07,3.6e-07,3971723.0
1641708000000,3.6e-07,3.6e-07,3.5e-07,3.5e-07,1671982.0
1641711600000,3.6e-07,3.6e-07,3.5e-07,3.5e-07,79149.0
1641715200000,3.6e-07,3.6e-07,3.5e-07,3.5e-07,45599.0
1641718800000,3.5e-07,3.6e-07,3.5e-07,3.6e-07,415089.0
1641722400000,3.5e-07,3.6e-07,3.5e-07,3.6e-07,574013.0
1641726000000,3.6e-07,3.6e-07,3.5e-07,3.5e-07,39578.0
1641729600000,3.6e-07,3.6e-07,3.5e-07,3.5e-07,2229019.0
1641733200000,3.6e-07,3.6e-07,3.4e-07,3.4e-07,4402363.0
1641736800000,3.5e-07,3.5e-07,3.4e-07,3.5e-07,104956.0
1641740400000,3.5e-07,3.5e-07,3.4e-07,3.5e-07,443517.0
1641744000000,3.5e-07,3.6e-07,3.4e-07,3.6e-07,2600564.0
1641747600000,3.6e-07,3.7e-07,3.5e-07,3.7e-07,9205999.0
1641751200000,3.7e-07,3.7e-07,3.6e-07,3.7e-07,1210705.0
1641754800000,3.7e-07,3.7e-07,3.6e-07,3.6e-07,214833.0
1641758400000,3.7e-07,3.7e-07,3.6e-07,3.7e-07,1124506.0
1641762000000,3.7e-07,3.7e-07,3.6e-07,3.7e-07,385298.0
1641765600000,3.7e-07,3.7e-07,3.6e-07,3.7e-07,153593.0
1641769200000,3.7e-07,3.7e-07,3.6e-07,3.6e-07,593899.0
1641772800000,3.6e-07,3.6e-07,3.5e-07,3.5e-07,1281033.0
1641776400000,3.6e-07,3.6e-07,3.5e-07,3.6e-07,78619.0
1641780000000,3.6e-07,3.7e-07,3.6e-07,3.7e-07,804470.0
1641783600000,3.7e-07,3.7e-07,3.5e-07,3.6e-07,1282662.0
1641787200000,3.7e-07,3.7e-07,3.6e-07,3.7e-07,4141.0
1641790800000,3.6e-07,3.7e-07,3.6e-07,3.6e-07,59832.0
1641794400000,3.6e-07,3.7e-07,3.6e-07,3.6e-07,3205617.0
1641798000000,3.6e-07,3.7e-07,3.6e-07,3.6e-07,939275.0
1641801600000,3.5e-07,3.6e-07,3.5e-07,3.6e-07,1707451.0
1641805200000,3.6e-07,3.6e-07,3.5e-07,3.5e-07,120248.0
1641808800000,3.5e-07,3.6e-07,3.5e-07,3.6e-07,140762.0
1641812400000,3.5e-07,3.6e-07,3.5e-07,3.6e-07,2339532.0
1641816000000,3.5e-07,3.5e-07,3.4e-07,3.5e-07,1261264.0
1641819600000,3.5e-07,3.5e-07,3.4e-07,3.5e-07,554389.0
1641823200000,3.5e-07,3.5e-07,3.3e-07,3.5e-07,10473507.0
1641826800000,3.4e-07,3.5e-07,3.2e-07,3.4e-07,6519240.0
1641830400000,3.4e-07,3.5e-07,3.3e-07,3.4e-07,6309674.0
1641834000000,3.4e-07,3.4e-07,3.3e-07,3.4e-07,3011347.0
1641837600000,3.4e-07,3.5e-07,3.3e-07,3.4e-07,2447882.0
1641841200000,3.4e-07,3.5e-07,3.3e-07,3.4e-07,5845740.0
1641844800000,3.4e-07,3.5e-07,3.3e-07,3.4e-07,3050060.0
1641848400000,3.4e-07,3.5e-07,3.3e-07,3.3e-07,2268132.0
1641852000000,3.4e-07,3.4e-07,3.4e-07,3.4e-07,26347.0
1641855600000,3.4e-07,3.4e-07,3.3e-07,3.3e-07,63963.0
1641859200000,3.4e-07,3.5e-07,3.4e-07,3.4e-07,16155155.0
1641862800000,3.4e-07,3.5e-07,3.3e-07,3.5e-07,3719848.0
1641866400000,3.5e-07,3.5e-07,3.2e-07,3.4e-07,12961494.0
1641870000000,3.4e-07,3.4e-07,3.2e-07,3.3e-07,2248487.0
1641873600000,3.4e-07,3.4e-07,3.3e-07,3.3e-07,913208.0
1641877200000,3.2e-07,3.3e-07,3.2e-07,3.3e-07,3366830.0
1641880800000,3.3e-07,3.4e-07,3.3e-07,3.3e-07,4801972.0
1641884400000,3.3e-07,3.4e-07,3.3e-07,3.3e-07,900381.0
1641888000000,3.4e-07,3.4e-07,3.3e-07,3.3e-07,198256.0
1641891600000,3.3e-07,3.4e-07,3.3e-07,3.4e-07,111191.0
1641895200000,3.4e-07,3.4e-07,3.3e-07,3.4e-07,2654549.0
1641898800000,3.4e-07,3.4e-07,3.3e-07,3.4e-07,3904761.0
1641902400000,3.4e-07,3.4e-07,3.3e-07,3.3e-07,126784.0
1641906000000,3.4e-07,3.4e-07,3.3e-07,3.4e-07,178390.0
1641909600000,3.4e-07,3.4e-07,3.3e-07,3.3e-07,429972.0
1641913200000,3.3e-07,3.4e-07,3.3e-07,3.3e-07,353098.0
1641916800000,3.4e-07,3.5e-07,3.3e-07,3.4e-07,7456756.0
1641920400000,3.5e-07,3.5e-07,3.3e-07,3.5e-07,2732127.0
1641924000000,3.5e-07,3.5e-07,3.4e-07,3.5e-07,384129.0
1641927600000,3.5e-07,3.5e-07,3.3e-07,3.4e-07,747860.0
1641931200000,3.4e-07,3.5e-07,3.4e-07,3.4e-07,272672.0
1641934800000,3.4e-07,3.5e-07,3.3e-07,3.4e-07,300098.0
1641938400000,3.4e-07,3.5e-07,3.3e-07,3.4e-07,386500.0
1641942000000,3.4e-07,3.5e-07,3.4e-07,3.4e-07,1757676.0
1641945600000,3.5e-07,3.5e-07,3.4e-07,3.4e-07,1496989.0
1641949200000,3.4e-07,3.5e-07,3.4e-07,3.5e-07,2880847.0
1641952800000,3.5e-07,3.5e-07,3.4e-07,3.5e-07,43954.0
1641956400000,3.5e-07,3.5e-07,3.5e-07,3.5e-07,183503.0
1641960000000,3.4e-07,3.6e-07,3.4e-07,3.4e-07,2950952.0
1641963600000,3.4e-07,3.6e-07,3.4e-07,3.5e-07,5976078.0
1641967200000,3.5e-07,3.6e-07,3.5e-07,3.5e-07,358333.0
1641970800000,3.6e-07,3.6e-07,3.5e-07,3.5e-07,1430842.0
1641974400000,3.6e-07,3.6e-07,3.4e-07,3.5e-07,5175963.0
1641978000000,3.5e-07,3.6e-07,3.4e-07,3.6e-07,1717957.0
1641981600000,3.6e-07,3.6e-07,3.5e-07,3.6e-07,328169.0
1641985200000,3.6e-07,3.6e-07,3.5e-07,3.5e-07,2763954.0
1641988800000,3.5e-07,3.6e-07,3.5e-07,3.5e-07,2402605.0
1641992400000,3.5e-07,3.6e-07,3.4e-07,3.6e-07,2368599.0
1641996000000,3.6e-07,3.6e-07,3.5e-07,3.6e-07,2656886.0
1641999600000,3.6e-07,3.7e-07,3.6e-07,3.6e-07,2305077.0
1642003200000,3.6e-07,3.7e-07,3.5e-07,3.6e-07,5502987.0
1642006800000,3.7e-07,3.7e-07,3.6e-07,3.7e-07,576662.0
1642010400000,3.7e-07,3.8e-07,3.6e-07,3.7e-07,5432681.0
1642014000000,3.7e-07,3.8e-07,3.6e-07,3.7e-07,5169049.0
1642017600000,3.8e-07,3.8e-07,3.6e-07,3.6e-07,905997.0
1642021200000,3.7e-07,3.7e-07,3.6e-07,3.6e-07,64409.0
1642024800000,3.7e-07,3.7e-07,3.5e-07,3.6e-07,6412070.0
1642028400000,3.6e-07,3.7e-07,3.5e-07,3.6e-07,1906725.0
1642032000000,3.6e-07,3.6e-07,3.5e-07,3.6e-07,333501.0
1642035600000,3.6e-07,3.6e-07,3.4e-07,3.5e-07,4424531.0
1642039200000,3.5e-07,3.5e-07,3.4e-07,3.5e-07,2654303.0
1642042800000,3.5e-07,3.6e-07,3.4e-07,3.6e-07,3385012.0
1642046400000,3.5e-07,3.6e-07,3.5e-07,3.5e-07,1864779.0
1642050000000,3.5e-07,3.6e-07,3.5e-07,3.5e-07,3183480.0
1642053600000,3.4e-07,3.6e-07,3.4e-07,3.5e-07,3987172.0
1642057200000,3.5e-07,3.6e-07,3.5e-07,3.6e-07,358390.0
1642060800000,3.6e-07,3.6e-07,3.5e-07,3.5e-07,37599.0
1642064400000,3.6e-07,3.6e-07,3.5e-07,3.6e-07,772955.0
1642068000000,3.5e-07,3.6e-07,3.5e-07,3.6e-07,384601.0
1642071600000,3.6e-07,3.6e-07,3.4e-07,3.5e-07,186532.0
1642075200000,3.5e-07,3.5e-07,3.4e-07,3.5e-07,2788573.0
1642078800000,3.6e-07,3.6e-07,3.5e-07,3.5e-07,1209665.0
1642082400000,3.5e-07,3.6e-07,3.4e-07,3.6e-07,707625.0
1642086000000,3.5e-07,3.6e-07,3.4e-07,3.5e-07,1124809.0
1642089600000,3.5e-07,3.5e-07,3.4e-07,3.5e-07,379380.0
1642093200000,3.4e-07,3.5e-07,3.4e-07,3.4e-07,259674.0
1642096800000,3.4e-07,3.5e-07,3.4e-07,3.5e-07,1808434.0
1642100400000,3.5e-07,3.5e-07,3.4e-07,3.5e-07,5070103.0
1642104000000,3.4e-07,3.5e-07,3.4e-07,3.5e-07,106740.0
1642107600000,3.5e-07,3.5e-07,3.4e-07,3.4e-07,34563.0
1642111200000,3.5e-07,3.5e-07,3.3e-07,3.4e-07,900964.0
1642114800000,3.3e-07,3.5e-07,3.3e-07,3.4e-07,1241379.0
1642118400000,3.4e-07,3.5e-07,3.3e-07,3.4e-07,1583117.0
1642122000000,3.4e-07,3.4e-07,3.3e-07,3.3e-07,21032.0
1642125600000,3.3e-07,3.4e-07,3.3e-07,3.4e-07,535253.0
1642129200000,3.4e-07,3.4e-07,3.3e-07,3.3e-07,1820987.0
1642132800000,3.4e-07,3.5e-07,3.4e-07,3.5e-07,1072131.0
1642136400000,3.5e-07,3.5e-07,3.3e-07,3.4e-07,780376.0
1642140000000,3.4e-07,3.4e-07,3.3e-07,3.4e-07,524865.0
1642143600000,3.4e-07,3.4e-07,3.3e-07,3.4e-07,1002930.0
1642147200000,3.3e-07,3.4e-07,3.3e-07,3.3e-07,300023.0
1642150800000,3.3e-07,3.4e-07,3.3e-07,3.4e-07,43249.0
1642154400000,3.4e-07,3.4e-07,3.3e-07,3.3e-07,30489.0
1642158000000,3.4e-07,3.4e-07,3.3e-07,3.3e-07,806996.0
1642161600000,3.3e-07,3.4e-07,3.3e-07,3.4e-07,155924.0
1642165200000,3.3e-07,3.4e-07,3.3e-07,3.3e-07,739481.0
1642168800000,3.3e-07,3.4e-07,3.3e-07,3.4e-07,61027.0
1642172400000,3.4e-07,3.4e-07,3.3e-07,3.4e-07,268453.0
1642176000000,3.4e-07,3.4e-07,3.3e-07,3.4e-07,31525.0
1642179600000,3.3e-07,3.4e-07,3.3e-07,3.4e-07,44203.0
1642183200000,3.3e-07,3.4e-07,3.3e-07,3.3e-07,83565.0
1642186800000,3.4e-07,3.4e-07,3.2e-07,3.3e-07,11558249.0
1642190400000,3.3e-07,3.4e-07,3.3e-07,3.3e-07,61060.0
1642194000000,3.3e-07,3.4e-07,3.3e-07,3.4e-07,20640.0
1642197600000,3.3e-07,3.4e-07,3.3e-07,3.4e-07,261878.0
1642201200000,3.4e-07,3.4e-07,3.3e-07,3.4e-07,68718.0
1642204800000,3.4e-07,3.4e-07,3.4e-07,3.4e-07,14205.0
1642208400000,3.3e-07,3.4e-07,3.2e-07,3.2e-07,3007214.0
1642212000000,3.3e-07,3.3e-07,3.2e-07,3.3e-07,164614.0
1642215600000,3.2e-07,3.3e-07,3.2e-07,3.3e-07,24097.0
1642219200000,3.3e-07,3.3e-07,3.2e-07,3.2e-07,40086.0
1642222800000,3.3e-07,3.3e-07,3.3e-07,3.3e-07,147015.0
1642226400000,3.3e-07,3.3e-07,3.3e-07,3.3e-07,1188.0
1642230000000,3.3e-07,3.3e-07,3.3e-07,3.3e-07,6523.0
1642233600000,3.2e-07,3.4e-07,3.2e-07,3.4e-07,6476183.0
1642237200000,3.4e-07,3.4e-07,3.3e-07,3.3e-07,8581.0
1642240800000,3.3e-07,3.5e-07,3.3e-07,3.5e-07,14040037.0
1642244400000,3.5e-07,3.5e-07,3.3e-07,3.4e-07,3399929.0
1642248000000,3.4e-07,3.5e-07,3.3e-07,3.4e-07,4844930.0
1642251600000,3.4e-07,3.5e-07,3.4e-07,3.4e-07,142890.0
1642255200000,3.4e-07,3.5e-07,3.3e-07,3.5e-07,1290589.0
1642258800000,3.4e-07,3.5e-07,3.3e-07,3.4e-07,1043037.0
1642262400000,3.4e-07,3.5e-07,3.4e-07,3.5e-07,31083.0
1642266000000,3.4e-07,3.5e-07,3.4e-07,3.4e-07,538389.0
1642269600000,3.5e-07,3.5e-07,3.3e-07,3.4e-07,4731771.0
1642273200000,3.3e-07,3.5e-07,3.3e-07,3.4e-07,1326282.0
1642276800000,3.4e-07,3.4e-07,3.3e-07,3.4e-07,2800325.0
1642280400000,3.4e-07,3.4e-07,3.3e-07,3.3e-07,33860.0
1642284000000,3.4e-07,3.4e-07,3.3e-07,3.3e-07,21079.0
1642287600000,3.4e-07,3.4e-07,3.3e-07,3.4e-07,128872.0
1642291200000,3.4e-07,3.4e-07,3.3e-07,3.4e-07,1988678.0
1642294800000,3.4e-07,3.5e-07,3.3e-07,3.4e-07,2201333.0
1642298400000,3.4e-07,3.6e-07,3.3e-07,3.5e-07,7509930.0
1642302000000,3.5e-07,3.6e-07,3.4e-07,3.5e-07,1638080.0
1642305600000,3.5e-07,3.6e-07,3.5e-07,3.5e-07,331211.0
1642309200000,3.5e-07,3.6e-07,3.5e-07,3.6e-07,1106230.0
1642312800000,3.6e-07,3.6e-07,3.4e-07,3.5e-07,1130431.0
1642316400000,3.5e-07,3.6e-07,3.5e-07,3.6e-07,97499.0
1642320000000,3.6e-07,3.6e-07,3.5e-07,3.6e-07,1367094.0
1642323600000,3.5e-07,3.6e-07,3.5e-07,3.6e-07,6538398.0
1642327200000,3.6e-07,3.7e-07,3.6e-07,3.6e-07,2901605.0
1642330800000,3.6e-07,3.8e-07,3.6e-07,3.7e-07,7407054.0
1642334400000,3.7e-07,3.8e-07,3.6e-07,3.7e-07,3096765.0
1642338000000,3.7e-07,3.8e-07,3.6e-07,3.6e-07,4388787.0
1642341600000,3.7e-07,3.8e-07,3.6e-07,3.8e-07,2629510.0
1642345200000,3.8e-07,3.8e-07,3.6e-07,3.7e-07,3792961.0
1642348800000,3.8e-07,3.8e-07,3.6e-07,3.7e-07,1667255.0
1642352400000,3.6e-07,3.7e-07,3.5e-07,3.6e-07,3533768.0
1642356000000,3.5e-07,3.6e-07,3.5e-07,3.6e-07,561171.0
1642359600000,3.5e-07,3.7e-07,3.5e-07,3.6e-07,1435690.0
1642363200000,3.6e-07,3.7e-07,3.5e-07,3.7e-07,2452861.0
1642366800000,3.7e-07,3.8e-07,3.6e-07,3.7e-07,4798942.0
1642370400000,3.8e-07,3.8e-07,3.6e-07,3.7e-07,2066920.0
1642374000000,3.6e-07,3.7e-07,3.6e-07,3.7e-07,2313855.0
1642377600000,3.7e-07,3.8e-07,3.6e-07,3.8e-07,649387.0
1642381200000,3.7e-07,3.8e-07,3.6e-07,3.6e-07,514758.0
1642384800000,3.6e-07,3.7e-07,3.5e-07,3.6e-07,3766884.0
1642388400000,3.6e-07,3.6e-07,3.4e-07,3.4e-07,6234269.0
1642392000000,3.4e-07,3.5e-07,3.4e-07,3.5e-07,173800.0
1642395600000,3.5e-07,3.5e-07,3.4e-07,3.5e-07,6950497.0
1642399200000,3.4e-07,3.5e-07,3.3e-07,3.4e-07,4721751.0
1642402800000,3.4e-07,3.5e-07,3.3e-07,3.5e-07,2056706.0
1642406400000,3.4e-07,3.5e-07,3.2e-07,3.4e-07,10347935.0
1642410000000,3.3e-07,3.4e-07,3.2e-07,3.4e-07,2625933.0
1642413600000,3.4e-07,3.4e-07,3.2e-07,3.4e-07,3203504.0
1642417200000,3.4e-07,3.4e-07,3.3e-07,3.4e-07,264140.0
1642420800000,3.3e-07,3.4e-07,3.2e-07,3.4e-07,1662519.0
1642424400000,3.4e-07,3.4e-07,3.3e-07,3.4e-07,724965.0
1642428000000,3.4e-07,3.4e-07,3.3e-07,3.3e-07,103908.0
1642431600000,3.4e-07,3.4e-07,3.3e-07,3.4e-07,402693.0
1642435200000,3.4e-07,3.4e-07,3.3e-07,3.3e-07,1420577.0
1642438800000,3.3e-07,3.4e-07,3.3e-07,3.4e-07,1927114.0
1642442400000,3.4e-07,3.4e-07,3.3e-07,3.3e-07,6962483.0
1642446000000,3.4e-07,3.4e-07,3.3e-07,3.3e-07,1790112.0
1642449600000,3.4e-07,3.4e-07,3.2e-07,3.2e-07,2690092.0
1642453200000,3.3e-07,3.4e-07,3.2e-07,3.3e-07,851805.0
1642456800000,3.3e-07,3.4e-07,3.2e-07,3.4e-07,3695651.0
1642460400000,3.4e-07,3.4e-07,3.2e-07,3.3e-07,2923868.0
1642464000000,3.2e-07,3.3e-07,3.2e-07,3.3e-07,807808.0
1642467600000,3.2e-07,3.3e-07,3.2e-07,3.3e-07,352805.0
1642471200000,3.2e-07,3.3e-07,3.2e-07,3.3e-07,211820.0
1642474800000,3.3e-07,3.3e-07,3.2e-07,3.3e-07,212458.0
1642478400000,3.3e-07,3.3e-07,3.1e-07,3.2e-07,3759304.0
1642482000000,3.2e-07,3.2e-07,3.1e-07,3.1e-07,466098.0
1642485600000,3.1e-07,3.2e-07,3.1e-07,3.2e-07,171030.0
1642489200000,3.2e-07,3.2e-07,3.1e-07,3.1e-07,556935.0
1642492800000,3.2e-07,3.2e-07,3.1e-07,3.2e-07,139966.0
1642496400000,3.2e-07,3.2e-07,3e-07,3.1e-07,7538343.0
1642500000000,3.1e-07,3.1e-07,3e-07,3e-07,1484708.0
1642503600000,3.1e-07,3.1e-07,3e-07,3e-07,544795.0
1642507200000,3.1e-07,3.1e-07,3e-07,3.1e-07,903161.0
1642510800000,3.1e-07,3.1e-07,2.9e-07,3e-07,13300947.0
1642514400000,3e-07,3.1e-07,2.9e-07,3e-07,6921585.0
1642518000000,3e-07,3.1e-07,2.9e-07,3.1e-07,20293554.0
1642521600000,3.1e-07,3.1e-07,3e-07,3.1e-07,73949.0
1642525200000,3e-07,3.1e-07,3e-07,3e-07,257002.0
1642528800000,3.1e-07,3.1e-07,3e-07,3e-07,2002891.0
1642532400000,3e-07,3.1e-07,3e-07,3.1e-07,678096.0
1642536000000,3e-07,3.1e-07,2.9e-07,2.9e-07,906048.0
1642539600000,2.9e-07,3.1e-07,2.9e-07,3.1e-07,2923749.0
1642543200000,3.1e-07,3.1e-07,3e-07,3e-07,98429.0
1642546800000,3.1e-07,3.1e-07,3e-07,3e-07,924994.0
1642550400000,3.1e-07,3.1e-07,2.9e-07,3e-07,1647584.0
1642554000000,3.1e-07,3.1e-07,3e-07,3.1e-07,98600.0
1642557600000,3.1e-07,3.1e-07,3e-07,3e-07,188845.0
1642561200000,3e-07,3.1e-07,2.9e-07,2.9e-07,940170.0
1642564800000,3.1e-07,3.1e-07,2.9e-07,3e-07,1137799.0
1642568400000,3e-07,3e-07,2.9e-07,3e-07,420453.0
1642572000000,3e-07,3e-07,3e-07,3e-07,762041.0
1642575600000,3e-07,3e-07,2.8e-07,2.9e-07,7356594.0
1642579200000,2.8e-07,2.9e-07,2.8e-07,2.8e-07,303923.0
1642582800000,2.9e-07,2.9e-07,2.8e-07,2.9e-07,7468169.0
1642586400000,2.9e-07,2.9e-07,2.9e-07,2.9e-07,33361.0
1642590000000,2.9e-07,3e-07,2.8e-07,2.9e-07,3073484.0
1642593600000,2.9e-07,3e-07,2.8e-07,2.8e-07,3328059.0
1642597200000,2.9e-07,2.9e-07,2.8e-07,2.9e-07,3326605.0
1642600800000,2.9e-07,3e-07,2.9e-07,2.9e-07,912599.0
1642604400000,2.9e-07,3e-07,2.8e-07,2.9e-07,1050789.0
1642608000000,2.9e-07,2.9e-07,2.8e-07,2.8e-07,160616.0
1642611600000,2.9e-07,3e-07,2.8e-07,2.9e-07,6217255.0
1642615200000,2.9e-07,3e-07,2.9e-07,3e-07,166427.0
1642618800000,3e-07,3e-07,2.9e-07,3e-07,73299.0
1642622400000,2.9e-07,3e-07,2.8e-07,2.9e-07,3436782.0
1642626000000,2.9e-07,3e-07,2.8e-07,2.9e-07,409201.0
1642629600000,2.9e-07,2.9e-07,2.8e-07,2.9e-07,148676.0
1642633200000,2.8e-07,2.9e-07,2.8e-07,2.9e-07,29685.0
1642636800000,2.9e-07,2.9e-07,2.8e-07,2.9e-07,74359.0
1642640400000,2.9e-07,2.9e-07,2.8e-07,2.8e-07,90009.0
1642644000000,2.9e-07,2.9e-07,2.8e-07,2.9e-07,4751617.0
1642647600000,2.9e-07,3e-07,2.8e-07,2.9e-07,671297.0
1642651200000,2.9e-07,3e-07,2.8e-07,2.9e-07,370595.0
1642654800000,2.9e-07,3e-07,2.9e-07,2.9e-07,194217.0
1642658400000,2.9e-07,3e-07,2.9e-07,2.9e-07,1021390.0
1642662000000,2.9e-07,2.9e-07,2.8e-07,2.9e-07,3718735.0
1642665600000,3e-07,3e-07,2.8e-07,2.9e-07,202538.0
1642669200000,2.9e-07,3e-07,2.8e-07,2.9e-07,1587228.0
1642672800000,2.9e-07,3e-07,2.8e-07,3e-07,468156.0
1642676400000,2.9e-07,3e-07,2.9e-07,3e-07,57839.0
1642680000000,2.9e-07,3e-07,2.9e-07,3e-07,452747.0
1642683600000,3e-07,3e-07,2.9e-07,3e-07,106046.0
1642687200000,3e-07,3e-07,2.9e-07,3e-07,1917507.0
1642690800000,3e-07,3e-07,2.9e-07,3e-07,10518111.0
1642694400000,3e-07,3e-07,2.9e-07,2.9e-07,1638782.0
1642698000000,2.9e-07,3e-07,2.9e-07,2.9e-07,238868.0
1642701600000,2.9e-07,3e-07,2.9e-07,3e-07,2813649.0
1642705200000,2.9e-07,3e-07,2.9e-07,3e-07,90659.0
1642708800000,2.9e-07,3e-07,2.9e-07,3e-07,82817.0
1642712400000,3e-07,3e-07,2.8e-07,2.9e-07,6481188.0
1642716000000,2.9e-07,3.4e-07,2.8e-07,3.1e-07,54043531.0
1642719600000,3e-07,3.1e-07,2.9e-07,2.9e-07,3824810.0
1642723200000,3e-07,3.1e-07,2.9e-07,3e-07,4208947.0
1642726800000,3e-07,3.1e-07,2.9e-07,2.9e-07,2404660.0
1642730400000,3e-07,3e-07,2.9e-07,3e-07,43990.0
1642734000000,3e-07,3e-07,2.9e-07,3e-07,34492.0
1642737600000,2.9e-07,3e-07,2.9e-07,3e-07,1387770.0
1642741200000,2.9e-07,3e-07,2.8e-07,3e-07,6101414.0
1642744800000,3e-07,3e-07,2.7e-07,2.8e-07,9748874.0
1642748400000,2.8e-07,2.8e-07,2.7e-07,2.8e-07,339965.0
1642752000000,2.8e-07,2.9e-07,2.7e-07,2.8e-07,6797620.0
1642755600000,2.8e-07,2.8e-07,2.7e-07,2.8e-07,1234496.0
1642759200000,2.8e-07,2.8e-07,2.6e-07,2.7e-07,5466716.0
1642762800000,2.6e-07,2.7e-07,2.5e-07,2.7e-07,15728952.0
1642766400000,2.6e-07,2.7e-07,2.5e-07,2.6e-07,28350431.0
1642770000000,2.7e-07,2.7e-07,2.5e-07,2.6e-07,14635052.0
1642773600000,2.6e-07,2.7e-07,2.5e-07,2.6e-07,10149004.0
1642777200000,2.6e-07,2.7e-07,2.5e-07,2.7e-07,7207650.0
1642780800000,2.6e-07,2.8e-07,2.6e-07,2.7e-07,11790363.0
1642784400000,2.7e-07,2.8e-07,2.6e-07,2.7e-07,7180806.0
1642788000000,2.6e-07,2.8e-07,2.6e-07,2.7e-07,3773264.0
1642791600000,2.6e-07,2.7e-07,2.6e-07,2.7e-07,3131827.0
1642795200000,2.6e-07,2.7e-07,2.6e-07,2.7e-07,777397.0
1642798800000,2.7e-07,2.7e-07,2.5e-07,2.6e-07,15817818.0
1642802400000,2.6e-07,2.6e-07,2.4e-07,2.5e-07,7642976.0
1642806000000,2.5e-07,2.6e-07,2.4e-07,2.5e-07,10302961.0
1642809600000,2.5e-07,2.7e-07,2.4e-07,2.5e-07,10569719.0
1642813200000,2.5e-07,2.6e-07,2.4e-07,2.5e-07,9588831.0
1642816800000,2.5e-07,2.6e-07,2.5e-07,2.5e-07,378467.0
1642820400000,2.5e-07,2.6e-07,2.5e-07,2.5e-07,1764815.0
1642824000000,2.5e-07,2.5e-07,2.4e-07,2.4e-07,8531.0
1642827600000,2.5e-07,2.5e-07,2.3e-07,2.3e-07,6910645.0
1642831200000,2.3e-07,2.4e-07,2.1e-07,2.1e-07,14860733.0
1642834800000,2.2e-07,2.2e-07,2.1e-07,2.1e-07,3865233.0
1642838400000,2.1e-07,2.3e-07,2.1e-07,2.3e-07,33192331.0
1642842000000,2.2e-07,2.2e-07,2.1e-07,2.1e-07,11607529.0
1642845600000,2.1e-07,2.2e-07,1.9e-07,2.2e-07,29131572.0
1642849200000,2.2e-07,2.2e-07,2.1e-07,2.2e-07,5177226.0
1642852800000,2.2e-07,2.3e-07,2.1e-07,2.3e-07,9118340.0
1642856400000,2.3e-07,2.4e-07,2.2e-07,2.3e-07,12704201.0
1642860000000,2.3e-07,2.3e-07,2.2e-07,2.2e-07,5483663.0
1642863600000,2.2e-07,2.3e-07,2.1e-07,2.2e-07,7710337.0
1642867200000,2.2e-07,2.3e-07,2.1e-07,2.2e-07,9771487.0
1642870800000,2.2e-07,2.3e-07,2.1e-07,2.1e-07,4488327.0
1642874400000,2.2e-07,2.2e-07,2.1e-07,2.1e-07,6070101.0
1642878000000,2.1e-07,2.2e-07,2.1e-07,2.2e-07,5249086.0
1642881600000,2.2e-07,2.2e-07,2.1e-07,2.2e-07,12654714.0
1642885200000,2.2e-07,2.3e-07,2.1e-07,2.2e-07,10554605.0
1642888800000,2.3e-07,2.3e-07,2.2e-07,2.2e-07,4220748.0
1642892400000,2.2e-07,2.3e-07,2.2e-07,2.2e-07,35287.0
1642896000000,2.3e-07,2.4e-07,2.2e-07,2.3e-07,9122295.0
1642899600000,2.3e-07,2.4e-07,2.2e-07,2.3e-07,1728456.0
1642903200000,2.4e-07,2.4e-07,2.3e-07,2.3e-07,4040678.0
1642906800000,2.3e-07,2.3e-07,2.2e-07,2.3e-07,885422.0
1642910400000,2.3e-07,2.3e-07,2.2e-07,2.3e-07,1167434.0
1642914000000,2.3e-07,2.4e-07,2.2e-07,2.3e-07,1755294.0
1642917600000,2.3e-07,2.4e-07,2.3e-07,2.4e-07,83005.0
1642921200000,2.4e-07,2.5e-07,2.3e-07,2.4e-07,14958461.0
1642924800000,2.4e-07,2.5e-07,2.3e-07,2.4e-07,2841750.0
1642928400000,2.4e-07,2.5e-07,2.4e-07,2.5e-07,1437419.0
1642932000000,2.5e-07,2.5e-07,2.4e-07,2.5e-07,1183017.0
1642935600000,2.5e-07,2.5e-07,2.4e-07,2.5e-07,957685.0
1642939200000,2.4e-07,2.5e-07,2.3e-07,2.4e-07,3165433.0
1642942800000,2.4e-07,2.5e-07,2.4e-07,2.5e-07,535612.0
1642946400000,2.5e-07,2.5e-07,2.3e-07,2.4e-07,3678994.0
1642950000000,2.4e-07,2.4e-07,2.3e-07,2.4e-07,135127.0
1642953600000,2.3e-07,2.4e-07,2.3e-07,2.4e-07,1953344.0
1642957200000,2.4e-07,2.4e-07,2.3e-07,2.4e-07,62645.0
1642960800000,2.4e-07,2.4e-07,2.3e-07,2.3e-07,8540113.0
1642964400000,2.3e-07,2.3e-07,2.2e-07,2.3e-07,3974363.0
1642968000000,2.3e-07,2.3e-07,2.2e-07,2.2e-07,443619.0
1642971600000,2.2e-07,2.3e-07,2.2e-07,2.3e-07,497797.0
1642975200000,2.2e-07,2.3e-07,2.2e-07,2.3e-07,189592.0
1642978800000,2.3e-07,2.4e-07,2.2e-07,2.4e-07,5040989.0
1642982400000,2.3e-07,2.4e-07,2.2e-07,2.3e-07,5455004.0
1642986000000,2.3e-07,2.3e-07,2.2e-07,2.3e-07,608850.0
1642989600000,2.3e-07,2.3e-07,2.2e-07,2.3e-07,721412.0
1642993200000,2.3e-07,2.3e-07,2.2e-07,2.3e-07,186166.0
1642996800000,2.3e-07,2.3e-07,2.2e-07,2.3e-07,1012748.0
1643000400000,2.3e-07,2.3e-07,2.2e-07,2.3e-07,1176647.0
1643004000000,2.3e-07,2.3e-07,2.2e-07,2.3e-07,15501.0
1643007600000,2.2e-07,2.3e-07,2.2e-07,2.3e-07,779826.0
1643011200000,2.3e-07,2.3e-07,2.1e-07,2.2e-07,10466600.0
1643014800000,2.2e-07,2.3e-07,2.1e-07,2.1e-07,2413370.0
1643018400000,2.2e-07,2.2e-07,2e-07,2.1e-07,8233800.0
1643022000000,2.1e-07,2.1e-07,2e-07,2.1e-07,963037.0
1643025600000,2e-07,2.2e-07,2e-07,2.1e-07,16677132.0
1643029200000,2.1e-07,2.2e-07,2e-07,2.1e-07,4510326.0
1643032800000,2.1e-07,2.2e-07,2.1e-07,2.2e-07,2695494.0
1643036400000,2.1e-07,2.2e-07,2e-07,2.1e-07,5711122.0
1643040000000,2.2e-07,2.2e-07,2.1e-07,2.1e-07,606227.0
1643043600000,2.1e-07,2.1e-07,2e-07,2e-07,2284704.0
1643047200000,2.1e-07,2.2e-07,2.1e-07,2.2e-07,4446710.0
1643050800000,2.2e-07,2.2e-07,2.1e-07,2.1e-07,161066.0
1643054400000,2.2e-07,2.2e-07,2.1e-07,2.1e-07,13053301.0
1643058000000,2.1e-07,2.2e-07,2.1e-07,2.2e-07,359717.0
1643061600000,2.2e-07,2.2e-07,2.1e-07,2.2e-07,3103918.0
1643065200000,2.2e-07,2.2e-07,2.1e-07,2.1e-07,2399327.0
1643068800000,2.2e-07,2.2e-07,2.1e-07,2.2e-07,73887.0
1643072400000,2.2e-07,2.2e-07,2.1e-07,2.2e-07,82014.0
1643076000000,2.2e-07,2.2e-07,2.1e-07,2.1e-07,658874.0
1643079600000,2.2e-07,2.3e-07,2.1e-07,2.3e-07,1682099.0
1643083200000,2.2e-07,2.3e-07,2.1e-07,2.2e-07,3157546.0
1643086800000,2.2e-07,2.2e-07,2.1e-07,2.1e-07,303479.0
1643090400000,2.2e-07,2.2e-07,2.1e-07,2.1e-07,578399.0
1643094000000,2.2e-07,2.2e-07,2.1e-07,2.1e-07,5458762.0
1643097600000,2.1e-07,2.2e-07,2.1e-07,2.2e-07,7046.0
1643101200000,2.1e-07,2.2e-07,2.1e-07,2.2e-07,89107.0
1643104800000,2.2e-07,2.3e-07,2.1e-07,2.1e-07,4126914.0
1643108400000,2.2e-07,2.2e-07,2.1e-07,2.2e-07,160947.0
1643112000000,2.1e-07,2.2e-07,2.1e-07,2.1e-07,100118.0
1643115600000,2.2e-07,2.3e-07,2.2e-07,2.2e-07,5675971.0
1643119200000,2.2e-07,2.3e-07,2.2e-07,2.3e-07,7842594.0
1643122800000,2.3e-07,2.4e-07,2.2e-07,2.4e-07,7938002.0
1643126400000,2.4e-07,2.4e-07,2.3e-07,2.4e-07,3194363.0
1643130000000,2.3e-07,2.5e-07,2.3e-07,2.4e-07,7700778.0
1643133600000,2.4e-07,2.7e-07,2.4e-07,2.5e-07,21537511.0
1643137200000,2.6e-07,2.6e-07,2.5e-07,2.6e-07,3926720.0
1643140800000,2.5e-07,2.6e-07,2.4e-07,2.5e-07,7938320.0
1643144400000,2.5e-07,2.5e-07,2.4e-07,2.4e-07,3764461.0
1643148000000,2.5e-07,2.5e-07,2.4e-07,2.4e-07,153127.0
1643151600000,2.5e-07,2.5e-07,2.2e-07,2.3e-07,23124753.0
1643155200000,2.3e-07,2.3e-07,2e-07,2.1e-07,32292069.0
1643158800000,2e-07,2.2e-07,2e-07,2.1e-07,11069798.0
1643162400000,2.1e-07,2.2e-07,2e-07,2.1e-07,8993202.0
1643166000000,2.1e-07,2.2e-07,2.1e-07,2.2e-07,1429231.0
1643169600000,2.1e-07,2.2e-07,2.1e-07,2.1e-07,4975898.0
1643173200000,2.1e-07,2.2e-07,2e-07,2.2e-07,3617061.0
1643176800000,2.1e-07,2.2e-07,2.1e-07,2.1e-07,1762597.0
1643180400000,2.1e-07,2.2e-07,2.1e-07,2.2e-07,194174.0
1643184000000,2.2e-07,2.2e-07,2.1e-07,2.1e-07,168281.0
1643187600000,2.2e-07,2.2e-07,2.1e-07,2.1e-07,670490.0
1643191200000,2.2e-07,2.2e-07,2.1e-07,2.2e-07,326026.0
1643194800000,2.1e-07,2.2e-07,2e-07,2.1e-07,8277014.0
1643198400000,2.1e-07,2.2e-07,2e-07,2.1e-07,4720759.0
1643202000000,2.2e-07,2.2e-07,2e-07,2.1e-07,27128193.0
1643205600000,2e-07,2.2e-07,2e-07,2.2e-07,6874029.0
1643209200000,2.1e-07,2.2e-07,2.1e-07,2.1e-07,7323460.0
1643212800000,2.1e-07,2.2e-07,2.1e-07,2.2e-07,2018246.0
1643216400000,2.1e-07,2.2e-07,2.1e-07,2.2e-07,1137870.0
1643220000000,2.2e-07,2.3e-07,2e-07,2.2e-07,26126862.0
1643223600000,2.3e-07,2.3e-07,2.1e-07,2.2e-07,28249145.0
1643227200000,2.2e-07,2.2e-07,2.1e-07,2.2e-07,7837940.0
1643230800000,2.2e-07,2.2e-07,2.1e-07,2.2e-07,1664157.0
1643234400000,2.1e-07,2.2e-07,2.1e-07,2.2e-07,1030779.0
1643238000000,2.2e-07,2.2e-07,2.1e-07,2.2e-07,721195.0
1643241600000,2.2e-07,2.2e-07,2.1e-07,2.1e-07,13792881.0
1643245200000,2.1e-07,2.1e-07,2e-07,2.1e-07,173842.0
1643248800000,2.1e-07,2.1e-07,1.9e-07,2.1e-07,24348536.0
1643252400000,2e-07,2.1e-07,1.9e-07,2e-07,8660106.0
1643256000000,1.9e-07,2.1e-07,1.9e-07,2e-07,2706555.0
1643259600000,2e-07,2.1e-07,1.9e-07,2e-07,4004352.0
1643263200000,2e-07,2.1e-07,1.9e-07,2e-07,4710562.0
1643266800000,1.9e-07,2e-07,1.5e-07,1.6e-07,164210982.0
1643270400000,1.6e-07,1.8e-07,1.5e-07,1.8e-07,77350640.0
1643274000000,1.7e-07,1.8e-07,1.6e-07,1.7e-07,21933154.0
1643277600000,1.7e-07,1.7e-07,1.6e-07,1.7e-07,1382321.0
1643281200000,1.7e-07,1.7e-07,1.6e-07,1.7e-07,14949014.0
1643284800000,1.8e-07,1.8e-07,1.7e-07,1.8e-07,5389079.0
1643288400000,1.8e-07,1.9e-07,1.7e-07,1.7e-07,74368987.0
1643292000000,1.7e-07,1.8e-07,1.6e-07,1.6e-07,98893629.0
1643295600000,1.7e-07,1.7e-07,1.5e-07,1.6e-07,55507435.0
1643299200000,1.6e-07,1.6e-07,1.3e-07,1.5e-07,182211768.0
1643302800000,1.5e-07,1.5e-07,1.3e-07,1.4e-07,65032221.0
1643306400000,1.5e-07,1.6e-07,1.4e-07,1.5e-07,125064814.0
1643310000000,1.5e-07,1.5e-07,1.4e-07,1.5e-07,12820205.0
1643313600000,1.5e-07,1.6e-07,1.4e-07,1.4e-07,55389653.0
1643317200000,1.4e-07,1.5e-07,1.3e-07,1.4e-07,53466501.0
1643320800000,1.4e-07,1.5e-07,1.3e-07,1.3e-07,18429727.0
1643324400000,1.3e-07,1.5e-07,1.3e-07,1.4e-07,24191421.0
1643328000000,1.4e-07,1.5e-07,1.3e-07,1.4e-07,8298906.0
1643331600000,1.4e-07,1.5e-07,1.3e-07,1.3e-07,9246957.0
1643335200000,1.3e-07,1.5e-07,1.3e-07,1.5e-07,10882136.0
1643338800000,1.4e-07,1.5e-07,1.4e-07,1.4e-07,5027524.0
1643342400000,1.4e-07,1.5e-07,1.4e-07,1.4e-07,1861417.0
1643346000000,1.5e-07,1.5e-07,1.4e-07,1.5e-07,3144142.0
1643349600000,1.5e-07,1.5e-07,1.4e-07,1.4e-07,12532871.0
1643353200000,1.5e-07,1.6e-07,1.4e-07,1.5e-07,49045344.0
1643356800000,1.5e-07,1.6e-07,1.4e-07,1.4e-07,47582078.0
1643360400000,1.4e-07,1.5e-07,1.4e-07,1.5e-07,631215.0
1643364000000,1.4e-07,1.5e-07,1.4e-07,1.4e-07,1408779.0
1643367600000,1.5e-07,1.5e-07,1.4e-07,1.5e-07,846238.0
1643371200000,1.5e-07,1.5e-07,1.4e-07,1.4e-07,13256168.0
1643374800000,1.4e-07,1.5e-07,1.3e-07,1.4e-07,45853132.0
1643378400000,1.4e-07,1.5e-07,1.4e-07,1.5e-07,3106929.0
1643382000000,1.5e-07,1.5e-07,1.4e-07,1.4e-07,904554.0
1643385600000,1.4e-07,1.5e-07,1.4e-07,1.4e-07,1205426.0
1643389200000,1.4e-07,1.5e-07,1.4e-07,1.4e-07,938102.0
1643392800000,1.4e-07,1.5e-07,1.4e-07,1.5e-07,1019706.0
1643396400000,1.5e-07,1.5e-07,1.4e-07,1.4e-07,513092.0
1643400000000,1.5e-07,1.5e-07,1.4e-07,1.5e-07,196096.0
1643403600000,1.5e-07,1.5e-07,1.4e-07,1.4e-07,355326.0
1643407200000,1.4e-07,1.5e-07,1.4e-07,1.5e-07,349015.0
1643410800000,1.5e-07,1.5e-07,1.4e-07,1.5e-07,4036366.0
1643414400000,1.5e-07,1.6e-07,1.4e-07,1.5e-07,30270659.0
1643418000000,1.4e-07,1.6e-07,1.4e-07,1.5e-07,18944263.0
1643421600000,1.6e-07,1.6e-07,1.4e-07,1.4e-07,3878149.0
1643425200000,1.4e-07,1.5e-07,1.4e-07,1.4e-07,282941.0
1643428800000,1.4e-07,1.5e-07,1.4e-07,1.5e-07,5912007.0
1643432400000,1.5e-07,1.5e-07,1.4e-07,1.5e-07,119808.0
1643436000000,1.5e-07,1.5e-07,1.4e-07,1.4e-07,738520.0
1643439600000,1.5e-07,1.6e-07,1.4e-07,1.5e-07,5409233.0
1643443200000,1.6e-07,1.6e-07,1.5e-07,1.6e-07,985882.0
1643446800000,1.6e-07,1.6e-07,1.5e-07,1.6e-07,1638583.0
1643450400000,1.5e-07,1.6e-07,1.5e-07,1.6e-07,1192696.0
1643454000000,1.6e-07,1.7e-07,1.5e-07,1.6e-07,38176767.0
1643457600000,1.7e-07,1.7e-07,1.6e-07,1.7e-07,1114156.0
1643461200000,1.7e-07,1.8e-07,1.6e-07,1.7e-07,36086473.0
1643464800000,1.7e-07,1.7e-07,1.6e-07,1.7e-07,20727897.0
1643468400000,1.7e-07,1.7e-07,1.6e-07,1.7e-07,15275202.0
1643472000000,1.7e-07,1.7e-07,1.6e-07,1.7e-07,15194393.0
1643475600000,1.7e-07,1.7e-07,1.6e-07,1.7e-07,1377656.0
1643479200000,1.7e-07,1.7e-07,1.6e-07,1.7e-07,1158396.0
1643482800000,1.6e-07,1.7e-07,1.6e-07,1.7e-07,681259.0
1643486400000,1.7e-07,1.8e-07,1.6e-07,1.7e-07,19414296.0
1643490000000,1.7e-07,1.9e-07,1.7e-07,1.9e-07,39085930.0
1643493600000,1.9e-07,1.9e-07,1.7e-07,1.9e-07,30456700.0
1643497200000,1.8e-07,2e-07,1.8e-07,1.9e-07,31064737.0
1643500800000,1.9e-07,1.9e-07,1.8e-07,1.8e-07,11953946.0
1643504400000,1.8e-07,1.9e-07,1.7e-07,1.7e-07,15698672.0
1643508000000,1.7e-07,1.8e-07,1.7e-07,1.8e-07,2394873.0
1643511600000,1.7e-07,1.9e-07,1.7e-07,1.8e-07,15618751.0
1643515200000,1.8e-07,1.9e-07,1.7e-07,1.8e-07,2949602.0
1643518800000,1.9e-07,2e-07,1.8e-07,1.9e-07,21062357.0
1643522400000,1.9e-07,2.2e-07,1.9e-07,2.2e-07,36057196.0
1643526000000,2.1e-07,2.3e-07,2.1e-07,2.2e-07,42953233.0
1643529600000,2.1e-07,2.2e-07,2e-07,2e-07,24527399.0
1643533200000,2e-07,2.2e-07,2e-07,2e-07,14277323.0
1643536800000,2.1e-07,2.2e-07,2e-07,2.2e-07,7729298.0
1643540400000,2.1e-07,2.3e-07,2.1e-07,2.2e-07,13148827.0
1643544000000,2.2e-07,2.2e-07,2.1e-07,2.2e-07,7638994.0
1643547600000,2.2e-07,2.2e-07,2e-07,2e-07,10272047.0
1643551200000,2e-07,2.1e-07,1.9e-07,2.1e-07,20793240.0
1643554800000,2.1e-07,2.2e-07,2e-07,2e-07,18609884.0
1643558400000,2.1e-07,2.2e-07,2e-07,2.1e-07,16746939.0
1643562000000,2.1e-07,2.2e-07,2e-07,2.2e-07,11116999.0
1643565600000,2.2e-07,2.2e-07,2e-07,2e-07,9097329.0
1643569200000,2e-07,2.1e-07,1.9e-07,1.9e-07,26832610.0
1643572800000,2e-07,2.1e-07,1.9e-07,1.9e-07,21580607.0
1643576400000,1.9e-07,2e-07,1.8e-07,1.9e-07,21648376.0
1643580000000,1.9e-07,2e-07,1.8e-07,1.9e-07,6672486.0
1643583600000,2e-07,2.1e-07,1.9e-07,2e-07,15627550.0
1643587200000,1.9e-07,2e-07,1.9e-07,2e-07,14138283.0
1643590800000,2e-07,2e-07,1.9e-07,2e-07,5306596.0
1643594400000,1.9e-07,1.9e-07,1.8e-07,1.9e-07,5790615.0
1643598000000,1.9e-07,2e-07,1.8e-07,1.8e-07,28276204.0
1643601600000,1.9e-07,1.9e-07,1.7e-07,1.8e-07,11246520.0
1643605200000,1.8e-07,1.8e-07,1.7e-07,1.8e-07,1613449.0
1643608800000,1.8e-07,1.9e-07,1.7e-07,1.8e-07,8920460.0
1643612400000,1.8e-07,1.9e-07,1.8e-07,1.9e-07,7501590.0
1643616000000,1.9e-07,1.9e-07,1.8e-07,1.8e-07,1717695.0
1643619600000,1.8e-07,1.9e-07,1.8e-07,1.8e-07,705804.0
1643623200000,1.8e-07,1.9e-07,1.8e-07,1.8e-07,1203230.0
1643626800000,1.8e-07,1.9e-07,1.8e-07,1.8e-07,7377632.0
1643630400000,1.8e-07,1.9e-07,1.8e-07,1.9e-07,1747314.0
1643634000000,1.8e-07,2e-07,1.8e-07,2e-07,13813952.0
1643637600000,2e-07,2e-07,1.9e-07,2e-07,5961029.0
1643641200000,2e-07,2.1e-07,1.9e-07,2e-07,21226992.0
1643644800000,2e-07,2.1e-07,1.9e-07,2e-07,14333881.0
1643648400000,2e-07,2e-07,1.9e-07,2e-07,2204130.0
1643652000000,2e-07,2e-07,1.8e-07,1.9e-07,12765324.0
1643655600000,1.9e-07,1.9e-07,1.8e-07,1.9e-07,1861225.0
1643659200000,1.9e-07,1.9e-07,1.8e-07,1.8e-07,5308215.0
1643662800000,1.8e-07,1.9e-07,1.8e-07,1.8e-07,2001173.0
1643666400000,1.8e-07,1.9e-07,1.8e-07,1.9e-07,2593214.0
1643670000000,1.9e-07,1.9e-07,1.8e-07,1.9e-07,1750586.0
1643673600000,1.9e-07,1.9e-07,1.8e-07,1.9e-07,633013.0
1643677200000,1.9e-07,1.9e-07,1.8e-07,1.8e-07,239421.0
1643680800000,1.8e-07,1.9e-07,1.8e-07,1.8e-07,2353743.0
1643684400000,1.8e-07,1.9e-07,1.8e-07,1.9e-07,3054336.0
1643688000000,1.8e-07,1.9e-07,1.8e-07,1.8e-07,120191.0
1643691600000,1.8e-07,1.9e-07,1.8e-07,1.8e-07,408546.0
1643695200000,1.9e-07,1.9e-07,1.8e-07,1.9e-07,195029.0
1643698800000,1.9e-07,2e-07,1.8e-07,1.8e-07,13179944.0
1643702400000,1.9e-07,2e-07,1.8e-07,1.9e-07,6743741.0
1643706000000,1.9e-07,2e-07,1.8e-07,1.8e-07,7158507.0
1643709600000,1.9e-07,1.9e-07,1.8e-07,1.8e-07,943569.0
1643713200000,1.8e-07,2e-07,1.8e-07,2e-07,1131043.0
1643716800000,2e-07,2e-07,1.9e-07,1.9e-07,110462.0
1643720400000,2e-07,2e-07,1.8e-07,1.9e-07,5700206.0
1643724000000,1.9e-07,2e-07,1.8e-07,1.9e-07,3460559.0
1643727600000,1.8e-07,1.9e-07,1.8e-07,1.8e-07,377732.0
1643731200000,1.9e-07,1.9e-07,1.8e-07,1.9e-07,1194188.0
1643734800000,1.9e-07,1.9e-07,1.8e-07,1.8e-07,891264.0
1643738400000,1.9e-07,1.9e-07,1.8e-07,1.8e-07,1157492.0
1643742000000,1.9e-07,1.9e-07,1.8e-07,1.8e-07,974545.0
1643745600000,1.9e-07,1.9e-07,1.8e-07,1.9e-07,14409768.0
1643749200000,1.9e-07,1.9e-07,1.8e-07,1.9e-07,1940274.0
1643752800000,1.9e-07,1.9e-07,1.7e-07,1.8e-07,7626353.0
1643756400000,1.8e-07,1.8e-07,1.7e-07,1.7e-07,1850652.0
1643760000000,1.8e-07,1.8e-07,1.7e-07,1.7e-07,11323833.0
1643763600000,1.7e-07,1.8e-07,1.7e-07,1.7e-07,700799.0
1643767200000,1.7e-07,1.8e-07,1.7e-07,1.7e-07,495414.0
1643770800000,1.7e-07,1.8e-07,1.7e-07,1.8e-07,161463.0
1643774400000,1.7e-07,1.8e-07,1.7e-07,1.7e-07,931830.0
1643778000000,1.8e-07,1.8e-07,1.7e-07,1.8e-07,183891.0
1643781600000,1.8e-07,1.9e-07,1.8e-07,1.8e-07,11204245.0
1643785200000,1.8e-07,1.9e-07,1.7e-07,1.8e-07,7993385.0
1643788800000,1.7e-07,1.8e-07,1.7e-07,1.8e-07,386875.0
1643792400000,1.8e-07,1.8e-07,1.7e-07,1.7e-07,319839.0
1643796000000,1.7e-07,1.8e-07,1.7e-07,1.8e-07,902529.0
1643799600000,1.7e-07,1.8e-07,1.7e-07,1.8e-07,366465.0
1643803200000,1.7e-07,1.8e-07,1.7e-07,1.7e-07,3363721.0
1643806800000,1.8e-07,1.8e-07,1.7e-07,1.7e-07,2973509.0
1643810400000,1.7e-07,1.8e-07,1.7e-07,1.8e-07,6519638.0
1643814000000,1.8e-07,1.8e-07,1.6e-07,1.6e-07,16184146.0
1643817600000,1.7e-07,1.8e-07,1.6e-07,1.7e-07,10184169.0
1643821200000,1.7e-07,1.8e-07,1.7e-07,1.7e-07,1259863.0
1643824800000,1.8e-07,1.8e-07,1.6e-07,1.7e-07,5052239.0
1643828400000,1.6e-07,1.8e-07,1.6e-07,1.7e-07,8887531.0
1643832000000,1.6e-07,1.8e-07,1.6e-07,1.7e-07,10205191.0
1643835600000,1.8e-07,1.8e-07,1.6e-07,1.7e-07,2240618.0
1643839200000,1.7e-07,1.7e-07,1.6e-07,1.7e-07,295270.0
1643842800000,1.7e-07,1.7e-07,1.6e-07,1.6e-07,298747.0
1643846400000,1.6e-07,1.7e-07,1.6e-07,1.6e-07,12596050.0
1643850000000,1.7e-07,1.7e-07,1.5e-07,1.7e-07,16253463.0
1643853600000,1.7e-07,1.7e-07,1.5e-07,1.6e-07,4378478.0
1643857200000,1.6e-07,1.7e-07,1.6e-07,1.7e-07,207183.0
1643860800000,1.6e-07,1.7e-07,1.6e-07,1.6e-07,818402.0
1643864400000,1.6e-07,1.7e-07,1.6e-07,1.7e-07,208581.0
1643868000000,1.7e-07,1.7e-07,1.6e-07,1.6e-07,294600.0
1643871600000,1.7e-07,1.7e-07,1.6e-07,1.7e-07,1976711.0
1643875200000,1.6e-07,1.7e-07,1.6e-07,1.6e-07,1601597.0
1643878800000,1.7e-07,1.7e-07,1.6e-07,1.7e-07,258155.0
1643882400000,1.6e-07,1.7e-07,1.6e-07,1.7e-07,2007987.0
1643886000000,1.6e-07,1.7e-07,1.6e-07,1.6e-07,105168.0
1643889600000,1.6e-07,1.7e-07,1.6e-07,1.7e-07,523557.0
1643893200000,1.6e-07,1.7e-07,1.6e-07,1.7e-07,236441.0
1643896800000,1.7e-07,1.7e-07,1.6e-07,1.6e-07,295745.0
1643900400000,1.7e-07,1.7e-07,1.6e-07,1.7e-07,2121118.0
1643904000000,1.6e-07,1.7e-07,1.6e-07,1.7e-07,15388995.0
1643907600000,1.7e-07,1.7e-07,1.6e-07,1.7e-07,3052678.0
1643911200000,1.7e-07,1.7e-07,1.6e-07,1.7e-07,153411.0
1643914800000,1.7e-07,1.7e-07,1.6e-07,1.7e-07,3408128.0
1643918400000,1.7e-07,1.7e-07,1.6e-07,1.7e-07,2080526.0
1643922000000,1.6e-07,1.7e-07,1.6e-07,1.7e-07,110105.0
1643925600000,1.7e-07,1.7e-07,1.6e-07,1.6e-07,391951.0
1643929200000,1.6e-07,1.7e-07,1.6e-07,1.6e-07,161767.0
1643932800000,1.6e-07,1.7e-07,1.6e-07,1.7e-07,670885.0
1643936400000,1.6e-07,1.7e-07,1.6e-07,1.7e-07,20854.0
1643940000000,1.6e-07,1.7e-07,1.6e-07,1.7e-07,322513.0
1643943600000,1.6e-07,1.7e-07,1.6e-07,1.7e-07,29632.0
1643947200000,1.7e-07,1.7e-07,1.7e-07,1.7e-07,37400.0
1643950800000,1.7e-07,1.7e-07,1.6e-07,1.6e-07,195942.0
1643954400000,1.6e-07,1.7e-07,1.6e-07,1.7e-07,536794.0
1643958000000,1.6e-07,1.7e-07,1.6e-07,1.7e-07,182878.0
1643961600000,1.7e-07,1.7e-07,1.6e-07,1.6e-07,73464.0
1643965200000,1.6e-07,1.7e-07,1.6e-07,1.7e-07,324195.0
1643968800000,1.7e-07,1.7e-07,1.6e-07,1.7e-07,1127277.0
1643972400000,1.6e-07,1.7e-07,1.6e-07,1.6e-07,191214.0
1643976000000,1.7e-07,1.7e-07,1.6e-07,1.7e-07,105559.0
1643979600000,1.7e-07,1.7e-07,1.6e-07,1.6e-07,5055571.0
1643983200000,1.7e-07,1.7e-07,1.6e-07,1.6e-07,1745892.0
1643986800000,1.6e-07,1.7e-07,1.6e-07,1.6e-07,377603.0
1643990400000,1.7e-07,1.7e-07,1.6e-07,1.7e-07,687751.0
1643994000000,1.6e-07,1.7e-07,1.6e-07,1.7e-07,1841863.0
1643997600000,1.6e-07,1.7e-07,1.6e-07,1.6e-07,6905294.0
1644001200000,1.6e-07,1.7e-07,1.6e-07,1.7e-07,867546.0
1644004800000,1.7e-07,1.7e-07,1.6e-07,1.7e-07,229976.0
1644008400000,1.7e-07,1.7e-07,1.6e-07,1.6e-07,820776.0
1644012000000,1.6e-07,1.7e-07,1.6e-07,1.6e-07,871844.0
1644015600000,1.6e-07,1.7e-07,1.6e-07,1.6e-07,21517271.0
1644019200000,1.6e-07,1.7e-07,1.5e-07,1.6e-07,6221446.0
1644022800000,1.6e-07,1.7e-07,1.6e-07,1.7e-07,6968650.0
1644026400000,1.7e-07,1.7e-07,1.6e-07,1.7e-07,1018283.0
1644030000000,1.7e-07,1.7e-07,1.6e-07,1.6e-07,1635403.0
1644033600000,1.7e-07,1.7e-07,1.6e-07,1.7e-07,472662.0
1644037200000,1.7e-07,1.8e-07,1.6e-07,1.7e-07,45243380.0
1644040800000,1.8e-07,1.8e-07,1.6e-07,1.7e-07,7366918.0
1644044400000,1.6e-07,1.7e-07,1.6e-07,1.7e-07,757632.0
1644048000000,1.7e-07,1.7e-07,1.6e-07,1.7e-07,87571.0
1644051600000,1.6e-07,1.7e-07,1.6e-07,1.7e-07,131213.0
1644055200000,1.7e-07,1.7e-07,1.6e-07,1.7e-07,1961401.0
1644058800000,1.7e-07,1.7e-07,1.6e-07,1.7e-07,150101.0
1644062400000,1.7e-07,1.7e-07,1.6e-07,1.6e-07,409556.0
1644066000000,1.7e-07,1.7e-07,1.6e-07,1.7e-07,119066.0
1644069600000,1.7e-07,1.7e-07,1.7e-07,1.7e-07,1012814.0
1644073200000,1.7e-07,1.7e-07,1.7e-07,1.7e-07,285300.0
1644076800000,1.7e-07,1.7e-07,1.6e-07,1.6e-07,1723880.0
1644080400000,1.7e-07,1.7e-07,1.6e-07,1.6e-07,16107157.0
1644084000000,1.7e-07,1.7e-07,1.6e-07,1.7e-07,767579.0
1644087600000,1.7e-07,1.7e-07,1.6e-07,1.7e-07,8635506.0
1644091200000,1.7e-07,1.7e-07,1.6e-07,1.7e-07,179882.0
1644094800000,1.6e-07,1.7e-07,1.6e-07,1.6e-07,1147777.0
1644098400000,1.7e-07,1.7e-07,1.6e-07,1.6e-07,95027.0
1644102000000,1.6e-07,1.7e-07,1.6e-07,1.6e-07,1024728.0
1644105600000,1.7e-07,1.7e-07,1.6e-07,1.6e-07,1212768.0
1644109200000,1.7e-07,1.7e-07,1.6e-07,1.6e-07,1762824.0
1644112800000,1.7e-07,1.7e-07,1.6e-07,1.7e-07,512510.0
1644116400000,1.7e-07,1.7e-07,1.7e-07,1.7e-07,130893.0
1644120000000,1.7e-07,1.7e-07,1.6e-07,1.7e-07,14248023.0
1644123600000,1.6e-07,1.7e-07,1.6e-07,1.7e-07,159210.0
1644127200000,1.7e-07,1.7e-07,1.6e-07,1.7e-07,150365.0
1644130800000,1.7e-07,1.7e-07,1.5e-07,1.7e-07,16526507.0
1644134400000,1.7e-07,1.7e-07,1.6e-07,1.6e-07,846310.0
1644138000000,1.6e-07,1.7e-07,1.6e-07,1.6e-07,1293450.0
1644141600000,1.7e-07,1.7e-07,1.6e-07,1.7e-07,672853.0
1644145200000,1.7e-07,1.7e-07,1.6e-07,1.7e-07,179418.0
1644148800000,1.7e-07,1.7e-07,1.5e-07,1.5e-07,4206523.0
1644152400000,1.6e-07,1.6e-07,1.5e-07,1.6e-07,11032830.0
1644156000000,1.6e-07,1.7e-07,1.5e-07,1.6e-07,12869494.0
1644159600000,1.6e-07,1.6e-07,1.5e-07,1.6e-07,303060.0
1644163200000,1.6e-07,1.6e-07,1.5e-07,1.5e-07,1031438.0
1644166800000,1.6e-07,1.7e-07,1.6e-07,1.6e-07,18554847.0
1644170400000,1.6e-07,1.7e-07,1.5e-07,1.5e-07,19236682.0
1644174000000,1.5e-07,1.7e-07,1.5e-07,1.5e-07,43000927.0
1644177600000,1.6e-07,1.6e-07,1.5e-07,1.5e-07,12769811.0
1644181200000,1.5e-07,1.6e-07,1.5e-07,1.6e-07,398340.0
1644184800000,1.5e-07,1.7e-07,1.5e-07,1.7e-07,11427808.0
1644188400000,1.7e-07,1.7e-07,1.6e-07,1.7e-07,1056954.0
1644192000000,1.7e-07,1.7e-07,1.6e-07,1.7e-07,676401.0
1644195600000,1.7e-07,1.7e-07,1.6e-07,1.6e-07,411542.0
1644199200000,1.6e-07,1.7e-07,1.6e-07,1.7e-07,95996.0
1644202800000,1.7e-07,1.7e-07,1.6e-07,1.6e-07,488199.0
1644206400000,1.7e-07,1.7e-07,1.6e-07,1.6e-07,1073884.0
1644210000000,1.6e-07,1.7e-07,1.6e-07,1.7e-07,284540.0
1644213600000,1.6e-07,1.7e-07,1.6e-07,1.6e-07,186806.0
1644217200000,1.7e-07,1.7e-07,1.6e-07,1.6e-07,323703.0
1644220800000,1.7e-07,1.7e-07,1.6e-07,1.7e-07,187877.0
1644224400000,1.6e-07,1.7e-07,1.5e-07,1.6e-07,36203954.0
1644228000000,1.6e-07,1.6e-07,1.5e-07,1.6e-07,3217778.0
1644231600000,1.6e-07,1.6e-07,1.5e-07,1.6e-07,9588185.0
1644235200000,1.6e-07,1.7e-07,1.5e-07,1.7e-07,16614135.0
1644238800000,1.6e-07,1.7e-07,1.5e-07,1.6e-07,8104654.0
1644242400000,1.6e-07,1.7e-07,1.5e-07,1.6e-07,1395317.0
1644246000000,1.6e-07,1.7e-07,1.5e-07,1.6e-07,19766175.0
1644249600000,1.6e-07,1.7e-07,1.5e-07,1.5e-07,2403492.0
1644253200000,1.5e-07,1.6e-07,1.5e-07,1.6e-07,2364519.0
1644256800000,1.6e-07,1.6e-07,1.5e-07,1.5e-07,3826504.0
1644260400000,1.6e-07,1.6e-07,1.5e-07,1.5e-07,1016461.0
1644264000000,1.6e-07,1.6e-07,1.5e-07,1.5e-07,305474.0
1644267600000,1.6e-07,1.6e-07,1.5e-07,1.5e-07,182704.0
1644271200000,1.6e-07,1.6e-07,1.6e-07,1.6e-07,1988891.0
1644274800000,1.6e-07,1.6e-07,1.5e-07,1.5e-07,2314766.0
1644278400000,1.5e-07,1.6e-07,1.5e-07,1.6e-07,639588.0
1644282000000,1.6e-07,1.6e-07,1.5e-07,1.6e-07,551866.0
1644285600000,1.6e-07,1.7e-07,1.5e-07,1.6e-07,35020413.0
1644289200000,1.7e-07,1.7e-07,1.6e-07,1.6e-07,204853.0
1644292800000,1.7e-07,1.9e-07,1.6e-07,1.8e-07,100830612.0
1644296400000,1.8e-07,1.9e-07,1.7e-07,1.8e-07,11011551.0
1644300000000,1.7e-07,1.8e-07,1.7e-07,1.8e-07,3083844.0
1644303600000,1.8e-07,1.8e-07,1.6e-07,1.7e-07,20072344.0
1644307200000,1.7e-07,1.7e-07,1.6e-07,1.7e-07,5102806.0
1644310800000,1.6e-07,1.7e-07,1.6e-07,1.6e-07,2984538.0
1644314400000,1.7e-07,1.8e-07,1.6e-07,1.8e-07,22061440.0
1644318000000,1.8e-07,1.8e-07,1.6e-07,1.6e-07,6698120.0
1644321600000,1.7e-07,1.7e-07,1.6e-07,1.6e-07,1707674.0
1644325200000,1.6e-07,1.7e-07,1.6e-07,1.7e-07,836562.0
1644328800000,1.7e-07,1.7e-07,1.6e-07,1.6e-07,1643772.0
1644332400000,1.6e-07,1.7e-07,1.6e-07,1.7e-07,19786436.0
1644336000000,1.6e-07,1.7e-07,1.6e-07,1.6e-07,299572.0
1644339600000,1.6e-07,1.7e-07,1.6e-07,1.7e-07,5035487.0
1644343200000,1.7e-07,1.7e-07,1.6e-07,1.7e-07,585665.0
1644346800000,1.7e-07,1.7e-07,1.6e-07,1.7e-07,342824.0
1644350400000,1.6e-07,1.7e-07,1.6e-07,1.6e-07,442764.0
1644354000000,1.6e-07,1.7e-07,1.6e-07,1.7e-07,396846.0
1644357600000,1.6e-07,1.7e-07,1.6e-07,1.6e-07,778626.0
1644361200000,1.6e-07,1.7e-07,1.6e-07,1.7e-07,738775.0
1644364800000,1.7e-07,1.7e-07,1.6e-07,1.7e-07,233315.0
1644368400000,1.6e-07,1.8e-07,1.6e-07,1.7e-07,52378200.0
1644372000000,1.7e-07,1.7e-07,1.6e-07,1.7e-07,1003040.0
1644375600000,1.7e-07,1.7e-07,1.6e-07,1.7e-07,115813.0
1644379200000,1.6e-07,1.7e-07,1.6e-07,1.6e-07,85539.0
1644382800000,1.6e-07,1.7e-07,1.6e-07,1.6e-07,126205.0
1644386400000,1.6e-07,1.7e-07,1.6e-07,1.7e-07,396944.0
1644390000000,1.7e-07,1.7e-07,1.6e-07,1.7e-07,179203.0
1644393600000,1.7e-07,1.7e-07,1.6e-07,1.7e-07,10057181.0
1644397200000,1.7e-07,1.7e-07,1.6e-07,1.6e-07,1569377.0
1644400800000,1.6e-07,1.7e-07,1.6e-07,1.7e-07,965696.0
1644404400000,1.7e-07,1.7e-07,1.6e-07,1.6e-07,1161545.0
1644408000000,1.6e-07,1.8e-07,1.6e-07,1.7e-07,53581504.0
1644411600000,1.7e-07,1.8e-07,1.6e-07,1.6e-07,18707853.0
1644415200000,1.6e-07,1.7e-07,1.6e-07,1.7e-07,573183.0
1644418800000,1.7e-07,1.7e-07,1.6e-07,1.6e-07,700239.0
1644422400000,1.6e-07,1.7e-07,1.6e-07,1.7e-07,2074474.0
1644426000000,1.7e-07,1.7e-07,1.6e-07,1.6e-07,345316.0
1644429600000,1.7e-07,1.7e-07,1.6e-07,1.7e-07,669457.0
1644433200000,1.7e-07,1.7e-07,1.6e-07,1.6e-07,416562.0
1644436800000,1.7e-07,1.7e-07,1.6e-07,1.7e-07,89884.0
1644440400000,1.7e-07,1.7e-07,1.6e-07,1.7e-07,34736.0
1644444000000,1.6e-07,1.7e-07,1.6e-07,1.7e-07,31798.0
1644447600000,1.6e-07,1.7e-07,1.6e-07,1.6e-07,139970.0
1644451200000,1.7e-07,1.7e-07,1.6e-07,1.6e-07,58985.0
1644454800000,1.6e-07,1.6e-07,1.6e-07,1.6e-07,128128.0
1644458400000,1.6e-07,1.7e-07,1.6e-07,1.6e-07,12897769.0
1644462000000,1.7e-07,1.7e-07,1.7e-07,1.7e-07,128811.0
1644465600000,1.7e-07,1.7e-07,1.6e-07,1.7e-07,137218.0
1644469200000,1.7e-07,1.7e-07,1.6e-07,1.6e-07,50965.0
1644472800000,1.6e-07,1.7e-07,1.6e-07,1.6e-07,180361.0
1644476400000,1.6e-07,1.7e-07,1.6e-07,1.7e-07,91839.0
1644480000000,1.7e-07,1.7e-07,1.6e-07,1.7e-07,61870.0
1644483600000,1.6e-07,1.7e-07,1.6e-07,1.7e-07,1395604.0
1644487200000,1.6e-07,1.7e-07,1.6e-07,1.7e-07,663584.0
1644490800000,1.7e-07,1.7e-07,1.6e-07,1.6e-07,113579.0
1644494400000,1.6e-07,1.7e-07,1.6e-07,1.6e-07,1142760.0
1644498000000,1.7e-07,1.7e-07,1.5e-07,1.6e-07,57906208.0
1644501600000,1.6e-07,1.7e-07,1.5e-07,1.6e-07,47892336.0
1644505200000,1.6e-07,1.7e-07,1.6e-07,1.7e-07,5504299.0
1644508800000,1.6e-07,1.7e-07,1.6e-07,1.6e-07,4328606.0
1644512400000,1.7e-07,1.7e-07,1.6e-07,1.6e-07,28976201.0
1644516000000,1.6e-07,1.6e-07,1.5e-07,1.6e-07,1051430.0
1644519600000,1.6e-07,1.6e-07,1.5e-07,1.6e-07,751527.0
1644523200000,1.6e-07,1.6e-07,1.5e-07,1.6e-07,2889069.0
1644526800000,1.6e-07,1.6e-07,1.5e-07,1.5e-07,11510469.0
1644530400000,1.6e-07,1.7e-07,1.6e-07,1.6e-07,2455422.0
1644534000000,1.7e-07,1.7e-07,1.5e-07,1.6e-07,6512194.0
1644537600000,1.6e-07,1.7e-07,1.5e-07,1.6e-07,6441543.0
1644541200000,1.6e-07,1.7e-07,1.6e-07,1.7e-07,526622.0
1644544800000,1.6e-07,1.7e-07,1.6e-07,1.6e-07,167062.0
1644548400000,1.6e-07,1.7e-07,1.6e-07,1.6e-07,268556.0
1644552000000,1.6e-07,1.7e-07,1.6e-07,1.7e-07,4511.0
1644555600000,1.7e-07,1.7e-07,1.7e-07,1.7e-07,6081.0
1644559200000,1.7e-07,1.7e-07,1.7e-07,1.7e-07,27510.0
1644562800000,1.6e-07,1.7e-07,1.6e-07,1.7e-07,88758.0
1644566400000,1.6e-07,1.7e-07,1.6e-07,1.6e-07,41120.0
1644570000000,1.7e-07,1.7e-07,1.6e-07,1.6e-07,178941.0
1644573600000,1.7e-07,1.7e-07,1.6e-07,1.7e-07,235887.0
1644577200000,1.6e-07,1.7e-07,1.6e-07,1.6e-07,1106625.0
1644580800000,1.6e-07,1.7e-07,1.6e-07,1.6e-07,1003251.0
1644584400000,1.7e-07,1.7e-07,1.6e-07,1.6e-07,1610546.0
1644588000000,1.7e-07,1.7e-07,1.5e-07,1.6e-07,29552585.0
1644591600000,1.6e-07,1.7e-07,1.5e-07,1.6e-07,36570494.0
1644595200000,1.6e-07,1.6e-07,1.5e-07,1.6e-07,273277.0
1644598800000,1.6e-07,1.6e-07,1.5e-07,1.6e-07,337057.0
1644602400000,1.6e-07,1.6e-07,1.5e-07,1.6e-07,590900.0
1644606000000,1.5e-07,1.6e-07,1.4e-07,1.5e-07,48299242.0
1644609600000,1.5e-07,1.5e-07,1.4e-07,1.4e-07,8182882.0
1644613200000,1.4e-07,1.5e-07,1.4e-07,1.4e-07,309100.0
1644616800000,1.5e-07,1.5e-07,1.4e-07,1.4e-07,367691.0
1644620400000,1.4e-07,1.5e-07,1.4e-07,1.4e-07,2897392.0
1644624000000,1.5e-07,1.5e-07,1.4e-07,1.5e-07,25192.0
1644627600000,1.5e-07,1.5e-07,1.4e-07,1.5e-07,256384.0
1644631200000,1.4e-07,1.5e-07,1.4e-07,1.5e-07,1620666.0
1644634800000,1.5e-07,1.5e-07,1.4e-07,1.5e-07,1336937.0
1644638400000,1.5e-07,1.5e-07,1.4e-07,1.5e-07,57137.0
1644642000000,1.5e-07,1.5e-07,1.4e-07,1.5e-07,76032.0
1644645600000,1.4e-07,1.5e-07,1.4e-07,1.5e-07,120587.0
1644649200000,1.4e-07,1.5e-07,1.4e-07,1.5e-07,944664.0
1644652800000,1.5e-07,1.5e-07,1.4e-07,1.5e-07,111085.0
1644656400000,1.4e-07,1.5e-07,1.4e-07,1.5e-07,185016.0
1644660000000,1.5e-07,1.5e-07,1.4e-07,1.5e-07,314206.0
1644663600000,1.5e-07,1.5e-07,1.4e-07,1.5e-07,129004.0
1644667200000,1.5e-07,1.5e-07,1.5e-07,1.5e-07,367123.0
1644670800000,1.5e-07,1.5e-07,1.4e-07,1.4e-07,2194979.0
1644674400000,1.5e-07,1.5e-07,1.4e-07,1.5e-07,152105.0
1644678000000,1.4e-07,1.5e-07,1.4e-07,1.4e-07,339157.0
1644681600000,1.4e-07,1.5e-07,1.4e-07,1.5e-07,217326.0
1644685200000,1.5e-07,1.5e-07,1.4e-07,1.5e-07,618226.0
1644688800000,1.4e-07,1.5e-07,1.4e-07,1.5e-07,583921.0
1644692400000,1.5e-07,1.5e-07,1.4e-07,1.4e-07,150237.0
1644696000000,1.5e-07,1.5e-07,1.5e-07,1.5e-07,323615.0
1644699600000,1.5e-07,1.5e-07,1.4e-07,1.4e-07,1634344.0
1644703200000,1.4e-07,1.5e-07,1.4e-07,1.5e-07,52277.0
1644706800000,1.5e-07,1.5e-07,1.4e-07,1.5e-07,267879.0
1644710400000,1.5e-07,1.5e-07,1.4e-07,1.4e-07,32587.0
1644714000000,1.5e-07,1.5e-07,1.4e-07,1.4e-07,34490.0
1644717600000,1.4e-07,1.5e-07,1.4e-07,1.4e-07,28630.0
1644721200000,1.5e-07,1.5e-07,1.4e-07,1.5e-07,523892.0
1644724800000,1.5e-07,1.5e-07,1.5e-07,1.5e-07,12844437.0
1644728400000,1.5e-07,1.5e-07,1.4e-07,1.5e-07,145598.0
1644732000000,1.5e-07,1.5e-07,1.4e-07,1.4e-07,721021.0
1644735600000,1.5e-07,1.5e-07,1.5e-07,1.5e-07,76132.0
1644739200000,1.5e-07,1.5e-07,1.4e-07,1.5e-07,199385.0
1644742800000,1.5e-07,1.5e-07,1.4e-07,1.5e-07,201248.0
1644746400000,1.4e-07,1.5e-07,1.4e-07,1.4e-07,435880.0
1644750000000,1.5e-07,1.5e-07,1.4e-07,1.5e-07,635071.0
1644753600000,1.5e-07,1.5e-07,1.4e-07,1.5e-07,51387.0
1644757200000,1.5e-07,1.5e-07,1.4e-07,1.5e-07,415297.0
1644760800000,1.4e-07,1.5e-07,1.4e-07,1.5e-07,1745831.0
1644764400000,1.4e-07,1.5e-07,1.4e-07,1.4e-07,164772.0
1644768000000,1.5e-07,1.5e-07,1.4e-07,1.4e-07,194543.0
1644771600000,1.5e-07,1.5e-07,1.4e-07,1.4e-07,238059.0
1644775200000,1.5e-07,1.5e-07,1.4e-07,1.5e-07,439792.0
1644778800000,1.5e-07,1.5e-07,1.3e-07,1.4e-07,69671941.0
1644782400000,1.4e-07,1.4e-07,1.3e-07,1.4e-07,44483968.0
1644786000000,1.4e-07,1.4e-07,1.3e-07,1.4e-07,993278.0
1644789600000,1.4e-07,1.4e-07,1.3e-07,1.4e-07,103436.0
1644793200000,1.4e-07,1.4e-07,1.3e-07,1.4e-07,1338458.0
1644796800000,1.4e-07,1.4e-07,1.3e-07,1.4e-07,995672.0
1644800400000,1.3e-07,1.4e-07,1.3e-07,1.4e-07,243818.0
1644804000000,1.3e-07,1.4e-07,1.2e-07,1.3e-07,115508734.0
1644807600000,1.3e-07,1.3e-07,1.2e-07,1.3e-07,2545445.0
1644811200000,1.3e-07,1.4e-07,1.2e-07,1.4e-07,17090104.0
1644814800000,1.3e-07,1.4e-07,1.2e-07,1.3e-07,6148198.0
1644818400000,1.2e-07,1.4e-07,1.2e-07,1.4e-07,7774887.0
1644822000000,1.4e-07,1.4e-07,1.3e-07,1.3e-07,6634481.0
1644825600000,1.3e-07,1.4e-07,1.2e-07,1.3e-07,13259510.0
1644829200000,1.3e-07,1.4e-07,1.3e-07,1.4e-07,139174.0
1644832800000,1.3e-07,1.4e-07,1.3e-07,1.4e-07,314328.0
1644836400000,1.4e-07,1.4e-07,1.3e-07,1.4e-07,881486.0
1644840000000,1.4e-07,1.4e-07,1.3e-07,1.3e-07,351966.0
1644843600000,1.4e-07,1.4e-07,1.3e-07,1.3e-07,751406.0
1644847200000,1.3e-07,1.4e-07,1.3e-07,1.3e-07,469203.0
1644850800000,1.4e-07,1.4e-07,1.3e-07,1.4e-07,1399010.0
1644854400000,1.3e-07,1.4e-07,1.3e-07,1.3e-07,634111.0
1644858000000,1.4e-07,1.4e-07,1.3e-07,1.3e-07,166965.0
1644861600000,1.3e-07,1.4e-07,1.3e-07,1.4e-07,155048.0
1644865200000,1.3e-07,1.4e-07,1.3e-07,1.3e-07,722870.0
1644868800000,1.4e-07,1.4e-07,1.3e-07,1.4e-07,272732.0
1644872400000,1.3e-07,1.4e-07,1.3e-07,1.3e-07,150506.0
1644876000000,1.3e-07,1.4e-07,1.3e-07,1.4e-07,121376.0
1644879600000,1.3e-07,1.4e-07,1.3e-07,1.3e-07,83332.0
1644883200000,1.4e-07,1.4e-07,1.3e-07,1.4e-07,59198.0
1644886800000,1.3e-07,1.4e-07,1.3e-07,1.3e-07,50615.0
1644890400000,1.4e-07,1.4e-07,1.3e-07,1.4e-07,32346.0
1644894000000,1.3e-07,1.4e-07,1.3e-07,1.4e-07,1136109.0
1644897600000,1.3e-07,1.4e-07,1.3e-07,1.4e-07,569439.0
1644901200000,1.4e-07,1.4e-07,1.3e-07,1.3e-07,192916.0
1644904800000,1.3e-07,1.4e-07,1.3e-07,1.4e-07,82890.0
1644908400000,1.4e-07,1.4e-07,1.3e-07,1.4e-07,1931890.0
1644912000000,1.3e-07,1.4e-07,1.3e-07,1.4e-07,121638.0
1644915600000,1.3e-07,1.4e-07,1.3e-07,1.4e-07,78474.0
1644919200000,1.3e-07,1.4e-07,1.3e-07,1.4e-07,1227641.0
1644922800000,1.3e-07,1.4e-07,1.3e-07,1.4e-07,4511394.0
1644926400000,1.4e-07,1.4e-07,1.3e-07,1.4e-07,289569.0
1644930000000,1.3e-07,1.4e-07,1.3e-07,1.4e-07,401376.0
1644933600000,1.4e-07,1.4e-07,1.3e-07,1.3e-07,420142.0
1644937200000,1.4e-07,1.4e-07,1.3e-07,1.4e-07,182426.0
1644940800000,1.4e-07,1.4e-07,1.3e-07,1.4e-07,545751.0
1644944400000,1.4e-07,1.4e-07,1.3e-07,1.4e-07,42811104.0
1644948000000,1.4e-07,1.4e-07,1.3e-07,1.4e-07,566431.0
1644951600000,1.4e-07,1.4e-07,1.3e-07,1.3e-07,624256.0
1644955200000,1.3e-07,1.4e-07,1.3e-07,1.3e-07,727207.0
1644958800000,1.4e-07,1.4e-07,1.3e-07,1.4e-07,35460.0
1644962400000,1.4e-07,1.4e-07,1.4e-07,1.4e-07,92881.0
1644966000000,1.4e-07,1.4e-07,1.4e-07,1.4e-07,197249.0
1644969600000,1.4e-07,1.4e-07,1.4e-07,1.4e-07,16645.0
1644973200000,1.3e-07,1.4e-07,1.3e-07,1.4e-07,159831.0
1644976800000,1.4e-07,1.4e-07,1.3e-07,1.4e-07,296954.0
1644980400000,1.4e-07,1.4e-07,1.3e-07,1.4e-07,135852.0
1644984000000,1.4e-07,1.4e-07,1.3e-07,1.4e-07,31598.0
1644987600000,1.4e-07,1.4e-07,1.3e-07,1.4e-07,2460967.0
1644991200000,1.3e-07,1.4e-07,1.3e-07,1.4e-07,165373.0
1644994800000,1.3e-07,1.4e-07,1.3e-07,1.3e-07,319063.0
1644998400000,1.4e-07,1.4e-07,1.3e-07,1.4e-07,143162.0
1645002000000,1.4e-07,1.4e-07,1.3e-07,1.4e-07,155360.0
1645005600000,1.3e-07,1.4e-07,1.3e-07,1.3e-07,455036.0
1645009200000,1.4e-07,1.4e-07,1.3e-07,1.4e-07,245312.0
1645012800000,1.3e-07,1.4e-07,1.3e-07,1.4e-07,687588.0
1645016400000,1.4e-07,1.4e-07,1.3e-07,1.3e-07,2014000.0
1645020000000,1.4e-07,1.4e-07,1.3e-07,1.3e-07,591917.0
1645023600000,1.4e-07,1.4e-07,1.3e-07,1.3e-07,260785.0
1645027200000,1.4e-07,1.4e-07,1.3e-07,1.3e-07,238963.0
1645030800000,1.3e-07,1.4e-07,1.3e-07,1.4e-07,782414.0
1645034400000,1.4e-07,1.4e-07,1.3e-07,1.4e-07,195062.0
1645038000000,1.3e-07,1.4e-07,1.3e-07,1.3e-07,449608.0
1645041600000,1.4e-07,1.4e-07,1.3e-07,1.4e-07,105296.0
1645045200000,1.4e-07,1.4e-07,1.3e-07,1.3e-07,289622.0
1645048800000,1.3e-07,1.4e-07,1.3e-07,1.4e-07,132931.0
1645052400000,1.4e-07,1.4e-07,1.3e-07,1.4e-07,56702.0
1645056000000,1.4e-07,1.4e-07,1.3e-07,1.4e-07,33712.0
1645059600000,1.4e-07,1.4e-07,1.3e-07,1.3e-07,1548294.0
1645063200000,1.3e-07,1.4e-07,1.3e-07,1.3e-07,41915.0
1645066800000,1.3e-07,1.4e-07,1.3e-07,1.4e-07,154952.0
1645070400000,1.3e-07,1.4e-07,1.3e-07,1.3e-07,960406.0
1645074000000,1.3e-07,1.4e-07,1.3e-07,1.3e-07,161360.0
1645077600000,1.3e-07,1.4e-07,1.3e-07,1.4e-07,301634.0
1645081200000,1.3e-07,1.4e-07,1.3e-07,1.4e-07,668061.0
1645084800000,1.3e-07,1.4e-07,1.3e-07,1.3e-07,189205.0
1645088400000,1.3e-07,1.4e-07,1.3e-07,1.3e-07,654807.0
1645092000000,1.3e-07,1.4e-07,1.3e-07,1.3e-07,359007.0
1645095600000,1.4e-07,1.4e-07,1.3e-07,1.4e-07,26114061.0
1645099200000,1.3e-07,1.4e-07,1.3e-07,1.4e-07,572886.0
1645102800000,1.3e-07,1.4e-07,1.3e-07,1.3e-07,615741.0
1645106400000,1.3e-07,1.4e-07,1.3e-07,1.3e-07,765438.0
1645110000000,1.3e-07,1.4e-07,1.3e-07,1.4e-07,569804.0
1645113600000,1.3e-07,1.4e-07,1.3e-07,1.4e-07,680900.0
1645117200000,1.3e-07,1.4e-07,1.3e-07,1.3e-07,449504.0
1645120800000,1.4e-07,1.4e-07,1.3e-07,1.4e-07,332316.0
1645124400000,1.4e-07,1.4e-07,1.3e-07,1.3e-07,31686.0
1645128000000,1.4e-07,1.4e-07,1.3e-07,1.4e-07,1126432.0
1645131600000,1.4e-07,1.4e-07,1.3e-07,1.4e-07,67335.0
1645135200000,1.4e-07,1.4e-07,1.3e-07,1.3e-07,311345.0
1645138800000,1.3e-07,1.4e-07,1.3e-07,1.4e-07,346025.0
1645142400000,1.4e-07,1.4e-07,1.3e-07,1.3e-07,14613.0
1645146000000,1.3e-07,1.4e-07,1.3e-07,1.3e-07,212957.0
1645149600000,1.3e-07,1.4e-07,1.3e-07,1.4e-07,846976.0
1645153200000,1.4e-07,1.4e-07,1.3e-07,1.3e-07,74530.0
1645156800000,1.3e-07,1.4e-07,1.3e-07,1.4e-07,10255929.0
1645160400000,1.3e-07,1.4e-07,1.3e-07,1.4e-07,1244244.0
1645164000000,1.3e-07,1.4e-07,1.3e-07,1.4e-07,272691.0
1645167600000,1.4e-07,1.4e-07,1.3e-07,1.4e-07,104330.0
1645171200000,1.4e-07,1.4e-07,1.3e-07,1.3e-07,54237.0
1645174800000,1.4e-07,1.4e-07,1.3e-07,1.3e-07,1226739.0
1645178400000,1.3e-07,1.4e-07,1.3e-07,1.4e-07,138577.0
1645182000000,1.3e-07,1.4e-07,1.3e-07,1.3e-07,97944.0
1645185600000,1.4e-07,1.4e-07,1.3e-07,1.3e-07,347584.0
1645189200000,1.3e-07,1.4e-07,1.3e-07,1.3e-07,104371.0
1645192800000,1.3e-07,1.4e-07,1.3e-07,1.4e-07,326648.0
1645196400000,1.3e-07,1.4e-07,1.3e-07,1.4e-07,274973.0
1645200000000,1.3e-07,1.4e-07,1.3e-07,1.4e-07,405372.0
1645203600000,1.3e-07,1.4e-07,1.3e-07,1.3e-07,1729307.0
1645207200000,1.3e-07,1.4e-07,1.3e-07,1.4e-07,18270.0
1645210800000,1.4e-07,1.4e-07,1.3e-07,1.4e-07,314520.0
1645214400000,1.4e-07,1.4e-07,1.3e-07,1.4e-07,156740.0
1645218000000,1.3e-07,1.4e-07,1.2e-07,1.2e-07,10424956.0
1645221600000,1.3e-07,1.3e-07,1.2e-07,1.3e-07,5374634.0
1645225200000,1.3e-07,1.3e-07,1.2e-07,1.3e-07,316462.0
1645228800000,1.3e-07,1.3e-07,1.2e-07,1.2e-07,294425.0
1645232400000,1.2e-07,1.3e-07,1.2e-07,1.2e-07,54320.0
1645236000000,1.3e-07,1.3e-07,1.2e-07,1.2e-07,31451.0
1645239600000,1.3e-07,1.3e-07,1.2e-07,1.3e-07,314273.0
1645243200000,1.3e-07,1.4e-07,1.2e-07,1.2e-07,27447783.0
1645246800000,1.3e-07,1.3e-07,1.2e-07,1.3e-07,3817080.0
1645250400000,1.3e-07,1.3e-07,1.3e-07,1.3e-07,5773277.0
1645254000000,1.3e-07,1.4e-07,1.2e-07,1.3e-07,7984556.0
1645257600000,1.3e-07,1.3e-07,1.2e-07,1.2e-07,97457.0
1645261200000,1.3e-07,1.3e-07,1.2e-07,1.3e-07,123649.0
1645264800000,1.2e-07,1.3e-07,1.2e-07,1.3e-07,675772.0
1645268400000,1.3e-07,1.3e-07,1.2e-07,1.3e-07,189654.0
1645272000000,1.3e-07,1.3e-07,1.2e-07,1.3e-07,1900094.0
1645275600000,1.2e-07,1.3e-07,1.2e-07,1.3e-07,208003.0
1645279200000,1.3e-07,1.3e-07,1.2e-07,1.3e-07,150141.0
1645282800000,1.3e-07,1.3e-07,1.2e-07,1.3e-07,67219.0
1645286400000,1.3e-07,1.3e-07,1.3e-07,1.3e-07,338490.0
1645290000000,1.3e-07,1.3e-07,1.2e-07,1.2e-07,261168.0
1645293600000,1.3e-07,1.3e-07,1.2e-07,1.2e-07,13806292.0
1645297200000,1.2e-07,1.3e-07,1.2e-07,1.3e-07,241799.0
1645300800000,1.2e-07,1.3e-07,1.2e-07,1.2e-07,199511.0
1645304400000,1.2e-07,1.3e-07,1.2e-07,1.3e-07,1727936.0
1645308000000,1.3e-07,1.3e-07,1.2e-07,1.3e-07,33240.0
1645311600000,1.3e-07,1.3e-07,1.2e-07,1.3e-07,3939.0
1645315200000,1.3e-07,1.3e-07,1.3e-07,1.3e-07,211376.0
1645318800000,1.2e-07,1.3e-07,1.2e-07,1.2e-07,112239.0
1645322400000,1.3e-07,1.3e-07,1.3e-07,1.3e-07,4765.0
1645326000000,1.3e-07,1.3e-07,1.2e-07,1.3e-07,194437.0
1645329600000,1.3e-07,1.3e-07,1.3e-07,1.3e-07,6741.0
1645333200000,1.2e-07,1.3e-07,1.2e-07,1.2e-07,15081338.0
1645336800000,1.2e-07,1.3e-07,1.1e-07,1.2e-07,29252730.0
1645340400000,1.1e-07,1.3e-07,1.1e-07,1.3e-07,15528891.0
1645344000000,1.2e-07,1.3e-07,1.2e-07,1.2e-07,206061.0
1645347600000,1.2e-07,1.3e-07,1.2e-07,1.2e-07,4665550.0
1645351200000,1.2e-07,1.3e-07,1.2e-07,1.3e-07,270385.0
1645354800000,1.3e-07,1.3e-07,1.2e-07,1.3e-07,27427.0
1645358400000,1.2e-07,1.2e-07,1.2e-07,1.2e-07,11574.0
1645362000000,1.2e-07,1.3e-07,1.2e-07,1.2e-07,120428.0
1645365600000,1.3e-07,1.3e-07,1.2e-07,1.2e-07,28673760.0
1645369200000,1.2e-07,1.3e-07,1.2e-07,1.2e-07,2799380.0
1645372800000,1.3e-07,1.3e-07,1.2e-07,1.2e-07,816686.0
1645376400000,1.3e-07,1.3e-07,1.2e-07,1.2e-07,34693.0
1645380000000,1.2e-07,1.3e-07,1.2e-07,1.2e-07,17555.0
1645383600000,1.2e-07,1.2e-07,1.2e-07,1.2e-07,29049.0
1645387200000,1.3e-07,1.3e-07,1.2e-07,1.2e-07,4060353.0
1645390800000,1.2e-07,1.3e-07,1.1e-07,1.2e-07,7937798.0
1645394400000,1.2e-07,1.3e-07,1.2e-07,1.3e-07,449233.0
1645398000000,1.2e-07,1.3e-07,1.2e-07,1.3e-07,2749272.0
1645401600000,1.3e-07,1.3e-07,1.2e-07,1.3e-07,222125.0
1645405200000,1.2e-07,1.3e-07,1.2e-07,1.2e-07,166319.0
1645408800000,1.3e-07,1.3e-07,1.2e-07,1.2e-07,93790.0
1645412400000,1.2e-07,1.3e-07,1.2e-07,1.2e-07,37066.0
1645416000000,1.3e-07,1.3e-07,1.2e-07,1.3e-07,238113.0
1645419600000,1.3e-07,1.3e-07,1.2e-07,1.3e-07,115292.0
1645423200000,1.3e-07,1.5e-07,1.3e-07,1.4e-07,60741125.0
1645426800000,1.5e-07,1.5e-07,1.3e-07,1.3e-07,10166691.0
1645430400000,1.3e-07,1.4e-07,1.3e-07,1.4e-07,1020481.0
1645434000000,1.4e-07,1.4e-07,1.3e-07,1.4e-07,2659551.0
1645437600000,1.3e-07,1.4e-07,1.3e-07,1.4e-07,3378834.0
1645441200000,1.4e-07,1.4e-07,1.3e-07,1.3e-07,1306033.0
1645444800000,1.4e-07,1.4e-07,1.2e-07,1.3e-07,22504594.0
1645448400000,1.3e-07,1.3e-07,1.2e-07,1.3e-07,8760453.0
1645452000000,1.2e-07,1.4e-07,1.2e-07,1.4e-07,28673414.0
1645455600000,1.4e-07,1.4e-07,1.3e-07,1.3e-07,1680328.0
1645459200000,1.3e-07,1.4e-07,1.3e-07,1.3e-07,7197644.0
1645462800000,1.3e-07,1.4e-07,1.3e-07,1.3e-07,4364010.0
1645466400000,1.3e-07,1.3e-07,1.2e-07,1.3e-07,10995898.0
1645470000000,1.4e-07,1.4e-07,1.3e-07,1.3e-07,2920876.0
1645473600000,1.2e-07,1.3e-07,1.2e-07,1.3e-07,1856205.0
1645477200000,1.2e-07,1.3e-07,1.2e-07,1.2e-07,193003.0
1645480800000,1.2e-07,1.3e-07,1.2e-07,1.3e-07,211260.0
1645484400000,1.2e-07,1.3e-07,1.2e-07,1.3e-07,922528.0
1645488000000,1.3e-07,1.3e-07,1.2e-07,1.3e-07,616090.0
1645491600000,1.3e-07,1.3e-07,1.2e-07,1.3e-07,36779973.0
1645495200000,1.3e-07,1.3e-07,1.1e-07,1.3e-07,22660890.0
1645498800000,1.3e-07,1.3e-07,1.1e-07,1.2e-07,7134118.0
1645502400000,1.2e-07,1.3e-07,1.1e-07,1.1e-07,27246975.0
1645506000000,1.1e-07,1.3e-07,1.1e-07,1.2e-07,42094970.0
1645509600000,1.2e-07,1.3e-07,1.2e-07,1.2e-07,8873876.0
1645513200000,1.3e-07,1.3e-07,1.2e-07,1.3e-07,107305.0
1645516800000,1.3e-07,1.3e-07,1.2e-07,1.2e-07,1134100.0
1645520400000,1.2e-07,1.3e-07,1.2e-07,1.3e-07,784986.0
1645524000000,1.3e-07,1.3e-07,1.2e-07,1.3e-07,292738.0
1645527600000,1.2e-07,1.3e-07,1.2e-07,1.3e-07,731721.0
1645531200000,1.3e-07,1.3e-07,1.2e-07,1.3e-07,23730.0
1645534800000,1.3e-07,1.3e-07,1.2e-07,1.2e-07,2023229.0
1645538400000,1.2e-07,1.3e-07,1.2e-07,1.3e-07,165506.0
1645542000000,1.3e-07,1.3e-07,1.2e-07,1.2e-07,220599.0
1645545600000,1.2e-07,1.3e-07,1.2e-07,1.2e-07,861556.0
1645549200000,1.3e-07,1.3e-07,1.2e-07,1.3e-07,402907.0
1645552800000,1.3e-07,1.3e-07,1.2e-07,1.3e-07,469337.0
1645556400000,1.3e-07,1.3e-07,1.2e-07,1.3e-07,1006233.0
1645560000000,1.3e-07,1.3e-07,1.1e-07,1.2e-07,32915016.0
1645563600000,1.2e-07,1.3e-07,1.1e-07,1.1e-07,6390526.0
1645567200000,1.2e-07,1.2e-07,1.1e-07,1.2e-07,552610.0
1645570800000,1.2e-07,1.2e-07,1.1e-07,1.2e-07,634707.0
1645574400000,1.2e-07,1.2e-07,1.1e-07,1.2e-07,2891146.0
1645578000000,1.2e-07,1.2e-07,1.1e-07,1.2e-07,986358.0
1645581600000,1.2e-07,1.2e-07,1.1e-07,1.2e-07,1662370.0
1645585200000,1.2e-07,1.2e-07,1.1e-07,1.2e-07,1346982.0
1645588800000,1.2e-07,1.3e-07,1.2e-07,1.3e-07,20745318.0
1645592400000,1.3e-07,1.3e-07,1.2e-07,1.2e-07,403282.0
1645596000000,1.3e-07,1.3e-07,1.2e-07,1.3e-07,2047881.0
1645599600000,1.2e-07,1.3e-07,1.2e-07,1.3e-07,844299.0
1645603200000,1.2e-07,1.3e-07,1.2e-07,1.2e-07,8665905.0
1645606800000,1.2e-07,1.3e-07,1.2e-07,1.2e-07,268609.0
1645610400000,1.2e-07,1.3e-07,1.2e-07,1.2e-07,436797.0
1645614000000,1.3e-07,1.3e-07,1.2e-07,1.3e-07,311746.0
1645617600000,1.3e-07,1.3e-07,1.2e-07,1.3e-07,102232.0
1645621200000,1.3e-07,1.3e-07,1.2e-07,1.2e-07,421573.0
1645624800000,1.2e-07,1.3e-07,1.2e-07,1.3e-07,184274.0
1645628400000,1.2e-07,1.3e-07,1.1e-07,1.3e-07,6651301.0
1645632000000,1.3e-07,1.3e-07,1.2e-07,1.2e-07,476517.0
1645635600000,1.2e-07,1.3e-07,1.2e-07,1.2e-07,136868.0
1645639200000,1.2e-07,1.3e-07,1.2e-07,1.3e-07,13290872.0
1645642800000,1.3e-07,1.3e-07,1.1e-07,1.1e-07,12364787.0
1645646400000,1.2e-07,1.2e-07,1.1e-07,1.2e-07,7033819.0
1645650000000,1.2e-07,1.3e-07,1.1e-07,1.2e-07,6971298.0
1645653600000,1.2e-07,1.3e-07,1.1e-07,1.2e-07,1320281.0
1645657200000,1.2e-07,1.3e-07,1.1e-07,1.2e-07,4923291.0
1645660800000,1.2e-07,1.3e-07,1.1e-07,1.2e-07,8856234.0
1645664400000,1.2e-07,1.3e-07,1.1e-07,1.3e-07,7880738.0
1645668000000,1.3e-07,1.3e-07,1.1e-07,1.2e-07,6146412.0
1645668000000,1.3e-07,1.3e-07,1.1e-07,1.2e-07,6146412.0
