1652094000000,8.25e-05,0.000103,6.498e-05,6.641e-05,359862.26
1652097600000,6.666e-05,7.259e-05,6.596e-05,7.158e-05,126741.53
1652101200000,7.131e-05,7.56e-05,6.932e-05,7.234e-05,58748.47
1652104800000,7.232e-05,8.329e-05,7.1e-05,7.5e-05,108874.27
1652108400000,7.516e-05,7.58e-05,6.874e-05,7.022e-05,67714.18
1652112000000,7.067e-05,7.114e-05,6.437e-05,6.876e-05,47868.79
1652115600000,6.889e-05,6.979e-05,6.049e-05,6.597e-05,99019.53
1652119200000,6.521e-05,6.855e-05,5.781e-05,6.014e-05,51347.82
1652122800000,6e-05,6.338e-05,5.813e-05,6.119e-05,10181.01
1652126400000,6.171e-05,6.995e-05,6.171e-05,6.666e-05,95487.97
1652130000000,6.634e-05,7.533e-05,6.338e-05,6.811e-05,112651.89
1652133600000,6.744e-05,7.571e-05,6.169e-05,6.726e-05,40323.98
1652137200000,6.67e-05,6.67e-05,6.235e-05,6.634e-05,12125.25
1652140800000,6.633e-05,6.633e-05,5.74e-05,5.834e-05,39878.11
1652144400000,5.873e-05,6.462e-05,5.453e-05,6.232e-05,157975.33
1652148000000,6.279e-05,6.758e-05,6.279e-05,6.552e-05,47760.81
1652151600000,6.569e-05,6.594e-05,6.305e-05,6.473e-05,8855.93
1652155200000,6.449e-05,6.739e-05,6.054e-05,6.118e-05,131340.95
1652158800000,6.131e-05,6.163e-05,5.789e-05,5.968e-05,44642.35
1652162400000,5.993e-05,6.314e-05,5.844e-05,6.003e-05,16639.8
1652166000000,5.993e-05,6.4e-05,5.905e-05,6.201e-05,29642.91
1652169600000,6.193e-05,6.316e-05,6.134e-05,6.301e-05,8017.77
1652173200000,6.322e-05,6.83e-05,5.969e-05,6.316e-05,48789.36
1652176800000,6.316e-05,7.018e-05,6.283e-05,6.676e-05,10910.07
1652180400000,6.667e-05,6.952e-05,6.556e-05,6.718e-05,6232.85
1652184000000,6.72e-05,7.372e-05,6.72e-05,7.211e-05,20934.27
1652187600000,7.216e-05,7.216e-05,6.927e-05,6.948e-05,19301.04
1652191200000,6.948e-05,7.417e-05,6.948e-05,6.954e-05,17763.01
1652194800000,6.995e-05,6.995e-05,6.721e-05,6.733e-05,7351.23
1652198400000,6.759e-05,6.763e-05,6.666e-05,6.671e-05,3914.37
1652202000000,6.671e-05,6.84e-05,6.65e-05,6.826e-05,1987.32
1652205600000,6.847e-05,6.933e-05,6.666e-05,6.689e-05,12521.39
1652209200000,6.687e-05,6.687e-05,6.581e-05,6.649e-05,4772.44
1652212800000,6.645e-05,6.647e-05,6.329e-05,6.354e-05,15663.78
1652216400000,6.354e-05,6.354e-05,6.066e-05,6.16e-05,22698.61
1652220000000,6.127e-05,6.338e-05,6.083e-05,6.246e-05,9125.78
1652223600000,6.249e-05,6.521e-05,6.039e-05,6.518e-05,14424.83
1652227200000,6.492e-05,6.492e-05,6.142e-05,6.231e-05,22722.49
1652230800000,6.249e-05,6.534e-05,6.1e-05,6.12e-05,29742.93
1652234400000,6.12e-05,6.386e-05,6.001e-05,6.305e-05,14113.42
1652238000000,6.305e-05,6.321e-05,6.219e-05,6.255e-05,3593.98
1652241600000,6.237e-05,6.377e-05,5.939e-05,5.982e-05,53550.36
1652245200000,6.014e-05,6.074e-05,5.883e-05,5.906e-05,7954.13
1652248800000,5.888e-05,5.891e-05,5.574e-05,5.714e-05,15608.28
1652252400000,5.679e-05,5.679e-05,5.005e-05,5.062e-05,36625.14
1652256000000,5.058e-05,5.599e-05,4.926e-05,5.049e-05,46884.37
1652259600000,5.037e-05,5.171e-05,4.954e-05,5.124e-05,18375.02
1652263200000,5.131e-05,5.339e-05,5.1e-05,5.1e-05,17506.97
1652266800000,5.114e-05,5.136e-05,5.079e-05,5.079e-05,3763.95
1652270400000,5.072e-05,5.216e-05,4.983e-05,5.112e-05,9343.72
1652274000000,5.12e-05,5.85e-05,5.11e-05,5.75e-05,14505.02
1652277600000,5.724e-05,6.313e-05,5.535e-05,5.603e-05,16265.13
1652281200000,5.655e-05,5.797e-05,5.079e-05,5.178e-05,18360.45
1652284800000,5.203e-05,5.306e-05,4.99e-05,5.003e-05,16869.34
1652288400000,5.049e-05,5.323e-05,5.049e-05,5.249e-05,8959.46
1652292000000,5.268e-05,5.315e-05,5.239e-05,5.301e-05,2548.61
1652295600000,5.3e-05,5.309e-05,5.095e-05,5.095e-05,6042.91
1652299200000,5.095e-05,5.335e-05,4.916e-05,5.206e-05,25812.58
1652302800000,5.233e-05,5.434e-05,4.907e-05,5.203e-05,37818.34
1652306400000,5.223e-05,5.516e-05,5.168e-05,5.451e-05,4888.33
1652310000000,5.459e-05,5.516e-05,5.237e-05,5.237e-05,2882.95
1652313600000,5.227e-05,5.619e-05,5.227e-05,5.619e-05,13968.05
1652317200000,5.574e-05,5.574e-05,5.235e-05,5.394e-05,4990.99
1652320800000,5.365e-05,5.415e-05,4.927e-05,4.964e-05,7616.82
1652324400000,4.954e-05,5.315e-05,4.855e-05,4.964e-05,5996.5
1652328000000,4.968e-05,5.036e-05,4.797e-05,4.818e-05,33334.11
1652331600000,4.818e-05,4.994e-05,4.636e-05,4.636e-05,7499.38
1652335200000,4.635e-05,5.133e-05,4.546e-05,4.72e-05,14382.62
1652338800000,4.752e-05,5.139e-05,4.399e-05,5.139e-05,11689.63
1652342400000,5.139e-05,5.139e-05,4.47e-05,4.668e-05,12028.44
1652346000000,4.628e-05,4.83e-05,4.533e-05,4.711e-05,22944.95
1652349600000,4.747e-05,5.104e-05,4.715e-05,4.845e-05,9185.17
1652353200000,4.838e-05,5.184e-05,4.778e-05,5.024e-05,14256.63
1652356800000,5.019e-05,5.354e-05,4.988e-05,5.301e-05,17234.59
1652360400000,5.344e-05,5.345e-05,5.016e-05,5.094e-05,13972.97
1652364000000,5.095e-05,5.242e-05,4.959e-05,5.052e-05,21357.89
1652367600000,5.048e-05,5.563e-05,4.997e-05,5.199e-05,20550.36
1652371200000,5.207e-05,5.249e-05,5.025e-05,5.073e-05,19904.25
1652374800000,5.075e-05,5.217e-05,5.075e-05,5.184e-05,5299.46
1652378400000,5.187e-05,5.192e-05,4.577e-05,4.624e-05,17585.18
1652382000000,4.606e-05,4.855e-05,4.55e-05,4.744e-05,24192.9
1652385600000,4.761e-05,4.771e-05,4.665e-05,4.682e-05,1836.87
1652389200000,4.682e-05,4.93e-05,4.673e-05,4.846e-05,12962.88
1652392800000,4.862e-05,5.085e-05,4.744e-05,4.858e-05,12873.88
1652396400000,4.803e-05,4.909e-05,4.773e-05,4.863e-05,4155.58
1652400000000,4.86e-05,5.025e-05,4.743e-05,5.014e-05,7673.85
1652403600000,5.019e-05,5.231e-05,4.953e-05,5.004e-05,14968.74
1652407200000,5.004e-05,5.315e-05,4.981e-05,5.207e-05,15057.12
1652410800000,5.174e-05,5.37e-05,5.073e-05,5.319e-05,17213.06
1652414400000,5.347e-05,5.379e-05,5.163e-05,5.322e-05,34206.91
1652418000000,5.349e-05,5.619e-05,5.31e-05,5.366e-05,5939.44
1652421600000,5.364e-05,5.588e-05,5.268e-05,5.39e-05,15563.25
1652425200000,5.395e-05,5.453e-05,5.337e-05,5.349e-05,2808.71
1652428800000,5.337e-05,5.351e-05,5.188e-05,5.33e-05,1639.37
1652432400000,5.313e-05,5.516e-05,5.272e-05,5.289e-05,6762.5
1652436000000,5.292e-05,5.421e-05,5.277e-05,5.394e-05,1350.21
1652439600000,5.419e-05,5.511e-05,5.309e-05,5.309e-05,8277.19
1652443200000,5.324e-05,5.458e-05,5.279e-05,5.415e-05,12660.8
1652446800000,5.41e-05,5.533e-05,5.322e-05,5.502e-05,18099.12
1652450400000,5.541e-05,5.857e-05,5.377e-05,5.694e-05,21683.12
1652454000000,5.652e-05,5.689e-05,5.381e-05,5.553e-05,19823.17
1652457600000,5.618e-05,5.943e-05,5.337e-05,5.368e-05,29543.33
1652461200000,5.376e-05,5.378e-05,5.186e-05,5.241e-05,8916.91
1652464800000,5.241e-05,5.241e-05,4.8e-05,4.985e-05,27440.03
1652468400000,4.985e-05,5.019e-05,4.947e-05,5.003e-05,5680.59
1652472000000,5.01e-05,5.066e-05,4.975e-05,5.054e-05,4427.52
1652475600000,5.072e-05,5.072e-05,4.944e-05,4.965e-05,2958.9
1652479200000,4.972e-05,4.988e-05,4.929e-05,4.968e-05,2466.59
1652482800000,4.975e-05,5.142e-05,4.975e-05,5.123e-05,15110.27
1652486400000,5.085e-05,5.13e-05,5.022e-05,5.103e-05,9431.64
1652490000000,5.105e-05,5.263e-05,5.082e-05,5.201e-05,35266.67
1652493600000,5.171e-05,5.192e-05,4.962e-05,4.975e-05,31854.75
1652497200000,5.005e-05,5.005e-05,4.882e-05,4.882e-05,6242.1
1652500800000,4.894e-05,5.029e-05,4.826e-05,4.87e-05,9141.96
1652504400000,4.84e-05,4.964e-05,4.826e-05,4.924e-05,3282.44
1652508000000,4.925e-05,5.056e-05,4.787e-05,4.962e-05,7470.47
1652511600000,4.982e-05,4.994e-05,4.755e-05,4.806e-05,12001.28
1652515200000,4.805e-05,4.872e-05,4.79e-05,4.829e-05,10286.73
1652518800000,4.848e-05,4.887e-05,4.685e-05,4.877e-05,8498.58
1652522400000,4.854e-05,4.902e-05,4.719e-05,4.833e-05,9299.54
1652526000000,4.803e-05,4.844e-05,4.68e-05,4.711e-05,4345.58
1652529600000,4.7e-05,4.902e-05,4.68e-05,4.736e-05,6801.89
1652533200000,4.715e-05,4.743e-05,4.599e-05,4.654e-05,7934.43
1652536800000,4.663e-05,4.777e-05,4.66e-05,4.697e-05,6858.5
1652540400000,4.695e-05,4.703e-05,4.586e-05,4.613e-05,10086.91
1652544000000,4.613e-05,4.793e-05,4.608e-05,4.774e-05,10142.17
1652547600000,4.767e-05,4.793e-05,4.608e-05,4.652e-05,10902.7
1652551200000,4.617e-05,4.694e-05,4.617e-05,4.678e-05,8203.35
1652554800000,4.708e-05,4.771e-05,4.658e-05,4.771e-05,17682.22
1652558400000,4.78e-05,4.803e-05,4.753e-05,4.76e-05,3596.04
1652562000000,4.779e-05,4.836e-05,4.684e-05,4.756e-05,6668.36
1652565600000,4.788e-05,4.788e-05,4.711e-05,4.735e-05,4990.66
1652569200000,4.699e-05,5.077e-05,4.699e-05,4.959e-05,11165.49
1652572800000,4.959e-05,5.089e-05,4.938e-05,4.985e-05,22751.79
1652576400000,4.994e-05,5.009e-05,4.967e-05,4.989e-05,1717.62
1652580000000,4.996e-05,5.025e-05,4.956e-05,5.025e-05,1825.01
1652583600000,5.043e-05,5.119e-05,4.758e-05,4.801e-05,14535.02
1652587200000,4.782e-05,4.782e-05,4.721e-05,4.745e-05,1024.48
1652590800000,4.76e-05,4.76e-05,4.632e-05,4.641e-05,3215.81
1652594400000,4.659e-05,4.66e-05,4.477e-05,4.517e-05,6568.15
1652598000000,4.498e-05,4.694e-05,4.477e-05,4.56e-05,9187.06
1652601600000,4.578e-05,4.694e-05,4.561e-05,4.582e-05,1002.85
1652605200000,4.6e-05,4.665e-05,4.582e-05,4.66e-05,4498.73
1652608800000,4.659e-05,4.75e-05,4.581e-05,4.581e-05,6389.13
1652612400000,4.586e-05,4.755e-05,4.581e-05,4.716e-05,2858.47
1652616000000,4.716e-05,4.933e-05,4.61e-05,4.685e-05,9105.44
1652619600000,4.656e-05,4.683e-05,4.632e-05,4.644e-05,1943.25
1652623200000,4.628e-05,4.711e-05,4.563e-05,4.686e-05,13850.77
1652626800000,4.682e-05,4.783e-05,4.601e-05,4.647e-05,3641.41
1652630400000,4.629e-05,4.758e-05,4.59e-05,4.59e-05,2041.19
1652634000000,4.597e-05,4.704e-05,4.524e-05,4.614e-05,3810.58
1652637600000,4.589e-05,4.607e-05,4.567e-05,4.571e-05,1851.39
1652641200000,4.601e-05,4.604e-05,4.567e-05,4.57e-05,721.53
1652644800000,4.568e-05,4.616e-05,4.567e-05,4.582e-05,7988.89
1652648400000,4.582e-05,4.648e-05,4.567e-05,4.596e-05,12556.82
1652652000000,4.583e-05,4.812e-05,4.571e-05,4.794e-05,7790.99
1652655600000,4.78e-05,4.872e-05,4.572e-05,4.69e-05,5692.85
1652659200000,4.7e-05,4.866e-05,4.7e-05,4.866e-05,5990.92
1652662800000,4.803e-05,4.872e-05,4.665e-05,4.783e-05,4216.1
1652666400000,4.783e-05,4.842e-05,4.666e-05,4.717e-05,4131.96
1652670000000,4.731e-05,4.865e-05,4.731e-05,4.844e-05,2261.58
1652673600000,4.871e-05,4.9e-05,4.836e-05,4.892e-05,2927.0
1652677200000,4.885e-05,4.924e-05,4.859e-05,4.924e-05,983.46
1652680800000,4.933e-05,4.953e-05,4.669e-05,4.86e-05,11136.71
1652684400000,4.871e-05,4.872e-05,4.703e-05,4.709e-05,2470.12
1652688000000,4.729e-05,4.729e-05,4.698e-05,4.698e-05,1379.05
1652691600000,4.707e-05,4.828e-05,4.635e-05,4.722e-05,7686.8
1652695200000,4.755e-05,4.902e-05,4.6e-05,4.713e-05,3151.62
1652698800000,4.703e-05,4.723e-05,4.577e-05,4.593e-05,4537.88
1652702400000,4.586e-05,4.636e-05,4.561e-05,4.577e-05,9773.3
1652706000000,4.599e-05,4.619e-05,4.564e-05,4.575e-05,4184.52
1652709600000,4.6e-05,4.644e-05,4.536e-05,4.644e-05,4114.37
1652713200000,4.645e-05,4.687e-05,4.574e-05,4.613e-05,2214.53
1652716800000,4.62e-05,4.743e-05,4.617e-05,4.729e-05,4353.46
1652720400000,4.753e-05,4.783e-05,4.588e-05,4.625e-05,6554.24
1652724000000,4.636e-05,4.783e-05,4.594e-05,4.661e-05,3101.76
1652727600000,4.668e-05,4.901e-05,4.668e-05,4.736e-05,1191.05
1652731200000,4.72e-05,4.753e-05,4.72e-05,4.735e-05,3517.02
1652734800000,4.747e-05,4.792e-05,4.729e-05,4.788e-05,402.63
1652738400000,4.772e-05,4.78e-05,4.755e-05,4.761e-05,293.16
1652742000000,4.759e-05,4.793e-05,4.759e-05,4.793e-05,333.3
1652745600000,4.8e-05,4.904e-05,4.798e-05,4.873e-05,6830.76
1652749200000,4.896e-05,5.024e-05,4.774e-05,4.919e-05,21662.22
1652752800000,4.928e-05,4.942e-05,4.909e-05,4.942e-05,710.13
1652756400000,4.959e-05,4.974e-05,4.908e-05,4.93e-05,1351.05
1652760000000,4.921e-05,4.946e-05,4.918e-05,4.931e-05,1251.03
1652763600000,4.912e-05,4.945e-05,4.736e-05,4.744e-05,1868.31
1652767200000,4.765e-05,4.902e-05,4.765e-05,4.898e-05,5131.52
1652770800000,4.902e-05,4.95e-05,4.775e-05,4.796e-05,8850.61
1652774400000,4.79e-05,4.872e-05,4.789e-05,4.872e-05,91.88
1652778000000,4.891e-05,4.942e-05,4.747e-05,4.901e-05,8096.09
1652781600000,4.9e-05,4.916e-05,4.803e-05,4.846e-05,2483.18
1652785200000,4.849e-05,4.916e-05,4.828e-05,4.901e-05,2620.85
1652788800000,4.917e-05,4.943e-05,4.8e-05,4.836e-05,26500.77
1652792400000,4.837e-05,4.964e-05,4.837e-05,4.907e-05,5564.01
1652796000000,4.937e-05,5.074e-05,4.873e-05,4.876e-05,5695.18
1652799600000,4.884e-05,5.007e-05,4.884e-05,4.968e-05,2142.74
1652803200000,4.963e-05,5.042e-05,4.949e-05,4.981e-05,2151.17
1652806800000,4.989e-05,5.047e-05,4.976e-05,5.025e-05,4739.75
1652810400000,5.025e-05,5.025e-05,4.629e-05,4.829e-05,16618.61
1652814000000,4.829e-05,4.829e-05,4.718e-05,4.755e-05,4302.38
1652817600000,4.754e-05,4.759e-05,4.686e-05,4.716e-05,5320.6
1652821200000,4.704e-05,4.952e-05,4.673e-05,4.924e-05,19108.52
1652824800000,4.948e-05,5.153e-05,4.94e-05,4.989e-05,4048.43
1652828400000,4.987e-05,5.009e-05,4.961e-05,5.008e-05,884.76
1652832000000,5.025e-05,5.032e-05,4.971e-05,4.971e-05,2233.26
1652835600000,4.99e-05,5.362e-05,4.99e-05,5.229e-05,6138.36
1652839200000,5.229e-05,5.4e-05,5.207e-05,5.4e-05,4382.87
1652842800000,5.361e-05,5.368e-05,5.142e-05,5.259e-05,11282.78
1652846400000,5.213e-05,5.223e-05,5.17e-05,5.189e-05,3228.73
1652850000000,5.184e-05,5.184e-05,5.099e-05,5.127e-05,2572.94
1652853600000,5.127e-05,5.191e-05,5.127e-05,5.191e-05,1496.0
1652857200000,5.195e-05,5.195e-05,5.027e-05,5.049e-05,4951.89
1652860800000,5.049e-05,5.072e-05,5.029e-05,5.062e-05,2764.75
1652864400000,5.062e-05,5.097e-05,5.028e-05,5.051e-05,2015.95
1652868000000,5.063e-05,5.09e-05,5.026e-05,5.07e-05,1399.3
1652871600000,5.08e-05,5.091e-05,4.913e-05,4.913e-05,6000.98
1652875200000,4.925e-05,4.925e-05,4.846e-05,4.854e-05,5723.32
1652878800000,4.857e-05,4.897e-05,4.842e-05,4.875e-05,1724.99
1652882400000,4.895e-05,4.911e-05,4.844e-05,4.899e-05,1905.45
1652886000000,4.89e-05,4.899e-05,4.692e-05,4.76e-05,6734.64
1652889600000,4.773e-05,4.812e-05,4.744e-05,4.798e-05,4846.46
1652893200000,4.798e-05,4.841e-05,4.792e-05,4.835e-05,2081.56
1652896800000,4.835e-05,4.836e-05,4.794e-05,4.807e-05,4108.02
1652900400000,4.798e-05,4.927e-05,4.769e-05,4.91e-05,4917.41
1652904000000,4.909e-05,4.962e-05,4.804e-05,4.841e-05,6149.42
1652907600000,4.842e-05,4.875e-05,4.829e-05,4.84e-05,4376.95
1652911200000,4.859e-05,4.859e-05,4.741e-05,4.81e-05,6373.08
1652914800000,4.813e-05,4.816e-05,4.703e-05,4.768e-05,5550.28
1652918400000,4.735e-05,4.781e-05,4.735e-05,4.757e-05,3294.62
1652922000000,4.764e-05,4.803e-05,4.725e-05,4.725e-05,2747.46
1652925600000,4.739e-05,4.758e-05,4.685e-05,4.711e-05,1106.72
1652929200000,4.679e-05,4.723e-05,4.667e-05,4.703e-05,1274.68
1652932800000,4.713e-05,4.745e-05,4.704e-05,4.745e-05,346.3
1652936400000,4.745e-05,4.775e-05,4.741e-05,4.771e-05,4384.0
1652940000000,4.739e-05,4.742e-05,4.697e-05,4.724e-05,263.14
1652943600000,4.731e-05,4.758e-05,4.727e-05,4.743e-05,4256.47
1652947200000,4.766e-05,4.811e-05,4.695e-05,4.715e-05,2113.95
1652950800000,4.723e-05,4.745e-05,4.696e-05,4.713e-05,2094.36
1652954400000,4.729e-05,4.733e-05,4.697e-05,4.698e-05,312.83
1652958000000,4.724e-05,4.724e-05,4.619e-05,4.639e-05,5396.89
1652961600000,4.662e-05,4.682e-05,4.617e-05,4.628e-05,4361.45
1652965200000,4.627e-05,4.636e-05,4.573e-05,4.6e-05,2221.73
1652968800000,4.571e-05,4.602e-05,4.557e-05,4.599e-05,1127.53
1652972400000,4.597e-05,4.745e-05,4.554e-05,4.685e-05,6239.98
1652976000000,4.666e-05,4.709e-05,4.558e-05,4.558e-05,2787.51
1652979600000,4.556e-05,4.593e-05,4.556e-05,4.593e-05,837.26
1652983200000,4.587e-05,4.603e-05,4.557e-05,4.603e-05,1243.37
1652986800000,4.601e-05,4.628e-05,4.587e-05,4.607e-05,1706.58
1652990400000,4.627e-05,4.664e-05,4.615e-05,4.657e-05,1022.06
1652994000000,4.65e-05,4.666e-05,4.632e-05,4.65e-05,1777.18
1652997600000,4.659e-05,4.811e-05,4.659e-05,4.685e-05,922.37
1653001200000,4.678e-05,4.692e-05,4.532e-05,4.666e-05,2764.72
1653004800000,4.69e-05,4.697e-05,4.652e-05,4.687e-05,1117.05
1653008400000,4.688e-05,4.753e-05,4.653e-05,4.729e-05,3471.89
1653012000000,4.751e-05,4.87e-05,4.736e-05,4.87e-05,2026.18
1653015600000,4.857e-05,4.871e-05,4.778e-05,4.806e-05,2361.84
1653019200000,4.794e-05,4.818e-05,4.782e-05,4.803e-05,1112.96
1653022800000,4.837e-05,4.871e-05,4.819e-05,4.871e-05,156.2
1653026400000,4.866e-05,4.882e-05,4.787e-05,4.811e-05,5332.45
1653030000000,4.787e-05,4.787e-05,4.731e-05,4.739e-05,1462.55
1653033600000,4.746e-05,4.746e-05,4.692e-05,4.717e-05,203.58
1653037200000,4.731e-05,4.742e-05,4.689e-05,4.689e-05,273.35
1653040800000,4.686e-05,4.712e-05,4.672e-05,4.709e-05,1082.72
1653044400000,4.679e-05,4.711e-05,4.667e-05,4.7e-05,494.26
1653048000000,4.714e-05,4.806e-05,4.714e-05,4.789e-05,279.13
1653051600000,4.787e-05,4.801e-05,4.72e-05,4.72e-05,3001.57
1653055200000,4.755e-05,4.755e-05,4.599e-05,4.603e-05,1709.12
1653058800000,4.599e-05,4.661e-05,4.599e-05,4.661e-05,1032.85
1653062400000,4.658e-05,4.672e-05,4.599e-05,4.606e-05,980.03
1653066000000,4.571e-05,4.602e-05,4.542e-05,4.542e-05,1161.77
1653069600000,4.579e-05,4.623e-05,4.564e-05,4.564e-05,4472.65
1653073200000,4.553e-05,4.558e-05,4.514e-05,4.532e-05,1883.04
1653076800000,4.539e-05,4.558e-05,4.516e-05,4.552e-05,761.14
1653080400000,4.534e-05,4.546e-05,4.512e-05,4.546e-05,1208.27
1653084000000,4.546e-05,4.559e-05,4.527e-05,4.545e-05,350.33
1653087600000,4.543e-05,4.544e-05,4.459e-05,4.495e-05,2683.18
1653091200000,4.507e-05,4.507e-05,4.463e-05,4.485e-05,1055.91
1653094800000,4.491e-05,4.512e-05,4.46e-05,4.46e-05,1744.29
1653098400000,4.46e-05,4.472e-05,4.434e-05,4.445e-05,396.67
1653102000000,4.441e-05,4.567e-05,4.435e-05,4.497e-05,13310.81
1653105600000,4.521e-05,4.665e-05,4.467e-05,4.498e-05,850.55
1653109200000,4.466e-05,4.507e-05,4.466e-05,4.473e-05,594.44
1653112800000,4.476e-05,4.487e-05,4.451e-05,4.487e-05,481.06
1653116400000,4.472e-05,4.48e-05,4.455e-05,4.464e-05,109.51
1653120000000,4.468e-05,4.479e-05,4.448e-05,4.479e-05,961.07
1653123600000,4.474e-05,4.487e-05,4.462e-05,4.462e-05,316.12
1653127200000,4.462e-05,4.475e-05,4.418e-05,4.418e-05,160.96
1653130800000,4.425e-05,4.458e-05,4.401e-05,4.401e-05,2418.79
1653134400000,4.401e-05,4.416e-05,4.401e-05,4.401e-05,7167.17
1653138000000,4.401e-05,4.421e-05,4.388e-05,4.4e-05,925.29
1653141600000,4.389e-05,4.407e-05,4.34e-05,4.371e-05,6001.09
1653145200000,4.382e-05,4.424e-05,4.361e-05,4.361e-05,823.14
1653148800000,4.382e-05,4.485e-05,4.382e-05,4.46e-05,8859.75
1653152400000,4.459e-05,4.47e-05,4.446e-05,4.447e-05,191.38
1653156000000,4.468e-05,4.468e-05,4.427e-05,4.446e-05,275.57
1653159600000,4.416e-05,4.448e-05,4.412e-05,4.417e-05,1375.49
1653163200000,4.414e-05,4.414e-05,4.369e-05,4.393e-05,127.23
1653166800000,4.383e-05,4.404e-05,4.342e-05,4.389e-05,2863.04
1653170400000,4.405e-05,4.578e-05,4.402e-05,4.568e-05,1129.4
1653174000000,4.542e-05,4.575e-05,4.542e-05,4.561e-05,1105.3
1653177600000,4.561e-05,4.561e-05,4.522e-05,4.523e-05,303.65
1653181200000,4.528e-05,4.569e-05,4.528e-05,4.546e-05,1928.85
1653184800000,4.528e-05,4.537e-05,4.416e-05,4.442e-05,2075.42
1653188400000,4.466e-05,4.466e-05,4.389e-05,4.413e-05,897.1
1653192000000,4.42e-05,4.444e-05,4.389e-05,4.389e-05,1154.19
1653195600000,4.441e-05,4.441e-05,4.379e-05,4.395e-05,990.56
1653199200000,4.409e-05,4.409e-05,4.366e-05,4.386e-05,2303.05
1653202800000,4.385e-05,4.385e-05,4.339e-05,4.339e-05,1067.4
1653206400000,4.337e-05,4.367e-05,4.289e-05,4.315e-05,4215.63
1653210000000,4.341e-05,4.413e-05,4.341e-05,4.413e-05,22352.37
1653213600000,4.402e-05,4.851e-05,4.39e-05,4.494e-05,11225.8
1653217200000,4.494e-05,4.528e-05,4.4e-05,4.459e-05,1268.27
1653220800000,4.467e-05,4.467e-05,4.41e-05,4.41e-05,656.9
1653224400000,4.429e-05,4.619e-05,4.371e-05,4.399e-05,3666.17
1653228000000,4.386e-05,4.406e-05,4.354e-05,4.38e-05,1264.43
1653231600000,4.367e-05,4.384e-05,4.353e-05,4.377e-05,602.26
1653235200000,4.356e-05,4.356e-05,4.275e-05,4.339e-05,2065.15
1653238800000,4.34e-05,4.348e-05,4.294e-05,4.307e-05,2409.69
1653242400000,4.339e-05,4.339e-05,4.289e-05,4.312e-05,554.3
1653246000000,4.309e-05,4.328e-05,4.284e-05,4.32e-05,1374.54
1653249600000,4.295e-05,4.326e-05,4.295e-05,4.307e-05,263.38
1653253200000,4.313e-05,4.33e-05,4.286e-05,4.286e-05,322.51
1653256800000,4.286e-05,4.552e-05,4.256e-05,4.388e-05,10563.78
1653260400000,4.383e-05,4.518e-05,4.352e-05,4.354e-05,3276.64
1653264000000,4.368e-05,4.369e-05,4.321e-05,4.356e-05,1358.49
1653267600000,4.343e-05,4.369e-05,4.343e-05,4.345e-05,1521.63
1653271200000,4.331e-05,4.343e-05,4.313e-05,4.313e-05,219.67
1653274800000,4.317e-05,4.32e-05,4.28e-05,4.28e-05,686.08
1653278400000,4.28e-05,4.345e-05,4.26e-05,4.345e-05,154.14
1653282000000,4.334e-05,4.392e-05,4.307e-05,4.362e-05,2192.81
1653285600000,4.328e-05,4.349e-05,4.307e-05,4.321e-05,273.78
1653289200000,4.309e-05,4.362e-05,4.309e-05,4.357e-05,3296.7
1653292800000,4.329e-05,4.443e-05,4.258e-05,4.317e-05,3581.4
1653296400000,4.314e-05,4.321e-05,4.28e-05,4.28e-05,536.96
1653300000000,4.284e-05,4.298e-05,4.055e-05,4.185e-05,30194.62
1653303600000,4.203e-05,4.231e-05,4.127e-05,4.177e-05,6603.34
1653307200000,4.178e-05,4.213e-05,4.166e-05,4.199e-05,2563.11
1653310800000,4.191e-05,4.213e-05,4.164e-05,4.174e-05,1090.48
1653314400000,4.18e-05,4.204e-05,4.094e-05,4.115e-05,5589.46
1653318000000,4.093e-05,4.153e-05,4.051e-05,4.127e-05,4389.96
1653321600000,4.149e-05,4.224e-05,4.134e-05,4.218e-05,5998.15
1653325200000,4.219e-05,4.239e-05,4.211e-05,4.236e-05,1551.78
1653328800000,4.25e-05,4.255e-05,4.2e-05,4.22e-05,322.52
1653332400000,4.256e-05,4.286e-05,4.189e-05,4.286e-05,4736.39
1653336000000,4.248e-05,4.277e-05,4.234e-05,4.239e-05,948.44
1653339600000,4.234e-05,4.275e-05,4.222e-05,4.275e-05,2902.71
1653343200000,4.275e-05,4.283e-05,4.035e-05,4.057e-05,8627.15
1653346800000,4.065e-05,4.066e-05,3.994e-05,4.027e-05,4173.73
1653350400000,4.01e-05,4.025e-05,3.98e-05,4.01e-05,1408.57
1653354000000,4.01e-05,4.017e-05,4.003e-05,4.014e-05,941.99
1653357600000,4.017e-05,4.026e-05,4.008e-05,4.026e-05,299.63
1653361200000,4.026e-05,4.027e-05,3.986e-05,3.989e-05,432.07
1653364800000,3.996e-05,4.003e-05,3.979e-05,3.985e-05,397.39
1653368400000,4.016e-05,4.02e-05,3.995e-05,4.014e-05,1263.76
1653372000000,4.014e-05,4.026e-05,4.004e-05,4.019e-05,665.92
1653375600000,3.984e-05,3.995e-05,3.934e-05,3.941e-05,4498.13
1653379200000,3.983e-05,4.015e-05,3.964e-05,3.982e-05,529.48
1653382800000,3.952e-05,3.962e-05,3.922e-05,3.922e-05,4096.29
1653386400000,3.926e-05,3.938e-05,3.922e-05,3.93e-05,351.5
1653390000000,3.93e-05,3.939e-05,3.925e-05,3.927e-05,1066.97
1653393600000,3.915e-05,3.935e-05,3.869e-05,3.869e-05,2216.67
1653397200000,3.88e-05,3.88e-05,3.822e-05,3.838e-05,3777.61
1653400800000,3.82e-05,3.839e-05,3.792e-05,3.822e-05,4764.24
1653404400000,3.808e-05,3.846e-05,3.717e-05,3.717e-05,8046.72
1653408000000,3.752e-05,3.752e-05,3.665e-05,3.665e-05,9885.79
1653411600000,3.711e-05,3.722e-05,3.649e-05,3.687e-05,6582.14
1653415200000,3.704e-05,3.704e-05,3.65e-05,3.67e-05,482.89
1653418800000,3.664e-05,3.673e-05,3.605e-05,3.655e-05,5021.4
1653422400000,3.662e-05,3.684e-05,3.655e-05,3.66e-05,2889.59
1653426000000,3.655e-05,3.716e-05,3.655e-05,3.695e-05,2865.58
1653429600000,3.715e-05,3.715e-05,3.699e-05,3.711e-05,825.67
1653433200000,3.699e-05,3.716e-05,3.695e-05,3.716e-05,1507.7
1653436800000,3.716e-05,3.737e-05,3.705e-05,3.737e-05,2770.59
1653440400000,3.737e-05,3.798e-05,3.656e-05,3.684e-05,12277.05
1653444000000,3.688e-05,3.729e-05,3.661e-05,3.697e-05,6437.54
1653447600000,3.692e-05,3.714e-05,3.681e-05,3.698e-05,1253.16
1653451200000,3.68e-05,3.701e-05,3.68e-05,3.681e-05,710.41
1653454800000,3.68e-05,3.68e-05,3.646e-05,3.646e-05,1805.28
1653458400000,3.661e-05,3.691e-05,3.641e-05,3.691e-05,14908.5
1653462000000,3.688e-05,3.688e-05,3.633e-05,3.633e-05,737.39
1653465600000,3.638e-05,3.638e-05,3.611e-05,3.611e-05,4622.93
1653469200000,3.611e-05,3.635e-05,3.606e-05,3.628e-05,1446.95
1653472800000,3.642e-05,3.647e-05,3.589e-05,3.6e-05,2975.41
1653476400000,3.59e-05,3.596e-05,3.563e-05,3.596e-05,3443.67
1653480000000,3.594e-05,3.609e-05,3.576e-05,3.609e-05,3593.41
1653483600000,3.605e-05,3.662e-05,3.594e-05,3.643e-05,9836.2
1653487200000,3.639e-05,3.687e-05,3.639e-05,3.66e-05,8667.75
1653490800000,3.661e-05,3.692e-05,3.571e-05,3.591e-05,8207.14
1653494400000,3.592e-05,3.608e-05,3.565e-05,3.565e-05,819.56
1653498000000,3.565e-05,3.701e-05,3.565e-05,3.681e-05,13344.02
1653501600000,3.7e-05,3.701e-05,3.633e-05,3.663e-05,4296.96
1653505200000,3.666e-05,3.728e-05,3.647e-05,3.728e-05,1927.67
1653508800000,3.728e-05,3.791e-05,3.692e-05,3.702e-05,6516.21
1653512400000,3.699e-05,3.699e-05,3.668e-05,3.684e-05,519.05
1653516000000,3.674e-05,3.685e-05,3.674e-05,3.682e-05,260.0
1653519600000,3.681e-05,3.701e-05,3.668e-05,3.668e-05,1401.19
1653523200000,3.677e-05,3.677e-05,3.642e-05,3.655e-05,1353.47
1653526800000,3.649e-05,3.649e-05,3.628e-05,3.628e-05,583.76
1653530400000,3.637e-05,3.637e-05,3.615e-05,3.627e-05,1341.9
1653534000000,3.627e-05,3.627e-05,3.576e-05,3.589e-05,1404.62
1653537600000,3.591e-05,3.591e-05,3.576e-05,3.578e-05,1075.33
1653541200000,3.582e-05,3.582e-05,3.517e-05,3.517e-05,4415.35
1653544800000,3.518e-05,3.544e-05,3.389e-05,3.405e-05,23641.75
1653548400000,3.413e-05,3.418e-05,3.378e-05,3.379e-05,1447.52
1653552000000,3.378e-05,3.443e-05,3.277e-05,3.312e-05,6754.92
1653555600000,3.308e-05,3.366e-05,3.273e-05,3.287e-05,12013.99
1653559200000,3.286e-05,3.286e-05,3.265e-05,3.276e-05,3628.35
1653562800000,3.263e-05,3.43e-05,3.226e-05,3.412e-05,4633.9
1653566400000,3.414e-05,3.583e-05,3.414e-05,3.436e-05,18490.02
1653570000000,3.424e-05,3.424e-05,3.364e-05,3.41e-05,1921.74
1653573600000,3.389e-05,3.505e-05,3.389e-05,3.505e-05,3833.93
1653577200000,3.512e-05,3.605e-05,3.512e-05,3.595e-05,4226.83
1653580800000,3.605e-05,4.874e-05,3.605e-05,4.101e-05,220483.53
1653584400000,4.095e-05,4.12e-05,3.735e-05,3.769e-05,57914.75
1653588000000,3.781e-05,3.869e-05,3.587e-05,3.701e-05,22089.73
1653591600000,3.698e-05,4.018e-05,3.672e-05,3.689e-05,31031.27
1653595200000,3.699e-05,3.743e-05,3.63e-05,3.63e-05,7852.75
1653598800000,3.609e-05,3.609e-05,3.397e-05,3.421e-05,12882.79
1653602400000,3.464e-05,3.464e-05,3.395e-05,3.424e-05,2695.83
1653606000000,3.457e-05,3.471e-05,3.424e-05,3.443e-05,848.28
1653609600000,3.412e-05,3.578e-05,3.407e-05,3.524e-05,13177.31
1653613200000,3.529e-05,3.585e-05,3.516e-05,3.56e-05,13667.6
1653616800000,3.54e-05,3.562e-05,3.345e-05,3.345e-05,5964.69
1653620400000,3.348e-05,3.361e-05,3.324e-05,3.326e-05,3508.15
1653624000000,3.343e-05,3.346e-05,3.314e-05,3.346e-05,2453.28
1653627600000,3.339e-05,3.373e-05,3.315e-05,3.354e-05,1706.51
1653631200000,3.346e-05,3.366e-05,3.307e-05,3.32e-05,2812.36
1653634800000,3.309e-05,3.915e-05,3.284e-05,3.481e-05,73902.3
1653638400000,3.478e-05,3.756e-05,3.403e-05,3.536e-05,60081.07
1653642000000,3.536e-05,3.913e-05,3.515e-05,3.675e-05,102512.78
1653645600000,3.702e-05,3.958e-05,3.607e-05,3.958e-05,51561.84
1653649200000,3.958e-05,4.064e-05,3.812e-05,3.873e-05,67701.89
1653652800000,3.862e-05,4.136e-05,3.82e-05,3.915e-05,46546.57
1653656400000,3.94e-05,4.296e-05,3.894e-05,4.261e-05,101460.5
1653660000000,4.213e-05,4.354e-05,4.016e-05,4.132e-05,64284.52
1653663600000,4.132e-05,4.164e-05,3.921e-05,3.962e-05,25105.1
1653667200000,3.964e-05,4.112e-05,3.695e-05,3.715e-05,63873.65
1653670800000,3.728e-05,3.825e-05,3.682e-05,3.755e-05,24917.94
1653674400000,3.758e-05,3.789e-05,3.745e-05,3.769e-05,2607.27
1653678000000,3.781e-05,3.788e-05,3.737e-05,3.75e-05,2390.57
1653681600000,3.752e-05,3.928e-05,3.73e-05,3.777e-05,12287.0
1653685200000,3.763e-05,3.812e-05,3.715e-05,3.812e-05,14824.44
1653688800000,3.784e-05,3.812e-05,3.754e-05,3.763e-05,5296.8
1653692400000,3.782e-05,3.782e-05,3.734e-05,3.755e-05,4342.25
1653696000000,3.745e-05,3.75e-05,3.697e-05,3.72e-05,1316.39
1653699600000,3.72e-05,3.741e-05,3.652e-05,3.671e-05,4332.25
1653703200000,3.674e-05,3.697e-05,3.62e-05,3.665e-05,8982.0
1653706800000,3.671e-05,3.972e-05,3.643e-05,3.866e-05,44243.02
1653710400000,3.863e-05,3.872e-05,3.805e-05,3.82e-05,1778.44
1653714000000,3.797e-05,3.797e-05,3.757e-05,3.797e-05,2065.99
1653717600000,3.774e-05,3.809e-05,3.769e-05,3.785e-05,10857.95
1653721200000,3.789e-05,3.789e-05,3.702e-05,3.705e-05,1717.57
1653724800000,3.702e-05,3.72e-05,3.664e-05,3.686e-05,3951.07
1653728400000,3.686e-05,3.691e-05,3.523e-05,3.605e-05,25126.18
1653732000000,3.591e-05,3.591e-05,3.424e-05,3.459e-05,98241.67
1653735600000,3.451e-05,3.576e-05,3.451e-05,3.551e-05,11025.1
1653739200000,3.549e-05,3.549e-05,3.433e-05,3.484e-05,9980.38
1653742800000,3.494e-05,3.589e-05,3.461e-05,3.565e-05,5358.17
1653746400000,3.56e-05,3.601e-05,3.532e-05,3.561e-05,2408.01
1653750000000,3.547e-05,3.755e-05,3.541e-05,3.622e-05,37689.49
1653753600000,3.62e-05,3.691e-05,3.595e-05,3.663e-05,3254.95
1653757200000,3.626e-05,3.627e-05,3.567e-05,3.567e-05,2294.63
1653760800000,3.567e-05,3.587e-05,3.557e-05,3.569e-05,1783.99
1653764400000,3.573e-05,3.575e-05,3.554e-05,3.575e-05,1751.58
1653768000000,3.567e-05,3.577e-05,3.55e-05,3.572e-05,1459.37
1653771600000,3.563e-05,3.571e-05,3.541e-05,3.567e-05,381.5
1653775200000,3.566e-05,3.567e-05,3.525e-05,3.531e-05,2593.63
1653778800000,3.546e-05,3.572e-05,3.52e-05,3.559e-05,9159.47
1653782400000,3.548e-05,3.568e-05,3.538e-05,3.544e-05,2519.38
1653786000000,3.546e-05,3.755e-05,3.546e-05,3.658e-05,18091.64
1653789600000,3.748e-05,3.913e-05,3.544e-05,3.587e-05,91498.36
1653793200000,3.564e-05,3.577e-05,3.529e-05,3.549e-05,3787.14
1653796800000,3.523e-05,3.614e-05,3.523e-05,3.614e-05,1532.01
1653800400000,3.616e-05,3.624e-05,3.585e-05,3.603e-05,352.69
1653804000000,3.608e-05,3.615e-05,3.567e-05,3.592e-05,4490.81
1653807600000,3.592e-05,3.619e-05,3.583e-05,3.615e-05,3560.27
1653811200000,3.59e-05,3.731e-05,3.578e-05,3.619e-05,13494.37
1653814800000,3.615e-05,3.623e-05,3.599e-05,3.602e-05,2710.65
1653818400000,3.609e-05,3.619e-05,3.592e-05,3.607e-05,783.52
1653822000000,3.615e-05,3.642e-05,3.604e-05,3.613e-05,980.85
1653825600000,3.613e-05,4.033e-05,3.59e-05,3.882e-05,77220.73
1653829200000,3.882e-05,4.3e-05,3.86e-05,4.021e-05,75332.29
1653832800000,4.002e-05,4.002e-05,3.921e-05,3.957e-05,20674.74
1653836400000,3.951e-05,3.951e-05,3.777e-05,3.777e-05,16339.85
1653840000000,3.796e-05,3.811e-05,3.762e-05,3.762e-05,6492.33
1653843600000,3.762e-05,4.124e-05,3.757e-05,3.84e-05,36222.4
1653847200000,3.839e-05,3.865e-05,3.815e-05,3.834e-05,9198.98
1653850800000,3.86e-05,3.871e-05,3.777e-05,3.792e-05,6475.93
1653854400000,3.787e-05,3.798e-05,3.763e-05,3.796e-05,3577.92
1653858000000,3.795e-05,4.29e-05,3.783e-05,3.897e-05,46185.35
1653861600000,3.897e-05,4.033e-05,3.858e-05,3.966e-05,11394.46
1653865200000,3.968e-05,4.002e-05,3.921e-05,3.972e-05,3880.88
1653868800000,3.989e-05,4.05e-05,3.966e-05,3.967e-05,15657.82
1653872400000,3.966e-05,4.033e-05,3.966e-05,4.011e-05,3913.69
1653876000000,3.996e-05,4.181e-05,3.969e-05,3.985e-05,21735.79
1653879600000,3.969e-05,4e-05,3.966e-05,3.966e-05,5049.75
1653883200000,3.978e-05,3.978e-05,3.939e-05,3.958e-05,1361.71
1653886800000,3.948e-05,3.973e-05,3.906e-05,3.973e-05,3562.09
1653890400000,3.966e-05,3.989e-05,3.921e-05,3.966e-05,3477.3
1653894000000,3.987e-05,3.987e-05,3.921e-05,3.943e-05,2492.52
1653897600000,3.931e-05,4.018e-05,3.921e-05,3.923e-05,6762.41
1653901200000,3.916e-05,3.939e-05,3.861e-05,3.892e-05,12753.66
1653904800000,3.882e-05,3.891e-05,3.833e-05,3.848e-05,11589.71
1653908400000,3.833e-05,3.867e-05,3.819e-05,3.863e-05,3202.52
1653912000000,3.846e-05,3.857e-05,3.776e-05,3.814e-05,17418.25
1653915600000,3.814e-05,3.814e-05,3.751e-05,3.795e-05,2919.42
1653919200000,3.786e-05,3.822e-05,3.727e-05,3.728e-05,3407.11
1653922800000,3.728e-05,3.754e-05,3.716e-05,3.735e-05,4393.01
1653926400000,3.731e-05,3.898e-05,3.73e-05,3.79e-05,9567.88
1653930000000,3.787e-05,3.804e-05,3.773e-05,3.796e-05,1476.19
1653933600000,3.787e-05,3.84e-05,3.782e-05,3.795e-05,2733.84
1653937200000,3.793e-05,3.812e-05,3.758e-05,3.788e-05,1789.14
1653940800000,3.792e-05,3.949e-05,3.75e-05,3.949e-05,5345.42
1653944400000,3.958e-05,3.958e-05,3.777e-05,3.812e-05,7971.63
1653948000000,3.826e-05,3.906e-05,3.826e-05,3.837e-05,2791.22
1653951600000,3.837e-05,3.866e-05,3.825e-05,3.863e-05,1511.82
1653955200000,3.833e-05,3.86e-05,3.78e-05,3.78e-05,3271.16
1653958800000,3.787e-05,3.803e-05,3.768e-05,3.777e-05,4417.73
1653962400000,3.773e-05,3.81e-05,3.769e-05,3.779e-05,1274.09
1653966000000,3.786e-05,3.805e-05,3.757e-05,3.757e-05,1205.43
1653969600000,3.758e-05,3.77e-05,3.733e-05,3.733e-05,595.8
1653973200000,3.75e-05,3.759e-05,3.74e-05,3.74e-05,452.52
1653976800000,3.73e-05,3.756e-05,3.7e-05,3.7e-05,3192.07
1653980400000,3.708e-05,3.744e-05,3.688e-05,3.688e-05,7891.47
1653984000000,3.688e-05,3.71e-05,3.651e-05,3.651e-05,1286.6
1653987600000,3.657e-05,3.657e-05,3.583e-05,3.595e-05,1622.67
1653991200000,3.595e-05,3.626e-05,3.566e-05,3.574e-05,598.7
1653994800000,3.562e-05,3.62e-05,3.562e-05,3.614e-05,1425.3
1653998400000,3.621e-05,3.629e-05,3.605e-05,3.615e-05,378.73
1654002000000,3.594e-05,3.594e-05,3.393e-05,3.395e-05,9954.21
1654005600000,3.373e-05,3.401e-05,3.319e-05,3.321e-05,12088.15
1654009200000,3.353e-05,3.54e-05,3.329e-05,3.518e-05,9071.91
1654012800000,3.506e-05,3.506e-05,3.335e-05,3.389e-05,5280.43
1654016400000,3.395e-05,3.434e-05,3.306e-05,3.398e-05,2265.49
1654020000000,3.391e-05,3.447e-05,3.325e-05,3.367e-05,2055.9
1654023600000,3.387e-05,3.428e-05,3.31e-05,3.41e-05,3082.11
1654027200000,3.375e-05,3.375e-05,3.273e-05,3.341e-05,8023.25
1654030800000,3.352e-05,3.404e-05,3.344e-05,3.4e-05,1454.19
1654034400000,3.398e-05,3.415e-05,3.298e-05,3.349e-05,1142.52
1654038000000,3.357e-05,3.372e-05,3.298e-05,3.302e-05,2341.49
1654041600000,3.31e-05,3.335e-05,3.266e-05,3.322e-05,2882.74
1654045200000,3.322e-05,3.362e-05,3.299e-05,3.361e-05,11163.68
1654048800000,3.326e-05,3.403e-05,3.326e-05,3.392e-05,1729.12
1654052400000,3.373e-05,3.391e-05,3.345e-05,3.345e-05,457.18
1654056000000,3.345e-05,3.358e-05,3.318e-05,3.344e-05,130.4
1654059600000,3.331e-05,3.346e-05,3.308e-05,3.346e-05,123.92
1654063200000,3.301e-05,3.318e-05,3.301e-05,3.318e-05,370.51
1654066800000,3.313e-05,3.36e-05,3.296e-05,3.333e-05,423.9
1654070400000,3.33e-05,3.405e-05,3.277e-05,3.405e-05,2424.98
1654074000000,3.399e-05,3.512e-05,3.283e-05,3.308e-05,7878.9
1654077600000,3.315e-05,3.378e-05,3.298e-05,3.313e-05,2533.65
1654081200000,3.363e-05,3.363e-05,3.274e-05,3.307e-05,1723.93
1654084800000,3.302e-05,3.352e-05,3.225e-05,3.319e-05,2954.1
1654088400000,3.313e-05,3.462e-05,3.309e-05,3.332e-05,1197.59
1654092000000,3.312e-05,3.376e-05,3.279e-05,3.301e-05,1772.65
1654095600000,3.323e-05,3.423e-05,3.321e-05,3.395e-05,4079.92
1654099200000,3.395e-05,3.406e-05,3.351e-05,3.406e-05,378.27
1654102800000,3.393e-05,3.393e-05,3.316e-05,3.333e-05,5886.64
1654106400000,3.316e-05,3.367e-05,3.316e-05,3.349e-05,2816.62
1654110000000,3.349e-05,3.35e-05,3.263e-05,3.292e-05,343.53
1654113600000,3.304e-05,3.398e-05,3.284e-05,3.364e-05,3106.29
1654117200000,3.352e-05,3.506e-05,3.352e-05,3.451e-05,4194.37
1654120800000,3.452e-05,3.452e-05,3.397e-05,3.432e-05,289.72
1654124400000,3.436e-05,3.522e-05,3.424e-05,3.43e-05,1873.61
1654128000000,3.392e-05,3.422e-05,3.367e-05,3.421e-05,7191.59
1654131600000,3.41e-05,3.575e-05,3.41e-05,3.441e-05,12785.97
1654135200000,3.428e-05,3.433e-05,3.397e-05,3.41e-05,6169.23
1654138800000,3.408e-05,3.431e-05,3.397e-05,3.427e-05,6422.1
1654142400000,3.422e-05,3.452e-05,3.4e-05,3.404e-05,5177.93
1654146000000,3.404e-05,3.436e-05,3.39e-05,3.395e-05,4595.35
1654149600000,3.396e-05,3.407e-05,3.385e-05,3.397e-05,2359.87
1654153200000,3.393e-05,3.404e-05,3.38e-05,3.391e-05,3812.54
1654156800000,3.391e-05,3.406e-05,3.382e-05,3.391e-05,3488.23
1654160400000,3.397e-05,3.407e-05,3.346e-05,3.359e-05,2374.69
1654164000000,3.353e-05,3.478e-05,3.338e-05,3.36e-05,3765.69
1654167600000,3.36e-05,3.391e-05,3.344e-05,3.391e-05,3603.9
1654171200000,3.383e-05,3.383e-05,3.364e-05,3.364e-05,5838.88
1654174800000,3.353e-05,3.402e-05,3.312e-05,3.374e-05,10353.51
1654178400000,3.376e-05,3.396e-05,3.347e-05,3.382e-05,2610.52
1654182000000,3.384e-05,3.404e-05,3.342e-05,3.367e-05,7602.09
1654185600000,3.367e-05,3.422e-05,3.367e-05,3.389e-05,5820.23
1654189200000,3.397e-05,3.462e-05,3.364e-05,3.389e-05,4825.55
1654192800000,3.397e-05,3.415e-05,3.37e-05,3.387e-05,3178.78
1654196400000,3.386e-05,3.426e-05,3.369e-05,3.384e-05,1810.25
1654200000000,3.37e-05,3.397e-05,3.369e-05,3.396e-05,1753.91
1654203600000,3.396e-05,3.428e-05,3.37e-05,3.377e-05,6248.52
1654207200000,3.389e-05,3.389e-05,3.353e-05,3.353e-05,2312.07
1654210800000,3.362e-05,3.391e-05,3.346e-05,3.364e-05,671.72
1654214400000,3.364e-05,3.371e-05,3.337e-05,3.354e-05,3218.02
1654218000000,3.352e-05,3.442e-05,3.306e-05,3.406e-05,5683.95
1654221600000,3.427e-05,3.427e-05,3.357e-05,3.391e-05,1918.74
1654225200000,3.386e-05,3.419e-05,3.385e-05,3.396e-05,4133.43
1654228800000,3.391e-05,3.391e-05,3.357e-05,3.39e-05,5518.16
1654232400000,3.39e-05,3.398e-05,3.331e-05,3.338e-05,1637.86
1654236000000,3.355e-05,3.367e-05,3.334e-05,3.361e-05,1741.8
1654239600000,3.364e-05,3.372e-05,3.345e-05,3.352e-05,1561.8
1654243200000,3.324e-05,3.378e-05,3.308e-05,3.314e-05,2817.66
1654246800000,3.322e-05,3.359e-05,3.3e-05,3.324e-05,1736.87
1654250400000,3.344e-05,3.379e-05,3.339e-05,3.379e-05,573.69
1654254000000,3.379e-05,3.386e-05,3.365e-05,3.386e-05,644.8
1654257600000,3.384e-05,3.396e-05,3.371e-05,3.39e-05,1324.68
1654261200000,3.393e-05,3.412e-05,3.362e-05,3.402e-05,1550.82
1654264800000,3.391e-05,3.436e-05,3.377e-05,3.436e-05,3895.47
1654268400000,3.407e-05,3.436e-05,3.39e-05,3.411e-05,1974.63
1654272000000,3.392e-05,3.413e-05,3.38e-05,3.386e-05,518.36
1654275600000,3.398e-05,3.42e-05,3.396e-05,3.419e-05,574.28
1654279200000,3.4e-05,3.4e-05,3.377e-05,3.377e-05,350.0
1654282800000,3.4e-05,3.418e-05,3.4e-05,3.418e-05,1465.29
1654286400000,3.407e-05,3.414e-05,3.369e-05,3.413e-05,1285.95
1654290000000,3.395e-05,3.399e-05,3.369e-05,3.394e-05,2769.44
1654293600000,3.397e-05,3.398e-05,3.37e-05,3.387e-05,1042.95
1654297200000,3.387e-05,3.398e-05,3.379e-05,3.379e-05,416.91
1654300800000,3.386e-05,3.4e-05,3.373e-05,3.377e-05,344.24
1654304400000,3.381e-05,3.399e-05,3.381e-05,3.397e-05,423.83
1654308000000,3.4e-05,3.412e-05,3.387e-05,3.398e-05,230.56
1654311600000,3.385e-05,3.385e-05,3.358e-05,3.358e-05,851.73
1654315200000,3.367e-05,3.409e-05,3.322e-05,3.381e-05,9190.81
1654318800000,3.374e-05,3.386e-05,3.374e-05,3.381e-05,483.14
1654322400000,3.383e-05,3.385e-05,3.37e-05,3.383e-05,2822.68
1654326000000,3.38e-05,3.393e-05,3.373e-05,3.373e-05,892.46
1654329600000,3.374e-05,3.399e-05,3.363e-05,3.367e-05,3899.26
1654333200000,3.375e-05,3.38e-05,3.36e-05,3.368e-05,888.84
1654336800000,3.366e-05,3.387e-05,3.341e-05,3.37e-05,4496.11
1654340400000,3.384e-05,3.388e-05,3.37e-05,3.388e-05,1133.58
1654344000000,3.381e-05,3.411e-05,3.381e-05,3.411e-05,596.97
1654347600000,3.394e-05,3.445e-05,3.386e-05,3.445e-05,3241.91
1654351200000,3.449e-05,3.449e-05,3.403e-05,3.427e-05,1566.73
1654354800000,3.42e-05,3.423e-05,3.392e-05,3.42e-05,1922.76
1654358400000,3.41e-05,3.425e-05,3.387e-05,3.387e-05,134.09
1654362000000,3.387e-05,3.419e-05,3.366e-05,3.416e-05,1361.24
1654365600000,3.395e-05,3.395e-05,3.395e-05,3.395e-05,3.33
1654369200000,3.395e-05,3.405e-05,3.395e-05,3.405e-05,79.45
1654372800000,3.389e-05,3.389e-05,3.373e-05,3.373e-05,1318.06
1654376400000,3.389e-05,3.392e-05,3.372e-05,3.381e-05,299.87
1654380000000,3.397e-05,3.43e-05,3.397e-05,3.419e-05,3348.34
1654383600000,3.42e-05,3.42e-05,3.399e-05,3.417e-05,778.92
1654387200000,3.416e-05,3.417e-05,3.388e-05,3.413e-05,948.9
1654390800000,3.412e-05,3.428e-05,3.388e-05,3.392e-05,1302.29
1654394400000,3.392e-05,3.392e-05,3.365e-05,3.388e-05,2170.18
1654398000000,3.386e-05,3.418e-05,3.365e-05,3.412e-05,1445.37
1654401600000,3.402e-05,3.432e-05,3.393e-05,3.432e-05,327.42
1654405200000,3.41e-05,3.455e-05,3.408e-05,3.422e-05,536.24
1654408800000,3.432e-05,3.447e-05,3.432e-05,3.433e-05,41.41
1654412400000,3.438e-05,3.442e-05,3.435e-05,3.442e-05,190.17
1654416000000,3.447e-05,3.447e-05,3.415e-05,3.42e-05,365.71
1654419600000,3.421e-05,3.434e-05,3.399e-05,3.416e-05,434.04
1654423200000,3.42e-05,3.42e-05,3.412e-05,3.419e-05,45.51
1654426800000,3.422e-05,3.422e-05,3.389e-05,3.402e-05,210.7
1654430400000,3.4e-05,3.409e-05,3.376e-05,3.409e-05,376.04
1654434000000,3.403e-05,3.403e-05,3.382e-05,3.388e-05,83.48
1654437600000,3.404e-05,3.425e-05,3.388e-05,3.419e-05,990.71
1654441200000,3.421e-05,3.435e-05,3.388e-05,3.395e-05,163.4
1654444800000,3.421e-05,3.448e-05,3.403e-05,3.443e-05,2039.94
1654448400000,3.43e-05,3.466e-05,3.43e-05,3.466e-05,134.91
1654452000000,3.464e-05,3.485e-05,3.435e-05,3.485e-05,1824.63
1654455600000,3.485e-05,3.51e-05,3.431e-05,3.433e-05,968.35
1654459200000,3.449e-05,3.491e-05,3.449e-05,3.474e-05,325.6
1654462800000,3.452e-05,3.49e-05,3.452e-05,3.47e-05,2614.52
1654466400000,3.474e-05,3.484e-05,3.457e-05,3.471e-05,386.23
1654470000000,3.454e-05,3.487e-05,3.441e-05,3.461e-05,1776.06
1654473600000,3.46e-05,3.482e-05,3.417e-05,3.455e-05,1122.44
1654477200000,3.46e-05,3.461e-05,3.433e-05,3.434e-05,3201.02
1654480800000,3.434e-05,3.47e-05,3.398e-05,3.469e-05,1357.48
1654484400000,3.469e-05,3.485e-05,3.408e-05,3.417e-05,797.28
1654488000000,3.4e-05,3.425e-05,3.39e-05,3.39e-05,427.37
1654491600000,3.402e-05,3.472e-05,3.391e-05,3.451e-05,1911.04
1654495200000,3.425e-05,3.468e-05,3.425e-05,3.468e-05,178.47
1654498800000,3.468e-05,3.484e-05,3.464e-05,3.484e-05,698.26
1654502400000,3.484e-05,3.506e-05,3.461e-05,3.492e-05,1684.16
1654506000000,3.486e-05,3.511e-05,3.468e-05,3.486e-05,10268.52
1654509600000,3.495e-05,3.523e-05,3.463e-05,3.505e-05,3693.4
1654513200000,3.497e-05,3.497e-05,3.436e-05,3.456e-05,2086.13
1654516800000,3.493e-05,3.493e-05,3.459e-05,3.484e-05,1061.63
1654520400000,3.482e-05,3.497e-05,3.452e-05,3.492e-05,809.49
1654524000000,3.482e-05,3.485e-05,3.392e-05,3.464e-05,4183.01
1654527600000,3.462e-05,3.462e-05,3.384e-05,3.429e-05,1532.62
1654531200000,3.41e-05,3.414e-05,3.341e-05,3.365e-05,2384.29
1654534800000,3.389e-05,3.389e-05,3.321e-05,3.356e-05,1387.36
1654538400000,3.34e-05,3.414e-05,3.333e-05,3.397e-05,3093.46
1654542000000,3.367e-05,3.422e-05,3.35e-05,3.371e-05,843.47
1654545600000,3.383e-05,3.418e-05,3.347e-05,3.375e-05,1257.34
1654549200000,3.391e-05,3.458e-05,3.391e-05,3.458e-05,1057.49
1654552800000,3.456e-05,3.458e-05,3.41e-05,3.41e-05,1314.11
1654556400000,3.401e-05,3.412e-05,3.373e-05,3.387e-05,261.54
1654560000000,3.379e-05,3.4e-05,3.309e-05,3.378e-05,1394.71
1654563600000,3.382e-05,3.437e-05,3.36e-05,3.412e-05,2566.54
1654567200000,3.428e-05,3.469e-05,3.41e-05,3.446e-05,5282.19
1654570800000,3.465e-05,3.489e-05,3.441e-05,3.481e-05,641.89
1654574400000,3.482e-05,3.605e-05,3.477e-05,3.486e-05,3863.25
1654578000000,3.501e-05,3.572e-05,3.447e-05,3.466e-05,7885.01
1654581600000,3.471e-05,3.498e-05,3.437e-05,3.484e-05,188.07
1654585200000,3.447e-05,3.472e-05,3.404e-05,3.417e-05,1633.97
1654588800000,3.428e-05,3.435e-05,3.416e-05,3.419e-05,484.17
1654592400000,3.436e-05,3.468e-05,3.436e-05,3.443e-05,1554.76
1654596000000,3.453e-05,3.453e-05,3.417e-05,3.427e-05,2917.89
1654599600000,3.437e-05,3.477e-05,3.437e-05,3.44e-05,5762.05
1654603200000,3.429e-05,3.429e-05,3.429e-05,3.429e-05,11.74
1654606800000,3.436e-05,3.463e-05,3.422e-05,3.428e-05,1639.18
1654610400000,3.457e-05,3.48e-05,3.429e-05,3.46e-05,3259.67
1654614000000,3.454e-05,3.479e-05,3.356e-05,3.436e-05,951.21
1654617600000,3.436e-05,3.44e-05,3.394e-05,3.418e-05,7523.92
1654621200000,3.431e-05,3.431e-05,3.398e-05,3.407e-05,530.05
1654624800000,3.418e-05,3.456e-05,3.409e-05,3.41e-05,1669.66
1654628400000,3.437e-05,3.454e-05,3.387e-05,3.388e-05,6058.85
1654632000000,3.428e-05,3.444e-05,3.369e-05,3.383e-05,7302.9
1654635600000,3.421e-05,3.424e-05,3.392e-05,3.409e-05,980.97
1654639200000,3.409e-05,3.422e-05,3.363e-05,3.363e-05,1807.72
1654642800000,3.352e-05,3.406e-05,3.352e-05,3.387e-05,5160.03
1654646400000,3.384e-05,3.46e-05,3.373e-05,3.442e-05,3295.13
1654650000000,3.419e-05,3.451e-05,3.413e-05,3.413e-05,490.77
1654653600000,3.427e-05,3.518e-05,3.427e-05,3.468e-05,2598.15
1654657200000,3.453e-05,3.47e-05,3.449e-05,3.47e-05,479.52
1654660800000,3.475e-05,3.501e-05,3.441e-05,3.453e-05,2910.01
1654664400000,3.466e-05,3.526e-05,3.448e-05,3.448e-05,1159.98
1654668000000,3.468e-05,3.469e-05,3.289e-05,3.419e-05,11323.42
1654671600000,3.427e-05,3.444e-05,3.401e-05,3.444e-05,963.28
1654675200000,3.422e-05,3.439e-05,3.402e-05,3.402e-05,1640.78
1654678800000,3.403e-05,3.414e-05,3.382e-05,3.392e-05,1149.39
1654682400000,3.408e-05,3.428e-05,3.364e-05,3.364e-05,1676.28
1654686000000,3.389e-05,3.398e-05,3.357e-05,3.398e-05,2888.47
1654689600000,3.396e-05,3.396e-05,3.343e-05,3.357e-05,2952.83
1654693200000,3.367e-05,3.377e-05,3.331e-05,3.344e-05,6935.31
1654696800000,3.373e-05,3.375e-05,3.337e-05,3.346e-05,2330.15
1654700400000,3.346e-05,3.381e-05,3.346e-05,3.381e-05,242.16
1654704000000,3.373e-05,3.38e-05,3.343e-05,3.343e-05,1254.85
1654707600000,3.363e-05,3.363e-05,3.331e-05,3.345e-05,2422.83
1654711200000,3.357e-05,3.37e-05,3.329e-05,3.362e-05,6847.98
1654714800000,3.361e-05,3.368e-05,3.354e-05,3.368e-05,1686.39
1654718400000,3.368e-05,3.399e-05,3.356e-05,3.357e-05,1672.63
1654722000000,3.353e-05,3.353e-05,3.336e-05,3.339e-05,206.73
1654725600000,3.339e-05,3.34e-05,3.328e-05,3.328e-05,2522.8
1654729200000,3.336e-05,3.338e-05,3.3e-05,3.326e-05,3030.15
1654732800000,3.324e-05,3.326e-05,3.3e-05,3.312e-05,1216.81
1654736400000,3.317e-05,3.325e-05,3.302e-05,3.314e-05,2945.26
1654740000000,3.315e-05,3.319e-05,3.292e-05,3.319e-05,730.4
1654743600000,3.331e-05,3.36e-05,3.323e-05,3.331e-05,596.09
1654747200000,3.346e-05,3.346e-05,3.315e-05,3.316e-05,416.65
1654750800000,3.297e-05,3.353e-05,3.293e-05,3.353e-05,1931.46
1654754400000,3.36e-05,3.365e-05,3.36e-05,3.365e-05,564.23
1654758000000,3.364e-05,3.364e-05,3.339e-05,3.347e-05,1903.54
1654761600000,3.328e-05,3.352e-05,3.328e-05,3.342e-05,1049.58
1654765200000,3.347e-05,3.361e-05,3.336e-05,3.35e-05,3311.47
1654768800000,3.368e-05,3.368e-05,3.31e-05,3.313e-05,9893.8
1654772400000,3.313e-05,3.344e-05,3.312e-05,3.342e-05,1449.01
1654776000000,3.361e-05,3.381e-05,3.361e-05,3.381e-05,830.69
1654779600000,3.357e-05,3.416e-05,3.357e-05,3.387e-05,1587.01
1654783200000,3.376e-05,3.422e-05,3.359e-05,3.422e-05,104896.51
1654786800000,3.415e-05,3.474e-05,3.38e-05,3.4e-05,3698.23
1654790400000,3.403e-05,3.431e-05,3.403e-05,3.431e-05,356.47
1654794000000,3.417e-05,3.43e-05,3.379e-05,3.394e-05,1691.79
1654797600000,3.387e-05,3.398e-05,3.377e-05,3.377e-05,373.51
1654801200000,3.389e-05,3.396e-05,3.386e-05,3.396e-05,1182.4
1654804800000,3.396e-05,3.399e-05,3.377e-05,3.381e-05,598.15
1654808400000,3.389e-05,3.389e-05,3.381e-05,3.381e-05,45.37
1654812000000,3.39e-05,3.401e-05,3.39e-05,3.401e-05,670.42
1654815600000,3.388e-05,3.388e-05,3.388e-05,3.388e-05,9.84
1654819200000,3.409e-05,3.426e-05,3.4e-05,3.4e-05,1494.58
1654822800000,3.389e-05,3.394e-05,3.389e-05,3.394e-05,45.28
1654826400000,3.394e-05,3.42e-05,3.383e-05,3.418e-05,790.54
1654830000000,3.397e-05,3.419e-05,3.387e-05,3.401e-05,1819.99
1654833600000,3.401e-05,3.401e-05,3.401e-05,3.401e-05,0.0
1654837200000,3.401e-05,3.401e-05,3.401e-05,3.401e-05,0.0
1654840800000,3.436e-05,3.437e-05,3.404e-05,3.413e-05,1539.56
1654844400000,3.43e-05,3.433e-05,3.418e-05,3.418e-05,1030.0
1654848000000,3.434e-05,3.549e-05,3.419e-05,3.445e-05,1923.75
1654851600000,3.45e-05,3.45e-05,3.411e-05,3.435e-05,653.51
1654855200000,3.443e-05,3.443e-05,3.394e-05,3.426e-05,1483.34
1654858800000,3.424e-05,3.438e-05,3.412e-05,3.412e-05,274.48
1654862400000,3.411e-05,3.463e-05,3.411e-05,3.444e-05,1695.8
1654866000000,3.438e-05,3.488e-05,3.438e-05,3.481e-05,1438.71
1654869600000,3.47e-05,3.515e-05,3.47e-05,3.471e-05,3251.7
1654873200000,3.471e-05,3.487e-05,3.457e-05,3.484e-05,638.41
1654876800000,3.504e-05,3.54e-05,3.473e-05,3.511e-05,2836.39
1654880400000,3.487e-05,3.541e-05,3.487e-05,3.499e-05,156.0
1654884000000,3.526e-05,3.555e-05,3.472e-05,3.519e-05,950.89
1654887600000,3.465e-05,3.467e-05,3.414e-05,3.443e-05,3903.03
1654891200000,3.467e-05,3.467e-05,3.429e-05,3.429e-05,651.56
1654894800000,3.41e-05,3.412e-05,3.38e-05,3.409e-05,1379.1
1654898400000,3.422e-05,3.432e-05,3.413e-05,3.413e-05,1370.07
1654902000000,3.429e-05,3.436e-05,3.421e-05,3.436e-05,270.9
1654905600000,3.443e-05,3.443e-05,3.407e-05,3.407e-05,1029.17
1654909200000,3.407e-05,3.407e-05,3.407e-05,3.407e-05,0.0
1654912800000,3.412e-05,3.43e-05,3.412e-05,3.414e-05,229.19
1654916400000,3.436e-05,3.436e-05,3.417e-05,3.417e-05,116.62
1654920000000,3.418e-05,3.418e-05,3.411e-05,3.411e-05,738.68
1654923600000,3.423e-05,3.423e-05,3.409e-05,3.417e-05,326.12
1654927200000,3.418e-05,3.418e-05,3.406e-05,3.406e-05,152.1
1654930800000,3.42e-05,3.42e-05,3.4e-05,3.401e-05,634.04
1654934400000,3.407e-05,3.44e-05,3.389e-05,3.44e-05,4248.47
1654938000000,3.467e-05,3.474e-05,3.429e-05,3.462e-05,3721.95
1654941600000,3.472e-05,3.472e-05,3.36e-05,3.36e-05,2843.29
1654945200000,3.346e-05,3.346e-05,3.199e-05,3.217e-05,4241.37
1654948800000,3.2e-05,3.245e-05,3.199e-05,3.213e-05,7433.73
1654952400000,3.222e-05,3.228e-05,3.199e-05,3.203e-05,1501.56
1654956000000,3.207e-05,3.239e-05,3.167e-05,3.167e-05,4392.46
1654959600000,3.167e-05,3.184e-05,3.029e-05,3.075e-05,23969.09
1654963200000,3.089e-05,3.089e-05,3.027e-05,3.053e-05,1900.42
1654966800000,3.047e-05,3.079e-05,3.014e-05,3.044e-05,3542.32
1654970400000,3.044e-05,3.102e-05,3.033e-05,3.093e-05,6395.49
1654974000000,3.081e-05,3.081e-05,3.046e-05,3.066e-05,1966.38
1654977600000,3.067e-05,3.084e-05,3.007e-05,3.04e-05,15008.22
1654981200000,3.04e-05,3.04e-05,3.002e-05,3.012e-05,1776.84
1654984800000,3.012e-05,3.012e-05,2.981e-05,2.981e-05,8447.06
1654988400000,2.981e-05,3.034e-05,2.966e-05,2.986e-05,5863.21
1654992000000,2.98e-05,2.98e-05,2.933e-05,2.936e-05,8202.05
1654995600000,2.936e-05,2.937e-05,2.893e-05,2.901e-05,3985.57
1654999200000,2.89e-05,2.922e-05,2.846e-05,2.887e-05,4385.99
1655002800000,2.901e-05,3.134e-05,2.89e-05,3.122e-05,10118.61
1655006400000,3.119e-05,3.12e-05,3.052e-05,3.07e-05,4915.92
1655010000000,3.038e-05,3.038e-05,2.967e-05,3.022e-05,1010.86
1655013600000,3.006e-05,3.032e-05,3.006e-05,3.015e-05,1593.46
1655017200000,3.007e-05,3.044e-05,2.997e-05,3.013e-05,3280.23
1655020800000,3.013e-05,3.013e-05,3.013e-05,3.013e-05,0.0
1655024400000,3.001e-05,3.04e-05,3.001e-05,3.032e-05,285.67
1655028000000,3.022e-05,3.029e-05,3.022e-05,3.025e-05,214.46
1655031600000,3.029e-05,3.029e-05,3.012e-05,3.012e-05,844.62
1655035200000,3.039e-05,3.039e-05,3.014e-05,3.014e-05,138.0
1655038800000,3.014e-05,3.025e-05,3.014e-05,3.019e-05,433.7
1655042400000,2.995e-05,3.049e-05,2.958e-05,3.044e-05,6665.22
1655046000000,3.03e-05,3.038e-05,2.938e-05,3e-05,27658.57
1655049600000,3e-05,3.011e-05,2.983e-05,2.983e-05,1302.97
1655053200000,2.974e-05,2.997e-05,2.974e-05,2.99e-05,2397.86
1655056800000,2.995e-05,2.995e-05,2.962e-05,2.978e-05,1235.15
1655060400000,2.96e-05,2.983e-05,2.96e-05,2.983e-05,531.71
1655064000000,2.994e-05,3.02e-05,2.988e-05,3.001e-05,3223.99
1655067600000,2.999e-05,3.01e-05,2.957e-05,2.975e-05,7096.0
1655071200000,2.978e-05,2.978e-05,2.937e-05,2.957e-05,4801.22
1655074800000,2.967e-05,3.007e-05,2.905e-05,2.999e-05,24336.51
1655078400000,3.003e-05,3.021e-05,2.902e-05,2.902e-05,10757.42
1655082000000,2.909e-05,2.928e-05,2.862e-05,2.928e-05,1346.73
1655085600000,2.928e-05,2.993e-05,2.913e-05,2.932e-05,2512.93
1655089200000,2.908e-05,2.954e-05,2.777e-05,2.791e-05,27889.2
1655092800000,2.795e-05,2.8e-05,2.666e-05,2.673e-05,26867.52
1655096400000,2.669e-05,2.673e-05,2.588e-05,2.598e-05,20097.34
1655100000000,2.587e-05,2.621e-05,2.567e-05,2.577e-05,6057.06
1655103600000,2.582e-05,2.643e-05,2.576e-05,2.623e-05,14975.21
1655107200000,2.623e-05,2.662e-05,2.582e-05,2.585e-05,4883.89
1655110800000,2.603e-05,2.625e-05,2.559e-05,2.58e-05,13798.91
1655114400000,2.615e-05,2.683e-05,2.597e-05,2.675e-05,5546.73
1655118000000,2.672e-05,2.713e-05,2.625e-05,2.659e-05,5849.46
1655121600000,2.677e-05,2.677e-05,2.356e-05,2.401e-05,42347.68
1655125200000,2.402e-05,2.484e-05,2.347e-05,2.475e-05,54120.28
1655128800000,2.479e-05,2.574e-05,2.467e-05,2.548e-05,18751.19
1655132400000,2.563e-05,2.618e-05,2.547e-05,2.6e-05,9000.93
1655136000000,2.604e-05,2.685e-05,2.583e-05,2.613e-05,19528.57
1655139600000,2.618e-05,2.656e-05,2.579e-05,2.618e-05,10107.47
1655143200000,2.618e-05,2.657e-05,2.581e-05,2.632e-05,9173.74
1655146800000,2.64e-05,2.716e-05,2.572e-05,2.639e-05,31541.59
1655150400000,2.643e-05,2.738e-05,2.643e-05,2.712e-05,9160.86
1655154000000,2.674e-05,2.727e-05,2.637e-05,2.7e-05,5513.31
1655157600000,2.694e-05,2.695e-05,2.617e-05,2.63e-05,6479.6
1655161200000,2.617e-05,2.662e-05,2.609e-05,2.641e-05,6337.92
1655164800000,2.673e-05,2.773e-05,2.641e-05,2.76e-05,17025.8
1655168400000,2.761e-05,2.822e-05,2.702e-05,2.705e-05,14567.88
1655172000000,2.726e-05,2.726e-05,2.639e-05,2.715e-05,9076.92
1655175600000,2.709e-05,2.787e-05,2.68e-05,2.684e-05,50279.69
1655179200000,2.697e-05,2.735e-05,2.635e-05,2.67e-05,7405.65
1655182800000,2.67e-05,2.753e-05,2.642e-05,2.753e-05,12351.34
1655186400000,2.731e-05,2.781e-05,2.724e-05,2.761e-05,13295.92
1655190000000,2.78e-05,2.795e-05,2.716e-05,2.75e-05,4582.94
1655193600000,2.75e-05,2.76e-05,2.713e-05,2.739e-05,2120.62
1655197200000,2.744e-05,2.776e-05,2.737e-05,2.745e-05,4507.87
1655200800000,2.752e-05,2.755e-05,2.634e-05,2.663e-05,17756.84
1655204400000,2.676e-05,2.713e-05,2.676e-05,2.684e-05,3283.65
1655208000000,2.67e-05,2.707e-05,2.623e-05,2.666e-05,6984.87
1655211600000,2.674e-05,2.783e-05,2.661e-05,2.73e-05,12305.96
1655215200000,2.721e-05,2.766e-05,2.677e-05,2.766e-05,17477.71
1655218800000,2.738e-05,2.783e-05,2.727e-05,2.757e-05,4139.35
1655222400000,2.74e-05,2.785e-05,2.74e-05,2.745e-05,3458.65
1655226000000,2.745e-05,2.756e-05,2.721e-05,2.741e-05,4100.49
1655229600000,2.727e-05,2.745e-05,2.717e-05,2.726e-05,3258.34
1655233200000,2.77e-05,2.77e-05,2.727e-05,2.739e-05,6341.55
1655236800000,2.739e-05,2.771e-05,2.733e-05,2.733e-05,13098.07
1655240400000,2.748e-05,2.81e-05,2.748e-05,2.781e-05,9252.23
1655244000000,2.782e-05,2.887e-05,2.763e-05,2.833e-05,20825.86
1655247600000,2.83e-05,2.889e-05,2.795e-05,2.818e-05,5868.78
1655251200000,2.818e-05,2.853e-05,2.788e-05,2.853e-05,2654.96
1655254800000,2.845e-05,2.845e-05,2.809e-05,2.824e-05,980.66
1655258400000,2.824e-05,2.853e-05,2.794e-05,2.803e-05,8384.71
1655262000000,2.798e-05,2.838e-05,2.787e-05,2.823e-05,10578.75
1655265600000,2.817e-05,2.817e-05,2.678e-05,2.7e-05,11508.81
1655269200000,2.668e-05,2.678e-05,2.577e-05,2.601e-05,45284.3
1655272800000,2.596e-05,2.607e-05,2.568e-05,2.594e-05,1846.35
1655276400000,2.594e-05,2.608e-05,2.57e-05,2.593e-05,12654.2
1655280000000,2.619e-05,2.633e-05,2.543e-05,2.568e-05,12400.7
1655283600000,2.566e-05,2.568e-05,2.518e-05,2.537e-05,7127.47
1655287200000,2.549e-05,2.549e-05,2.513e-05,2.513e-05,11558.52
1655290800000,2.515e-05,2.545e-05,2.445e-05,2.474e-05,37595.91
1655294400000,2.472e-05,2.485e-05,2.434e-05,2.462e-05,13738.74
1655298000000,2.46e-05,2.51e-05,2.413e-05,2.509e-05,8276.23
1655301600000,2.502e-05,2.519e-05,2.468e-05,2.479e-05,18817.78
1655305200000,2.478e-05,2.559e-05,2.464e-05,2.526e-05,25412.82
1655308800000,2.54e-05,2.568e-05,2.514e-05,2.524e-05,8085.2
1655312400000,2.525e-05,2.712e-05,2.493e-05,2.6e-05,16062.65
1655316000000,2.62e-05,2.897e-05,2.476e-05,2.735e-05,29668.63
1655319600000,2.706e-05,2.779e-05,2.693e-05,2.748e-05,5322.27
1655323200000,2.747e-05,2.747e-05,2.688e-05,2.721e-05,4773.23
1655326800000,2.74e-05,2.8e-05,2.731e-05,2.78e-05,29608.01
1655330400000,2.796e-05,2.796e-05,2.689e-05,2.744e-05,8199.49
1655334000000,2.741e-05,2.754e-05,2.726e-05,2.748e-05,13234.75
1655337600000,2.765e-05,4.73e-05,2.762e-05,3.162e-05,229238.04
1655341200000,3.182e-05,3.297e-05,3.086e-05,3.133e-05,22367.68
1655344800000,3.092e-05,3.092e-05,2.972e-05,2.972e-05,12377.69
1655348400000,2.967e-05,2.974e-05,2.915e-05,2.95e-05,7290.31
1655352000000,2.937e-05,3.069e-05,2.926e-05,2.93e-05,19130.49
1655355600000,2.932e-05,3.004e-05,2.913e-05,2.959e-05,6979.85
1655359200000,2.944e-05,2.944e-05,2.869e-05,2.886e-05,3463.57
1655362800000,2.878e-05,2.878e-05,2.83e-05,2.834e-05,3927.02
1655366400000,2.834e-05,3.826e-05,2.663e-05,2.711e-05,93277.57
1655370000000,2.707e-05,2.732e-05,2.625e-05,2.67e-05,19030.17
1655373600000,2.672e-05,2.698e-05,2.597e-05,2.647e-05,24359.93
1655377200000,2.648e-05,2.703e-05,2.642e-05,2.68e-05,28859.75
1655380800000,2.68e-05,2.954e-05,2.68e-05,2.692e-05,102593.1
1655384400000,2.692e-05,2.714e-05,2.643e-05,2.652e-05,54257.34
1655388000000,2.647e-05,2.698e-05,2.633e-05,2.641e-05,4337.07
1655391600000,2.641e-05,2.688e-05,2.637e-05,2.688e-05,10140.93
1655395200000,2.682e-05,2.711e-05,2.681e-05,2.697e-05,4654.35
1655398800000,2.689e-05,2.695e-05,2.647e-05,2.673e-05,11742.12
1655402400000,2.663e-05,2.677e-05,2.658e-05,2.67e-05,2735.2
1655406000000,2.656e-05,2.687e-05,2.654e-05,2.681e-05,790.69
1655409600000,2.665e-05,2.69e-05,2.653e-05,2.671e-05,3521.42
1655413200000,2.666e-05,2.677e-05,2.632e-05,2.657e-05,3735.96
1655416800000,2.656e-05,2.663e-05,2.619e-05,2.619e-05,4414.12
1655420400000,2.622e-05,2.629e-05,2.605e-05,2.613e-05,1685.73
1655424000000,2.619e-05,2.737e-05,2.611e-05,2.685e-05,17875.2
1655427600000,2.685e-05,2.738e-05,2.677e-05,2.709e-05,12789.17
1655431200000,2.711e-05,2.711e-05,2.654e-05,2.671e-05,3224.79
1655434800000,2.669e-05,2.672e-05,2.65e-05,2.663e-05,1900.65
1655438400000,2.655e-05,2.691e-05,2.62e-05,2.648e-05,16627.54
1655442000000,2.646e-05,2.765e-05,2.598e-05,2.644e-05,15138.63
1655445600000,2.643e-05,2.684e-05,2.619e-05,2.634e-05,7367.63
1655449200000,2.624e-05,2.742e-05,2.605e-05,2.628e-05,25723.35
1655452800000,2.623e-05,2.631e-05,2.57e-05,2.577e-05,14561.47
1655456400000,2.588e-05,2.593e-05,2.564e-05,2.569e-05,1995.34
1655460000000,2.591e-05,2.61e-05,2.585e-05,2.59e-05,1250.94
1655463600000,2.626e-05,2.626e-05,2.582e-05,2.597e-05,13404.74
1655467200000,2.59e-05,2.614e-05,2.59e-05,2.613e-05,3476.97
1655470800000,2.601e-05,2.625e-05,2.586e-05,2.612e-05,1319.75
1655474400000,2.617e-05,2.633e-05,2.58e-05,2.59e-05,5966.72
1655478000000,2.588e-05,2.601e-05,2.567e-05,2.59e-05,4641.7
1655481600000,2.575e-05,2.598e-05,2.568e-05,2.579e-05,3153.48
1655485200000,2.582e-05,2.59e-05,2.57e-05,2.59e-05,2328.75
1655488800000,2.573e-05,2.573e-05,2.448e-05,2.518e-05,58944.66
1655492400000,2.526e-05,2.574e-05,2.515e-05,2.573e-05,8631.74
1655496000000,2.598e-05,2.77e-05,2.585e-05,2.726e-05,16824.83
1655499600000,2.728e-05,2.766e-05,2.661e-05,2.668e-05,13243.86
1655503200000,2.682e-05,2.963e-05,2.682e-05,2.932e-05,10758.27
1655506800000,2.94e-05,2.94e-05,2.817e-05,2.845e-05,17003.54
1655510400000,2.838e-05,2.87e-05,2.78e-05,2.87e-05,10075.38
1655514000000,2.879e-05,2.925e-05,2.871e-05,2.871e-05,6077.5
1655517600000,2.86e-05,3.291e-05,2.859e-05,2.89e-05,52585.53
1655521200000,2.909e-05,2.92e-05,2.844e-05,2.845e-05,5774.18
1655524800000,2.845e-05,2.86e-05,2.787e-05,2.814e-05,6564.09
1655528400000,2.81e-05,2.834e-05,2.81e-05,2.834e-05,3607.95
1655532000000,2.828e-05,3.263e-05,2.826e-05,2.975e-05,79604.36
1655535600000,2.993e-05,3.025e-05,2.761e-05,2.771e-05,37761.94
1655539200000,2.766e-05,2.789e-05,2.746e-05,2.771e-05,11678.3
1655542800000,2.755e-05,2.974e-05,2.743e-05,2.748e-05,35746.86
1655546400000,2.752e-05,2.764e-05,2.719e-05,2.755e-05,23138.85
1655550000000,2.734e-05,2.765e-05,2.718e-05,2.735e-05,15532.49
1655553600000,2.732e-05,2.745e-05,2.721e-05,2.721e-05,2422.92
1655557200000,2.733e-05,2.733e-05,2.701e-05,2.711e-05,15747.59
1655560800000,2.708e-05,2.772e-05,2.706e-05,2.769e-05,6382.46
1655564400000,2.78e-05,2.793e-05,2.761e-05,2.773e-05,3262.4
1655568000000,2.778e-05,2.778e-05,2.707e-05,2.707e-05,3703.29
1655571600000,2.707e-05,2.713e-05,2.619e-05,2.647e-05,7255.55
1655575200000,2.653e-05,2.653e-05,2.366e-05,2.38e-05,98717.01
1655578800000,2.401e-05,2.425e-05,2.273e-05,2.311e-05,101347.0
1655582400000,2.338e-05,2.357e-05,2.239e-05,2.29e-05,104808.69
1655586000000,2.288e-05,2.349e-05,2.277e-05,2.349e-05,44977.49
1655589600000,2.347e-05,2.411e-05,2.321e-05,2.411e-05,32556.84
1655593200000,2.411e-05,2.451e-05,2.383e-05,2.442e-05,80505.82
1655596800000,2.444e-05,2.52e-05,2.37e-05,2.402e-05,84850.02
1655600400000,2.402e-05,2.416e-05,2.376e-05,2.401e-05,14897.39
1655604000000,2.398e-05,2.5e-05,2.398e-05,2.472e-05,22455.5
1655607600000,2.471e-05,2.48e-05,2.455e-05,2.467e-05,17911.43
1655611200000,2.465e-05,2.465e-05,2.417e-05,2.433e-05,8098.2
1655614800000,2.433e-05,2.463e-05,2.433e-05,2.44e-05,6305.86
1655618400000,2.45e-05,2.46e-05,2.427e-05,2.46e-05,7810.81
1655622000000,2.461e-05,2.55e-05,2.461e-05,2.499e-05,28694.18
1655625600000,2.498e-05,2.508e-05,2.473e-05,2.492e-05,20345.0
1655629200000,2.492e-05,2.607e-05,2.48e-05,2.53e-05,41684.89
1655632800000,2.516e-05,2.58e-05,2.492e-05,2.5e-05,21953.81
1655636400000,2.504e-05,2.534e-05,2.504e-05,2.515e-05,5382.12
1655640000000,2.512e-05,2.539e-05,2.5e-05,2.507e-05,10576.57
1655643600000,2.499e-05,2.542e-05,2.494e-05,2.531e-05,2865.84
1655647200000,2.515e-05,2.515e-05,2.479e-05,2.496e-05,5589.9
1655650800000,2.49e-05,2.675e-05,2.49e-05,2.659e-05,34929.15
1655654400000,2.656e-05,2.668e-05,2.527e-05,2.527e-05,20142.17
1655658000000,2.527e-05,2.541e-05,2.514e-05,2.54e-05,1619.54
1655661600000,2.538e-05,2.538e-05,2.479e-05,2.49e-05,13837.9
1655665200000,2.49e-05,2.544e-05,2.41e-05,2.471e-05,13193.44
1655668800000,2.474e-05,3.151e-05,2.438e-05,2.506e-05,181611.31
1655672400000,2.506e-05,2.588e-05,2.419e-05,2.481e-05,38216.03
1655676000000,2.484e-05,2.579e-05,2.484e-05,2.508e-05,23506.94
1655679600000,2.512e-05,2.53e-05,2.492e-05,2.522e-05,5524.14
1655683200000,2.518e-05,2.544e-05,2.475e-05,2.492e-05,2435.27
1655686800000,2.488e-05,2.488e-05,2.432e-05,2.435e-05,15737.89
1655690400000,2.431e-05,2.441e-05,2.38e-05,2.389e-05,20515.52
1655694000000,2.397e-05,2.397e-05,2.371e-05,2.377e-05,5350.14
1655697600000,2.386e-05,2.387e-05,2.37e-05,2.378e-05,2691.32
1655701200000,2.373e-05,2.498e-05,2.369e-05,2.421e-05,13921.1
1655704800000,2.409e-05,2.483e-05,2.409e-05,2.434e-05,14285.14
1655708400000,2.442e-05,2.448e-05,2.265e-05,2.274e-05,95968.3
1655712000000,2.277e-05,2.368e-05,2.273e-05,2.344e-05,54101.96
1655715600000,2.338e-05,2.381e-05,2.322e-05,2.352e-05,18053.94
1655719200000,2.358e-05,2.415e-05,2.358e-05,2.415e-05,21285.1
1655722800000,2.415e-05,2.44e-05,2.396e-05,2.44e-05,18086.95
1655726400000,2.432e-05,2.464e-05,2.432e-05,2.432e-05,3810.74
1655730000000,2.445e-05,2.464e-05,2.429e-05,2.439e-05,5739.89
1655733600000,2.445e-05,2.461e-05,2.401e-05,2.444e-05,9478.0
1655737200000,2.43e-05,2.631e-05,2.43e-05,2.5e-05,82108.45
1655740800000,2.498e-05,2.608e-05,2.498e-05,2.588e-05,10507.96
1655744400000,2.576e-05,2.576e-05,2.527e-05,2.553e-05,4502.4
1655748000000,2.565e-05,2.565e-05,2.525e-05,2.528e-05,4602.99
1655751600000,2.535e-05,2.538e-05,2.511e-05,2.523e-05,793.95
1655755200000,2.537e-05,2.565e-05,2.53e-05,2.538e-05,1122.64
1655758800000,2.527e-05,2.544e-05,2.504e-05,2.504e-05,5643.44
1655762400000,2.493e-05,2.493e-05,2.461e-05,2.461e-05,2039.47
1655766000000,2.462e-05,2.515e-05,2.444e-05,2.501e-05,5499.33
1655769600000,2.507e-05,2.507e-05,2.473e-05,2.476e-05,2150.65
1655773200000,2.475e-05,2.495e-05,2.471e-05,2.494e-05,1590.29
1655776800000,2.507e-05,2.529e-05,2.507e-05,2.529e-05,3708.73
1655780400000,2.527e-05,2.597e-05,2.505e-05,2.543e-05,11786.46
1655784000000,2.529e-05,2.553e-05,2.507e-05,2.529e-05,4111.97
1655787600000,2.53e-05,2.576e-05,2.53e-05,2.572e-05,11234.27
1655791200000,2.556e-05,2.586e-05,2.55e-05,2.575e-05,6023.25
1655794800000,2.569e-05,2.807e-05,2.55e-05,2.701e-05,53422.81
1655798400000,2.698e-05,3.42e-05,2.683e-05,3.074e-05,311131.01
1655802000000,3.076e-05,3.182e-05,2.979e-05,3.004e-05,103640.54
1655805600000,3.009e-05,3.04e-05,2.85e-05,2.899e-05,57996.96
1655809200000,2.904e-05,3.091e-05,2.881e-05,3.087e-05,51187.36
1655812800000,3.087e-05,3.131e-05,2.906e-05,2.992e-05,98282.82
1655816400000,3.004e-05,3.024e-05,2.811e-05,2.884e-05,35605.0
1655820000000,2.882e-05,2.965e-05,2.849e-05,2.933e-05,19263.53
1655823600000,2.937e-05,3.616e-05,2.878e-05,2.909e-05,277907.27
1655827200000,2.915e-05,3.149e-05,2.74e-05,2.766e-05,197978.47
1655830800000,2.768e-05,2.821e-05,2.671e-05,2.714e-05,82738.67
1655834400000,2.706e-05,2.91e-05,2.601e-05,2.622e-05,121959.04
1655838000000,2.622e-05,2.636e-05,2.542e-05,2.585e-05,33068.8
1655841600000,2.572e-05,2.674e-05,2.534e-05,2.63e-05,38859.9
1655845200000,2.629e-05,2.629e-05,2.552e-05,2.573e-05,26520.24
1655848800000,2.558e-05,2.59e-05,2.551e-05,2.578e-05,11482.69
1655852400000,2.575e-05,2.649e-05,2.565e-05,2.631e-05,32363.33
1655856000000,2.632e-05,2.633e-05,2.521e-05,2.558e-05,27309.54
1655859600000,2.563e-05,2.564e-05,2.519e-05,2.531e-05,15688.4
1655863200000,2.531e-05,2.577e-05,2.511e-05,2.572e-05,33986.68
1655866800000,2.574e-05,2.574e-05,2.535e-05,2.539e-05,3919.81
1655870400000,2.532e-05,2.574e-05,2.532e-05,2.565e-05,1534.07
1655874000000,2.552e-05,2.569e-05,2.503e-05,2.504e-05,3638.02
1655877600000,2.511e-05,2.53e-05,2.475e-05,2.528e-05,26233.08
1655881200000,2.528e-05,2.537e-05,2.44e-05,2.443e-05,27957.25
1655884800000,2.44e-05,2.52e-05,2.412e-05,2.498e-05,104783.85
1655888400000,2.495e-05,2.589e-05,2.48e-05,2.589e-05,107892.46
1655892000000,2.582e-05,2.604e-05,2.544e-05,2.573e-05,28187.89
1655895600000,2.562e-05,2.629e-05,2.562e-05,2.618e-05,31077.24
1655899200000,2.619e-05,2.622e-05,2.559e-05,2.569e-05,42173.6
1655902800000,2.573e-05,2.652e-05,2.561e-05,2.626e-05,18946.52
1655906400000,2.634e-05,2.724e-05,2.627e-05,2.652e-05,27991.81
1655910000000,2.651e-05,2.73e-05,2.613e-05,2.661e-05,53738.78
1655913600000,2.661e-05,2.687e-05,2.584e-05,2.584e-05,13522.88
1655917200000,2.604e-05,2.636e-05,2.604e-05,2.621e-05,17822.29
1655920800000,2.623e-05,2.653e-05,2.602e-05,2.602e-05,3560.41
1655924400000,2.608e-05,2.62e-05,2.559e-05,2.587e-05,19491.55
1655928000000,2.572e-05,2.583e-05,2.559e-05,2.56e-05,10165.76
1655931600000,2.572e-05,2.58e-05,2.559e-05,2.58e-05,7491.11
1655935200000,2.58e-05,2.595e-05,2.559e-05,2.576e-05,4472.91
1655938800000,2.578e-05,2.584e-05,2.559e-05,2.567e-05,13279.3
1655942400000,2.574e-05,2.596e-05,2.559e-05,2.596e-05,14495.09
1655946000000,2.598e-05,2.617e-05,2.592e-05,2.616e-05,3495.81
1655949600000,2.603e-05,2.603e-05,2.559e-05,2.56e-05,3432.82
1655953200000,2.578e-05,2.59e-05,2.572e-05,2.574e-05,4728.65
1655956800000,2.58e-05,2.58e-05,2.561e-05,2.561e-05,972.49
1655960400000,2.56e-05,2.648e-05,2.559e-05,2.612e-05,21482.28
1655964000000,2.619e-05,2.628e-05,2.582e-05,2.601e-05,4919.83
1655967600000,2.628e-05,2.704e-05,2.587e-05,2.635e-05,44848.61
1655971200000,2.629e-05,2.649e-05,2.574e-05,2.579e-05,51272.86
1655974800000,2.598e-05,2.676e-05,2.569e-05,2.598e-05,60068.2
1655978400000,2.597e-05,2.635e-05,2.591e-05,2.633e-05,2980.67
1655982000000,2.633e-05,2.633e-05,2.603e-05,2.628e-05,6713.36
1655985600000,2.612e-05,2.635e-05,2.588e-05,2.588e-05,3320.51
1655989200000,2.582e-05,2.635e-05,2.58e-05,2.629e-05,4610.08
1655992800000,2.623e-05,2.623e-05,2.571e-05,2.588e-05,5985.83
1655996400000,2.576e-05,2.604e-05,2.576e-05,2.582e-05,676.32
1656000000000,2.587e-05,2.605e-05,2.584e-05,2.595e-05,2366.1
1656003600000,2.6e-05,2.604e-05,2.57e-05,2.591e-05,2364.96
1656007200000,2.605e-05,2.618e-05,2.582e-05,2.582e-05,665.32
1656010800000,2.57e-05,2.583e-05,2.561e-05,2.567e-05,3461.69
1656014400000,2.567e-05,2.605e-05,2.561e-05,2.602e-05,2444.62
1656018000000,2.602e-05,2.773e-05,2.595e-05,2.651e-05,19682.75
1656021600000,2.623e-05,2.639e-05,2.605e-05,2.618e-05,2676.62
1656025200000,2.608e-05,2.608e-05,2.57e-05,2.588e-05,6118.35
1656028800000,2.58e-05,2.628e-05,2.58e-05,2.599e-05,9945.68
1656032400000,2.6e-05,2.902e-05,2.6e-05,2.628e-05,22381.29
1656036000000,2.618e-05,2.629e-05,2.587e-05,2.622e-05,11462.12
1656039600000,2.628e-05,2.697e-05,2.621e-05,2.633e-05,6998.15
1656043200000,2.624e-05,2.643e-05,2.614e-05,2.614e-05,9962.05
1656046800000,2.618e-05,2.628e-05,2.605e-05,2.628e-05,3734.04
1656050400000,2.628e-05,2.63e-05,2.613e-05,2.613e-05,8152.19
1656054000000,2.617e-05,2.635e-05,2.616e-05,2.629e-05,12428.6
1656057600000,2.622e-05,2.651e-05,2.616e-05,2.65e-05,3575.03
1656061200000,2.646e-05,2.666e-05,2.628e-05,2.664e-05,9173.72
1656064800000,2.666e-05,2.674e-05,2.643e-05,2.649e-05,924.34
1656068400000,2.649e-05,2.839e-05,2.649e-05,2.839e-05,22260.96
1656072000000,2.834e-05,3.245e-05,2.716e-05,2.786e-05,120180.29
1656075600000,2.811e-05,2.849e-05,2.758e-05,2.822e-05,24449.74
1656079200000,2.815e-05,2.858e-05,2.749e-05,2.773e-05,46536.44
1656082800000,2.773e-05,2.843e-05,2.773e-05,2.841e-05,14079.39
1656086400000,2.836e-05,2.948e-05,2.75e-05,2.753e-05,29421.42
1656090000000,2.753e-05,2.77e-05,2.735e-05,2.754e-05,6369.41
1656093600000,2.764e-05,3.227e-05,2.764e-05,2.842e-05,73303.77
1656097200000,2.849e-05,3.018e-05,2.809e-05,3.018e-05,20626.53
1656100800000,3.025e-05,3.026e-05,2.861e-05,2.873e-05,24451.63
1656104400000,2.867e-05,2.989e-05,2.801e-05,2.989e-05,44454.97
1656108000000,2.975e-05,2.975e-05,2.936e-05,2.943e-05,12597.3
1656111600000,2.962e-05,3.154e-05,2.962e-05,2.984e-05,46494.82
1656115200000,2.984e-05,2.985e-05,2.905e-05,2.967e-05,10764.37
1656118800000,2.975e-05,3.096e-05,2.934e-05,3.054e-05,13377.07
1656122400000,3.054e-05,3.245e-05,2.972e-05,3.068e-05,42036.4
1656126000000,3.058e-05,3.135e-05,3.044e-05,3.104e-05,14884.17
1656129600000,3.117e-05,3.33e-05,3.099e-05,3.292e-05,96221.69
1656133200000,3.301e-05,3.301e-05,3.149e-05,3.193e-05,25550.92
1656136800000,3.198e-05,3.205e-05,3.06e-05,3.083e-05,26408.64
1656140400000,3.08e-05,3.146e-05,3.064e-05,3.13e-05,14687.01
1656144000000,3.135e-05,3.276e-05,3.08e-05,3.122e-05,26301.82
1656147600000,3.112e-05,3.428e-05,3.112e-05,3.347e-05,50514.32
1656151200000,3.312e-05,3.312e-05,3.18e-05,3.24e-05,49533.41
1656154800000,3.241e-05,3.241e-05,3.149e-05,3.166e-05,35312.97
1656158400000,3.169e-05,3.184e-05,3.033e-05,3.053e-05,60510.32
1656162000000,3.05e-05,3.191e-05,3.016e-05,3.11e-05,41559.09
1656165600000,3.109e-05,3.109e-05,3.035e-05,3.069e-05,7338.88
1656169200000,3.067e-05,3.074e-05,2.975e-05,2.976e-05,16812.91
1656172800000,2.974e-05,3.268e-05,2.948e-05,3.019e-05,78488.88
1656176400000,3.019e-05,3.166e-05,2.948e-05,3.106e-05,24444.32
1656180000000,3.102e-05,3.108e-05,3.053e-05,3.056e-05,2452.24
1656183600000,3.069e-05,3.093e-05,2.898e-05,2.922e-05,20148.35
1656187200000,2.923e-05,2.93e-05,2.856e-05,2.868e-05,12600.44
1656190800000,2.865e-05,3.079e-05,2.865e-05,2.993e-05,86781.25
1656194400000,2.993e-05,3.012e-05,2.976e-05,3.005e-05,10618.5
1656198000000,3.009e-05,3.039e-05,2.981e-05,3.039e-05,8426.66
1656201600000,2.994e-05,3.102e-05,2.994e-05,3.102e-05,3814.79
1656205200000,3.122e-05,3.124e-05,3.077e-05,3.082e-05,7728.17
1656208800000,3.087e-05,3.14e-05,3.083e-05,3.122e-05,17493.45
1656212400000,3.103e-05,3.131e-05,3.084e-05,3.086e-05,4145.99
1656216000000,3.093e-05,3.123e-05,3.076e-05,3.122e-05,6598.74
1656219600000,3.106e-05,3.164e-05,3.106e-05,3.128e-05,7423.82
1656223200000,3.138e-05,3.146e-05,3.109e-05,3.127e-05,1043.83
1656226800000,3.121e-05,3.148e-05,3.099e-05,3.125e-05,4909.18
1656230400000,3.123e-05,3.126e-05,3.104e-05,3.104e-05,1290.18
1656234000000,3.104e-05,3.105e-05,3.058e-05,3.058e-05,2855.34
1656237600000,3.058e-05,3.071e-05,3.03e-05,3.037e-05,2992.82
1656241200000,3.046e-05,3.1e-05,3.032e-05,3.095e-05,4057.26
1656244800000,3.095e-05,3.121e-05,3.049e-05,3.049e-05,4901.26
1656248400000,3.085e-05,3.085e-05,3.015e-05,3.06e-05,7969.17
1656252000000,3.061e-05,3.127e-05,3.061e-05,3.097e-05,21174.35
1656255600000,3.099e-05,3.126e-05,3.023e-05,3.026e-05,26712.85
1656259200000,3.02e-05,3.035e-05,3.011e-05,3.022e-05,4406.65
1656262800000,3.023e-05,3.028e-05,2.977e-05,2.977e-05,11844.85
1656266400000,2.969e-05,2.969e-05,2.896e-05,2.9e-05,23430.42
1656270000000,2.913e-05,2.926e-05,2.913e-05,2.916e-05,5288.47
1656273600000,2.908e-05,2.926e-05,2.905e-05,2.92e-05,1369.01
1656277200000,2.92e-05,3.058e-05,2.915e-05,2.993e-05,19328.29
1656280800000,2.996e-05,3.001e-05,2.894e-05,2.922e-05,15542.44
1656284400000,2.906e-05,2.95e-05,2.906e-05,2.946e-05,5434.17
1656288000000,2.942e-05,2.95e-05,2.87e-05,2.876e-05,7434.59
1656291600000,2.903e-05,2.906e-05,2.885e-05,2.903e-05,4183.81
1656295200000,2.911e-05,2.911e-05,2.898e-05,2.906e-05,2587.77
1656298800000,2.9e-05,2.901e-05,2.888e-05,2.889e-05,3605.64
1656302400000,2.901e-05,2.912e-05,2.901e-05,2.908e-05,2291.44
1656306000000,2.914e-05,2.924e-05,2.86e-05,2.875e-05,3967.77
1656309600000,2.874e-05,2.875e-05,2.842e-05,2.843e-05,4179.71
1656313200000,2.85e-05,2.883e-05,2.846e-05,2.879e-05,4572.93
1656316800000,2.873e-05,2.898e-05,2.873e-05,2.891e-05,3756.5
1656320400000,2.897e-05,2.929e-05,2.897e-05,2.929e-05,6406.6
1656324000000,2.924e-05,2.927e-05,2.894e-05,2.899e-05,26749.82
1656327600000,2.89e-05,2.891e-05,2.837e-05,2.86e-05,10168.75
1656331200000,2.864e-05,2.878e-05,2.831e-05,2.863e-05,7802.41
1656334800000,2.869e-05,2.886e-05,2.782e-05,2.782e-05,12728.22
1656338400000,2.778e-05,2.778e-05,2.673e-05,2.727e-05,40307.58
1656342000000,2.735e-05,2.765e-05,2.723e-05,2.765e-05,8155.4
1656345600000,2.765e-05,2.77e-05,2.734e-05,2.746e-05,10253.74
1656349200000,2.745e-05,2.756e-05,2.741e-05,2.749e-05,3924.79
1656352800000,2.76e-05,2.767e-05,2.73e-05,2.756e-05,7786.32
1656356400000,2.757e-05,2.757e-05,2.704e-05,2.735e-05,4105.76
1656360000000,2.731e-05,2.743e-05,2.724e-05,2.741e-05,2646.5
1656363600000,2.741e-05,2.751e-05,2.736e-05,2.737e-05,4639.76
1656367200000,2.748e-05,2.79e-05,2.745e-05,2.79e-05,8968.66
1656370800000,2.792e-05,2.797e-05,2.763e-05,2.763e-05,3809.5
1656374400000,2.768e-05,2.802e-05,2.76e-05,2.794e-05,15388.89
1656378000000,2.779e-05,2.783e-05,2.75e-05,2.75e-05,3928.92
1656381600000,2.746e-05,2.746e-05,2.686e-05,2.691e-05,3580.78
1656385200000,2.689e-05,2.699e-05,2.689e-05,2.698e-05,1173.0
1656388800000,2.695e-05,2.705e-05,2.678e-05,2.689e-05,12380.24
1656392400000,2.698e-05,2.698e-05,2.631e-05,2.646e-05,23606.08
1656396000000,2.651e-05,2.695e-05,2.651e-05,2.668e-05,11120.65
1656399600000,2.67e-05,2.704e-05,2.658e-05,2.698e-05,2464.63
1656403200000,2.7e-05,2.713e-05,2.684e-05,2.707e-05,3248.99
1656406800000,2.706e-05,2.759e-05,2.706e-05,2.733e-05,16102.01
1656410400000,2.733e-05,2.733e-05,2.706e-05,2.721e-05,8877.73
1656414000000,2.736e-05,2.736e-05,2.724e-05,2.728e-05,2008.95
1656417600000,2.729e-05,2.764e-05,2.729e-05,2.761e-05,5431.02
1656421200000,2.759e-05,2.85e-05,2.72e-05,2.831e-05,17952.83
1656424800000,2.83e-05,2.839e-05,2.757e-05,2.767e-05,31758.8
1656428400000,2.758e-05,2.776e-05,2.67e-05,2.67e-05,19721.33
1656432000000,2.67e-05,2.694e-05,2.638e-05,2.663e-05,26224.99
1656435600000,2.649e-05,2.66e-05,2.616e-05,2.637e-05,15956.4
1656439200000,2.632e-05,2.648e-05,2.615e-05,2.624e-05,2518.49
1656442800000,2.629e-05,2.631e-05,2.615e-05,2.62e-05,2033.51
1656446400000,2.626e-05,2.641e-05,2.618e-05,2.629e-05,8688.47
1656450000000,2.615e-05,2.633e-05,2.606e-05,2.606e-05,14621.85
1656453600000,2.606e-05,2.613e-05,2.596e-05,2.601e-05,10190.42
1656457200000,2.596e-05,2.605e-05,2.563e-05,2.568e-05,17456.36
1656460800000,2.573e-05,2.615e-05,2.571e-05,2.609e-05,9427.33
1656464400000,2.609e-05,2.646e-05,2.605e-05,2.629e-05,7320.0
1656468000000,2.631e-05,2.655e-05,2.622e-05,2.628e-05,9695.81
1656471600000,2.638e-05,2.652e-05,2.605e-05,2.605e-05,26416.2
1656475200000,2.605e-05,2.605e-05,2.528e-05,2.543e-05,51529.19
1656478800000,2.545e-05,2.577e-05,2.535e-05,2.538e-05,17485.47
1656482400000,2.552e-05,2.563e-05,2.501e-05,2.532e-05,12840.41
1656486000000,2.533e-05,2.546e-05,2.521e-05,2.536e-05,3547.7
1656489600000,2.539e-05,2.553e-05,2.535e-05,2.543e-05,17291.32
1656493200000,2.549e-05,2.595e-05,2.543e-05,2.553e-05,66355.76
1656496800000,2.554e-05,2.559e-05,2.504e-05,2.519e-05,27853.5
1656500400000,2.528e-05,2.531e-05,2.501e-05,2.515e-05,37494.95
1656504000000,2.52e-05,2.538e-05,2.502e-05,2.51e-05,29620.13
1656507600000,2.509e-05,2.536e-05,2.472e-05,2.504e-05,27625.05
1656511200000,2.498e-05,2.549e-05,2.487e-05,2.508e-05,11164.29
1656514800000,2.502e-05,2.508e-05,2.46e-05,2.5e-05,16428.15
1656518400000,2.504e-05,2.512e-05,2.491e-05,2.5e-05,16079.83
1656522000000,2.488e-05,2.507e-05,2.465e-05,2.479e-05,2405.78
1656525600000,2.479e-05,2.505e-05,2.473e-05,2.504e-05,13935.74
1656529200000,2.503e-05,2.526e-05,2.496e-05,2.51e-05,10747.17
1656532800000,2.505e-05,2.525e-05,2.489e-05,2.524e-05,9624.24
1656536400000,2.513e-05,2.515e-05,2.488e-05,2.507e-05,4630.73
1656540000000,2.511e-05,2.562e-05,2.509e-05,2.537e-05,11495.73
1656543600000,2.523e-05,2.525e-05,2.475e-05,2.476e-05,9840.41
1656547200000,2.482e-05,2.487e-05,2.469e-05,2.485e-05,4637.67
1656550800000,2.494e-05,2.509e-05,2.396e-05,2.396e-05,8794.4
1656554400000,2.395e-05,2.395e-05,2.317e-05,2.358e-05,112603.67
1656558000000,2.355e-05,2.364e-05,2.32e-05,2.338e-05,18479.24
1656561600000,2.331e-05,2.334e-05,2.272e-05,2.303e-05,32577.32
1656565200000,2.298e-05,2.323e-05,2.27e-05,2.323e-05,98323.89
1656568800000,2.317e-05,2.374e-05,2.303e-05,2.359e-05,73346.99
1656572400000,2.36e-05,2.36e-05,2.323e-05,2.323e-05,3832.3
1656576000000,2.325e-05,2.37e-05,2.325e-05,2.352e-05,6279.94
1656579600000,2.345e-05,2.362e-05,2.32e-05,2.362e-05,7428.94
1656583200000,2.362e-05,2.364e-05,2.352e-05,2.353e-05,2007.85
1656586800000,2.358e-05,2.375e-05,2.35e-05,2.363e-05,5641.78
1656590400000,2.357e-05,2.375e-05,2.339e-05,2.375e-05,11937.57
1656594000000,2.374e-05,2.395e-05,2.364e-05,2.365e-05,17119.44
1656597600000,2.358e-05,2.387e-05,2.358e-05,2.387e-05,8767.01
1656601200000,2.387e-05,2.403e-05,2.253e-05,2.289e-05,80166.12
1656604800000,2.294e-05,2.31e-05,2.274e-05,2.286e-05,20876.51
1656608400000,2.286e-05,2.293e-05,2.264e-05,2.293e-05,22146.15
1656612000000,2.289e-05,2.302e-05,2.286e-05,2.3e-05,12060.11
1656615600000,2.3e-05,2.316e-05,2.295e-05,2.316e-05,6199.05
1656619200000,2.3e-05,2.339e-05,2.299e-05,2.339e-05,17793.84
1656622800000,2.34e-05,2.347e-05,2.326e-05,2.347e-05,6092.54
1656626400000,2.347e-05,2.354e-05,2.336e-05,2.346e-05,9391.05
1656630000000,2.335e-05,2.335e-05,2.259e-05,2.267e-05,36440.8
1656633600000,2.28e-05,2.393e-05,2.25e-05,2.308e-05,67152.89
1656637200000,2.309e-05,2.322e-05,2.296e-05,2.311e-05,12927.98
1656640800000,2.301e-05,2.391e-05,2.301e-05,2.372e-05,28590.33
1656644400000,2.379e-05,2.41e-05,2.355e-05,2.384e-05,14142.25
1656648000000,2.376e-05,2.376e-05,2.299e-05,2.355e-05,30963.23
1656651600000,2.356e-05,2.372e-05,2.34e-05,2.362e-05,8433.4
1656655200000,2.353e-05,2.368e-05,2.349e-05,2.36e-05,6702.37
1656658800000,2.355e-05,2.394e-05,2.347e-05,2.388e-05,6731.69
1656662400000,2.393e-05,2.398e-05,2.366e-05,2.379e-05,7650.13
1656666000000,2.382e-05,2.415e-05,2.365e-05,2.414e-05,10298.05
1656669600000,2.387e-05,2.415e-05,2.384e-05,2.41e-05,22848.69
1656673200000,2.407e-05,2.415e-05,2.38e-05,2.394e-05,9233.22
1656676800000,2.39e-05,2.397e-05,2.362e-05,2.363e-05,4697.46
1656680400000,2.361e-05,2.361e-05,2.325e-05,2.349e-05,14121.44
1656684000000,2.365e-05,2.366e-05,2.309e-05,2.309e-05,21759.92
1656687600000,2.31e-05,2.33e-05,2.305e-05,2.33e-05,15341.65
1656691200000,2.327e-05,2.36e-05,2.32e-05,2.346e-05,13634.21
1656694800000,2.351e-05,2.365e-05,2.337e-05,2.358e-05,11714.61
1656698400000,2.348e-05,2.357e-05,2.345e-05,2.357e-05,638.08
1656702000000,2.353e-05,2.364e-05,2.351e-05,2.351e-05,2140.12
1656705600000,2.346e-05,2.388e-05,2.34e-05,2.388e-05,13973.6
1656709200000,2.385e-05,2.385e-05,2.361e-05,2.377e-05,12559.56
1656712800000,2.376e-05,2.38e-05,2.356e-05,2.356e-05,7107.69
1656716400000,2.356e-05,2.361e-05,2.35e-05,2.36e-05,9561.0
1656720000000,2.352e-05,2.362e-05,2.339e-05,2.356e-05,7355.04
1656723600000,2.352e-05,2.352e-05,2.345e-05,2.347e-05,715.19
1656727200000,2.348e-05,2.361e-05,2.342e-05,2.342e-05,13680.22
1656730800000,2.342e-05,2.345e-05,2.333e-05,2.337e-05,4949.34
1656734400000,2.337e-05,2.39e-05,2.337e-05,2.371e-05,9908.8
1656738000000,2.366e-05,2.377e-05,2.359e-05,2.377e-05,3345.28
1656741600000,2.377e-05,2.391e-05,2.367e-05,2.391e-05,4123.13
1656745200000,2.383e-05,2.389e-05,2.364e-05,2.388e-05,18978.22
1656748800000,2.384e-05,2.391e-05,2.381e-05,2.385e-05,4576.28
1656752400000,2.388e-05,2.394e-05,2.38e-05,2.387e-05,10015.75
1656756000000,2.392e-05,2.402e-05,2.389e-05,2.393e-05,4237.58
1656759600000,2.396e-05,2.4e-05,2.392e-05,2.399e-05,6883.95
1656763200000,2.395e-05,2.395e-05,2.366e-05,2.384e-05,12025.76
1656766800000,2.384e-05,2.597e-05,2.384e-05,2.453e-05,86356.3
1656770400000,2.455e-05,2.504e-05,2.454e-05,2.5e-05,23141.51
1656774000000,2.504e-05,3.087e-05,2.497e-05,2.602e-05,640528.95
1656777600000,2.617e-05,2.632e-05,2.524e-05,2.543e-05,65274.51
1656781200000,2.563e-05,2.574e-05,2.521e-05,2.533e-05,20227.83
1656784800000,2.532e-05,2.532e-05,2.51e-05,2.522e-05,7009.46
1656788400000,2.527e-05,2.532e-05,2.456e-05,2.46e-05,18477.99
1656792000000,2.46e-05,2.461e-05,2.381e-05,2.381e-05,53839.78
1656795600000,2.393e-05,2.436e-05,2.382e-05,2.428e-05,42961.54
1656799200000,2.403e-05,2.411e-05,2.383e-05,2.398e-05,7786.41
1656802800000,2.406e-05,2.424e-05,2.406e-05,2.424e-05,3732.88
1656806400000,2.424e-05,2.471e-05,2.424e-05,2.438e-05,17208.98
1656810000000,2.434e-05,2.439e-05,2.434e-05,2.439e-05,3144.94
1656813600000,2.435e-05,2.506e-05,2.405e-05,2.505e-05,75909.12
1656817200000,2.496e-05,2.496e-05,2.442e-05,2.46e-05,16178.37
1656820800000,2.459e-05,2.468e-05,2.42e-05,2.433e-05,41519.47
1656824400000,2.433e-05,2.484e-05,2.424e-05,2.447e-05,6837.69
1656828000000,2.447e-05,2.475e-05,2.428e-05,2.459e-05,6258.17
1656831600000,2.458e-05,2.479e-05,2.43e-05,2.479e-05,30822.89
1656835200000,2.468e-05,2.671e-05,2.444e-05,2.542e-05,42124.29
1656838800000,2.543e-05,2.543e-05,2.482e-05,2.489e-05,9726.99
1656842400000,2.501e-05,2.501e-05,2.443e-05,2.48e-05,15671.85
1656846000000,2.496e-05,2.671e-05,2.494e-05,2.653e-05,16367.1
1656849600000,2.643e-05,2.7e-05,2.504e-05,2.504e-05,160019.26
1656853200000,2.525e-05,2.56e-05,2.502e-05,2.519e-05,4017.31
1656856800000,2.519e-05,2.55e-05,2.421e-05,2.433e-05,18577.31
1656860400000,2.439e-05,2.476e-05,2.417e-05,2.459e-05,11234.01
1656864000000,2.478e-05,2.491e-05,2.465e-05,2.484e-05,2782.1
1656867600000,2.484e-05,2.484e-05,2.468e-05,2.472e-05,3630.95
1656871200000,2.466e-05,2.487e-05,2.452e-05,2.459e-05,4699.99
1656874800000,2.475e-05,2.532e-05,2.466e-05,2.508e-05,4561.05
1656878400000,2.494e-05,2.544e-05,2.494e-05,2.537e-05,2627.34
1656882000000,2.545e-05,2.972e-05,2.527e-05,2.642e-05,99254.47
1656885600000,2.66e-05,2.696e-05,2.537e-05,2.567e-05,24705.93
1656889200000,2.596e-05,2.724e-05,2.58e-05,2.624e-05,22327.95
1656892800000,2.622e-05,2.645e-05,2.564e-05,2.584e-05,11951.19
1656896400000,2.59e-05,2.596e-05,2.573e-05,2.579e-05,3351.94
1656900000000,2.587e-05,2.597e-05,2.562e-05,2.562e-05,826.23
1656903600000,2.562e-05,2.576e-05,2.549e-05,2.549e-05,5167.27
1656907200000,2.56e-05,2.589e-05,2.548e-05,2.578e-05,1904.03
1656910800000,2.582e-05,2.584e-05,2.45e-05,2.501e-05,45897.2
1656914400000,2.503e-05,2.514e-05,2.492e-05,2.499e-05,18101.61
1656918000000,2.505e-05,2.524e-05,2.49e-05,2.524e-05,22576.8
1656921600000,2.525e-05,2.534e-05,2.504e-05,2.504e-05,11365.88
1656925200000,2.504e-05,2.507e-05,2.485e-05,2.49e-05,6697.34
1656928800000,2.495e-05,2.505e-05,2.48e-05,2.496e-05,7923.05
1656932400000,2.503e-05,2.524e-05,2.48e-05,2.48e-05,8603.35
1656936000000,2.517e-05,2.595e-05,2.517e-05,2.566e-05,9050.39
1656939600000,2.559e-05,2.566e-05,2.522e-05,2.555e-05,10059.04
1656943200000,2.55e-05,2.55e-05,2.521e-05,2.521e-05,626.15
1656946800000,2.536e-05,2.837e-05,2.521e-05,2.65e-05,60772.93
1656950400000,2.633e-05,2.633e-05,2.571e-05,2.598e-05,17592.07
1656954000000,2.593e-05,2.845e-05,2.593e-05,2.743e-05,29153.24
1656957600000,2.744e-05,2.763e-05,2.644e-05,2.672e-05,21833.69
1656961200000,2.674e-05,2.9e-05,2.664e-05,2.77e-05,60521.36
1656964800000,2.764e-05,2.764e-05,2.599e-05,2.666e-05,48477.03
1656968400000,2.655e-05,2.71e-05,2.655e-05,2.691e-05,3168.25
1656972000000,2.688e-05,2.694e-05,2.659e-05,2.667e-05,6493.54
1656975600000,2.673e-05,2.689e-05,2.67e-05,2.681e-05,1740.06
1656979200000,2.674e-05,2.795e-05,2.674e-05,2.724e-05,13741.77
1656982800000,2.724e-05,2.808e-05,2.722e-05,2.739e-05,14564.33
1656986400000,2.733e-05,2.763e-05,2.733e-05,2.743e-05,1784.68
1656990000000,2.747e-05,2.747e-05,2.7e-05,2.724e-05,15606.18
1656993600000,2.737e-05,2.743e-05,2.697e-05,2.711e-05,6282.03
1656997200000,2.692e-05,2.981e-05,2.692e-05,2.981e-05,46410.22
1657000800000,2.989e-05,3.399e-05,2.988e-05,3.173e-05,254295.2
1657004400000,3.187e-05,3.187e-05,3.032e-05,3.14e-05,56933.79
1657008000000,3.148e-05,3.272e-05,3.111e-05,3.177e-05,82052.15
1657011600000,3.166e-05,3.179e-05,3.062e-05,3.126e-05,35520.61
1657015200000,3.137e-05,3.141e-05,3.058e-05,3.086e-05,32741.55
1657018800000,3.086e-05,3.119e-05,2.987e-05,2.992e-05,50666.68
1657022400000,2.999e-05,3.2e-05,2.999e-05,3.077e-05,138125.0
1657026000000,3.077e-05,3.215e-05,2.989e-05,3.022e-05,74686.31
1657029600000,3.026e-05,3.031e-05,2.869e-05,2.874e-05,67458.43
1657033200000,2.878e-05,2.964e-05,2.83e-05,2.838e-05,75421.85
1657036800000,2.856e-05,2.898e-05,2.833e-05,2.854e-05,36250.86
1657040400000,2.833e-05,2.938e-05,2.826e-05,2.859e-05,20114.15
1657044000000,2.86e-05,2.866e-05,2.778e-05,2.817e-05,32566.0
1657047600000,2.82e-05,2.838e-05,2.786e-05,2.826e-05,19637.74
1657051200000,2.826e-05,2.828e-05,2.764e-05,2.796e-05,13428.26
1657054800000,2.785e-05,2.795e-05,2.76e-05,2.763e-05,7782.5
1657058400000,2.775e-05,2.948e-05,2.768e-05,2.818e-05,36782.09
1657062000000,2.821e-05,2.881e-05,2.795e-05,2.81e-05,9653.38
1657065600000,2.797e-05,2.797e-05,2.751e-05,2.792e-05,7134.13
1657069200000,2.808e-05,2.838e-05,2.797e-05,2.809e-05,4141.49
1657072800000,2.8e-05,2.831e-05,2.777e-05,2.807e-05,11329.91
1657076400000,2.81e-05,2.846e-05,2.778e-05,2.829e-05,11200.23
1657080000000,2.832e-05,2.832e-05,2.764e-05,2.765e-05,2819.65
1657083600000,2.762e-05,2.791e-05,2.762e-05,2.77e-05,3949.16
1657087200000,2.776e-05,2.796e-05,2.75e-05,2.796e-05,9733.69
1657090800000,2.799e-05,2.799e-05,2.751e-05,2.77e-05,5451.44
1657094400000,2.778e-05,2.794e-05,2.762e-05,2.771e-05,5183.28
1657098000000,2.78e-05,2.807e-05,2.76e-05,2.807e-05,18060.74
1657101600000,2.811e-05,2.876e-05,2.796e-05,2.842e-05,36631.45
1657105200000,2.828e-05,2.835e-05,2.799e-05,2.799e-05,14588.82
1657108800000,2.814e-05,2.843e-05,2.794e-05,2.822e-05,5804.79
1657112400000,2.818e-05,2.835e-05,2.789e-05,2.813e-05,9890.13
1657116000000,2.8e-05,2.841e-05,2.794e-05,2.823e-05,5031.48
1657119600000,2.828e-05,2.832e-05,2.807e-05,2.829e-05,2830.87
1657123200000,2.829e-05,2.923e-05,2.829e-05,2.894e-05,39363.26
1657126800000,2.897e-05,2.915e-05,2.871e-05,2.906e-05,11821.07
1657130400000,2.916e-05,2.916e-05,2.848e-05,2.9e-05,3246.07
1657134000000,2.92e-05,2.931e-05,2.896e-05,2.9e-05,3722.42
1657137600000,2.903e-05,2.912e-05,2.877e-05,2.908e-05,5520.0
1657141200000,2.911e-05,3.071e-05,2.907e-05,2.977e-05,25900.68
1657144800000,2.971e-05,3.121e-05,2.927e-05,3.033e-05,24006.15
1657148400000,3.05e-05,3.255e-05,2.978e-05,2.996e-05,52513.27
1657152000000,2.996e-05,3.004e-05,2.936e-05,2.952e-05,57967.12
1657155600000,2.957e-05,2.969e-05,2.883e-05,2.915e-05,43912.41
1657159200000,2.932e-05,2.937e-05,2.916e-05,2.937e-05,21426.22
1657162800000,2.94e-05,3.085e-05,2.94e-05,3.01e-05,42629.48
1657166400000,3.019e-05,3.116e-05,2.834e-05,2.955e-05,81778.67
1657170000000,2.948e-05,2.976e-05,2.943e-05,2.943e-05,10354.47
1657173600000,2.957e-05,2.983e-05,2.95e-05,2.96e-05,3526.07
1657177200000,2.951e-05,2.957e-05,2.891e-05,2.947e-05,23122.27
1657180800000,2.953e-05,2.955e-05,2.899e-05,2.91e-05,4170.19
1657184400000,2.906e-05,2.929e-05,2.906e-05,2.929e-05,7114.63
1657188000000,2.937e-05,3.029e-05,2.91e-05,2.923e-05,22592.84
1657191600000,2.927e-05,2.961e-05,2.924e-05,2.946e-05,5105.83
1657195200000,2.952e-05,2.967e-05,2.93e-05,2.931e-05,32834.66
1657198800000,2.931e-05,2.964e-05,2.931e-05,2.959e-05,14726.57
1657202400000,2.952e-05,3.042e-05,2.94e-05,2.986e-05,15700.96
1657206000000,2.996e-05,3.004e-05,2.947e-05,2.989e-05,20636.19
1657209600000,2.978e-05,3.237e-05,2.978e-05,3.141e-05,28091.92
1657213200000,3.148e-05,3.216e-05,3.057e-05,3.1e-05,26239.68
1657216800000,3.1e-05,3.135e-05,3.051e-05,3.088e-05,28927.16
1657220400000,3.096e-05,3.22e-05,3.044e-05,3.082e-05,19887.79
1657224000000,3.075e-05,3.075e-05,3.036e-05,3.049e-05,3012.62
1657227600000,3.062e-05,3.429e-05,3.029e-05,3.122e-05,60832.69
1657231200000,3.115e-05,3.115e-05,3.019e-05,3.094e-05,14260.16
1657234800000,3.079e-05,3.079e-05,3.07e-05,3.075e-05,29177.6
1657238400000,3.075e-05,3.201e-05,3.061e-05,3.165e-05,36702.52
1657242000000,3.185e-05,3.185e-05,3.048e-05,3.155e-05,18760.97
1657245600000,3.138e-05,3.289e-05,3.127e-05,3.263e-05,31361.07
1657249200000,3.263e-05,3.28e-05,3.179e-05,3.202e-05,10668.7
1657252800000,3.205e-05,3.217e-05,3.121e-05,3.14e-05,25172.03
1657256400000,3.15e-05,3.173e-05,3.121e-05,3.151e-05,11999.39
1657260000000,3.152e-05,3.249e-05,3.132e-05,3.167e-05,17325.2
1657263600000,3.171e-05,3.171e-05,3.096e-05,3.127e-05,15057.16
1657267200000,3.122e-05,3.179e-05,3.103e-05,3.158e-05,11785.01
1657270800000,3.139e-05,3.307e-05,3.079e-05,3.21e-05,17715.29
1657274400000,3.215e-05,3.215e-05,3.143e-05,3.162e-05,6961.84
1657278000000,3.174e-05,3.339e-05,3.169e-05,3.209e-05,12853.35
1657281600000,3.183e-05,3.315e-05,3.143e-05,3.306e-05,45594.94
1657285200000,3.303e-05,3.639e-05,3.256e-05,3.449e-05,144318.28
1657288800000,3.447e-05,3.556e-05,3.347e-05,3.469e-05,79313.45
1657292400000,3.485e-05,4.027e-05,3.485e-05,3.596e-05,217616.18
1657296000000,3.616e-05,3.982e-05,3.616e-05,3.844e-05,50198.84
1657299600000,3.844e-05,3.844e-05,3.585e-05,3.591e-05,43455.54
1657303200000,3.591e-05,3.741e-05,3.536e-05,3.542e-05,23173.44
1657306800000,3.549e-05,3.563e-05,3.483e-05,3.483e-05,25953.53
1657310400000,3.483e-05,3.483e-05,3.356e-05,3.4e-05,105783.84
1657314000000,3.409e-05,3.444e-05,3.361e-05,3.408e-05,9915.62
1657317600000,3.399e-05,3.555e-05,3.373e-05,3.456e-05,13288.31
1657321200000,3.471e-05,3.549e-05,3.386e-05,3.414e-05,18827.46
1657324800000,3.41e-05,3.55e-05,3.398e-05,3.47e-05,32789.21
1657328400000,3.468e-05,3.497e-05,3.445e-05,3.452e-05,6012.25
1657332000000,3.453e-05,3.527e-05,3.453e-05,3.522e-05,18144.06
1657335600000,3.527e-05,3.603e-05,3.45e-05,3.478e-05,35348.23
1657339200000,3.462e-05,3.52e-05,3.443e-05,3.52e-05,4272.44
1657342800000,3.514e-05,3.514e-05,3.419e-05,3.423e-05,29575.53
1657346400000,3.425e-05,3.425e-05,3.315e-05,3.326e-05,21552.31
