1593561600000,3.5e-07,3.6e-07,3.5e-07,3.5e-07,6003906.0
1593565200000,3.5e-07,3.6e-07,3.4e-07,3.5e-07,2292712.0
1593568800000,3.5e-07,3.5e-07,3.4e-07,3.5e-07,48400.0
1593572400000,3.5e-07,3.5e-07,3.4e-07,3.4e-07,1323695.0
1593576000000,3.5e-07,3.5e-07,3.4e-07,3.4e-07,14898.0
1593579600000,3.5e-07,3.5e-07,3.4e-07,3.4e-07,2249141.0
1593583200000,3.5e-07,3.5e-07,3.4e-07,3.4e-07,810108.0
1593586800000,3.5e-07,3.5e-07,3.4e-07,3.5e-07,194858.0
1593590400000,3.5e-07,3.5e-07,3.4e-07,3.4e-07,381049.0
1593594000000,3.5e-07,3.5e-07,3.4e-07,3.5e-07,37558.0
1593597600000,3.4e-07,3.5e-07,3.4e-07,3.4e-07,3433709.0
1593601200000,3.4e-07,3.5e-07,3.4e-07,3.5e-07,35349.0
1593604800000,3.4e-07,3.5e-07,3.4e-07,3.5e-07,2405785.0
1593608400000,3.5e-07,3.5e-07,3.4e-07,3.4e-07,2937134.0
1593612000000,3.4e-07,3.5e-07,3.4e-07,3.4e-07,1163558.0
1593615600000,3.5e-07,3.5e-07,3.4e-07,3.5e-07,921269.0
1593619200000,3.5e-07,3.5e-07,3.4e-07,3.4e-07,151611.0
1593622800000,3.4e-07,3.5e-07,3.4e-07,3.5e-07,1818561.0
1593626400000,3.5e-07,3.5e-07,3.4e-07,3.4e-07,720046.0
1593630000000,3.4e-07,3.5e-07,3.4e-07,3.4e-07,218486.0
1593633600000,3.4e-07,3.5e-07,3.4e-07,3.4e-07,548922.0
1593637200000,3.5e-07,3.5e-07,3.4e-07,3.5e-07,50887.0
1593640800000,3.5e-07,3.5e-07,3.4e-07,3.5e-07,130141.0
1593644400000,3.5e-07,3.5e-07,3.4e-07,3.4e-07,2805806.0
1593648000000,3.5e-07,3.5e-07,3.4e-07,3.5e-07,158982.0
1593651600000,3.5e-07,3.5e-07,3.4e-07,3.5e-07,225323.0
1593655200000,3.4e-07,3.5e-07,3.4e-07,3.4e-07,2755430.0
1593658800000,3.5e-07,3.5e-07,3.4e-07,3.5e-07,665723.0
1593662400000,3.4e-07,3.5e-07,3.4e-07,3.5e-07,386117.0
1593666000000,3.5e-07,3.5e-07,3.4e-07,3.5e-07,209341.0
1593669600000,3.4e-07,3.5e-07,3.4e-07,3.5e-07,377276.0
1593673200000,3.5e-07,3.5e-07,3.4e-07,3.5e-07,630807.0
1593676800000,3.5e-07,3.5e-07,3.4e-07,3.5e-07,879464.0
1593680400000,3.5e-07,3.5e-07,3.5e-07,3.5e-07,4676.0
1593684000000,3.5e-07,3.5e-07,3.5e-07,3.5e-07,2708415.0
1593687600000,3.5e-07,3.6e-07,3.5e-07,3.6e-07,8504386.0
1593691200000,3.6e-07,3.6e-07,3.5e-07,3.5e-07,850154.0
1593694800000,3.5e-07,3.5e-07,3.5e-07,3.5e-07,7778469.0
1593698400000,3.5e-07,3.6e-07,3.5e-07,3.5e-07,3247749.0
1593702000000,3.5e-07,3.6e-07,3.4e-07,3.5e-07,8216283.0
1593705600000,3.5e-07,3.5e-07,3.4e-07,3.5e-07,2805825.0
1593709200000,3.4e-07,3.5e-07,3.4e-07,3.5e-07,237677.0
1593712800000,3.4e-07,3.5e-07,3.4e-07,3.5e-07,211709.0
1593716400000,3.5e-07,3.6e-07,3.5e-07,3.5e-07,12180758.0
1593720000000,3.5e-07,3.6e-07,3.4e-07,3.5e-07,3802008.0
1593723600000,3.5e-07,3.6e-07,3.5e-07,3.6e-07,1553492.0
1593727200000,3.6e-07,3.6e-07,3.5e-07,3.6e-07,326340.0
1593730800000,3.6e-07,3.6e-07,3.5e-07,3.6e-07,651176.0
1593734400000,3.5e-07,3.6e-07,3.5e-07,3.6e-07,535471.0
1593738000000,3.5e-07,3.5e-07,3.5e-07,3.5e-07,10000.0
1593741600000,3.6e-07,3.6e-07,3.6e-07,3.6e-07,28275.0
1593745200000,3.5e-07,3.6e-07,3.5e-07,3.5e-07,187916.0
1593748800000,3.5e-07,3.5e-07,3.5e-07,3.5e-07,90711.0
1593752400000,3.5e-07,3.6e-07,3.5e-07,3.6e-07,273944.0
1593756000000,3.5e-07,3.6e-07,3.5e-07,3.6e-07,545531.0
1593759600000,3.6e-07,3.6e-07,3.5e-07,3.5e-07,2399131.0
1593763200000,3.5e-07,3.6e-07,3.5e-07,3.5e-07,883344.0
1593766800000,3.5e-07,3.6e-07,3.5e-07,3.5e-07,1019970.0
1593770400000,3.6e-07,3.6e-07,3.5e-07,3.6e-07,249478.0
1593774000000,3.6e-07,3.6e-07,3.5e-07,3.6e-07,2318191.0
1593777600000,3.5e-07,3.6e-07,3.4e-07,3.5e-07,5326704.0
1593781200000,3.5e-07,3.6e-07,3.4e-07,3.5e-07,629031.0
1593784800000,3.5e-07,3.6e-07,3.5e-07,3.6e-07,1918573.0
1593788400000,3.6e-07,3.6e-07,3.5e-07,3.5e-07,95664.0
1593792000000,3.5e-07,3.6e-07,3.5e-07,3.6e-07,1834333.0
1593795600000,3.5e-07,3.6e-07,3.5e-07,3.5e-07,1249413.0
1593799200000,3.5e-07,3.6e-07,3.4e-07,3.6e-07,1488899.0
1593802800000,3.6e-07,3.6e-07,3.6e-07,3.6e-07,5534.0
1593806400000,3.5e-07,3.5e-07,3.4e-07,3.5e-07,661582.0
1593810000000,3.5e-07,3.5e-07,3.4e-07,3.5e-07,619443.0
1593813600000,3.5e-07,3.5e-07,3.4e-07,3.4e-07,202497.0
1593817200000,3.5e-07,3.5e-07,3.4e-07,3.5e-07,280761.0
1593820800000,3.4e-07,3.5e-07,3.4e-07,3.5e-07,291726.0
1593824400000,3.5e-07,3.6e-07,3.5e-07,3.6e-07,1029082.0
1593828000000,3.6e-07,3.6e-07,3.4e-07,3.5e-07,1385230.0
1593831600000,3.5e-07,3.6e-07,3.5e-07,3.6e-07,242049.0
1593835200000,3.5e-07,3.6e-07,3.5e-07,3.5e-07,42518.0
1593838800000,3.6e-07,3.6e-07,3.5e-07,3.6e-07,867731.0
1593842400000,3.6e-07,3.6e-07,3.5e-07,3.6e-07,119653.0
1593846000000,3.5e-07,3.6e-07,3.5e-07,3.6e-07,762707.0
1593849600000,3.6e-07,3.6e-07,3.5e-07,3.6e-07,6355.0
1593853200000,3.5e-07,3.6e-07,3.5e-07,3.6e-07,348039.0
1593856800000,3.6e-07,3.6e-07,3.5e-07,3.5e-07,5514735.0
1593860400000,3.5e-07,3.6e-07,3.4e-07,3.6e-07,1874073.0
1593864000000,3.5e-07,3.6e-07,3.5e-07,3.5e-07,1664048.0
1593867600000,3.5e-07,3.5e-07,3.4e-07,3.5e-07,1012380.0
1593871200000,3.5e-07,3.5e-07,3.4e-07,3.5e-07,2188927.0
1593874800000,3.5e-07,3.5e-07,3.4e-07,3.5e-07,498522.0
1593878400000,3.5e-07,3.5e-07,3.4e-07,3.5e-07,1220316.0
1593882000000,3.4e-07,3.5e-07,3.4e-07,3.4e-07,538914.0
1593885600000,3.4e-07,3.5e-07,3.4e-07,3.5e-07,268916.0
1593889200000,3.5e-07,3.5e-07,3.4e-07,3.5e-07,1259370.0
1593892800000,3.4e-07,3.5e-07,3.4e-07,3.5e-07,356696.0
1593896400000,3.4e-07,3.5e-07,3.4e-07,3.5e-07,9851081.0
1593900000000,3.6e-07,3.6e-07,3.5e-07,3.5e-07,841999.0
1593903600000,3.5e-07,3.5e-07,3.4e-07,3.5e-07,4566299.0
1593907200000,3.6e-07,3.6e-07,3.5e-07,3.6e-07,1090992.0
1593910800000,3.6e-07,3.6e-07,3.5e-07,3.6e-07,394936.0
1593914400000,3.5e-07,3.6e-07,3.5e-07,3.6e-07,803906.0
1593918000000,3.6e-07,3.6e-07,3.6e-07,3.6e-07,1546513.0
1593921600000,3.6e-07,3.6e-07,3.5e-07,3.6e-07,342420.0
1593925200000,3.6e-07,3.6e-07,3.5e-07,3.6e-07,618972.0
1593928800000,3.6e-07,3.6e-07,3.5e-07,3.5e-07,1673374.0
1593932400000,3.5e-07,3.6e-07,3.5e-07,3.5e-07,1167654.0
1593936000000,3.5e-07,3.6e-07,3.5e-07,3.5e-07,5229704.0
1593939600000,3.5e-07,3.6e-07,3.5e-07,3.6e-07,3261789.0
1593943200000,3.5e-07,3.6e-07,3.4e-07,3.5e-07,3856231.0
1593946800000,3.5e-07,3.5e-07,3.4e-07,3.5e-07,1972223.0
1593950400000,3.5e-07,3.5e-07,3.4e-07,3.5e-07,2434094.0
1593954000000,3.5e-07,3.6e-07,3.5e-07,3.5e-07,4294922.0
1593957600000,3.5e-07,3.6e-07,3.5e-07,3.5e-07,6607573.0
1593961200000,3.5e-07,3.5e-07,3.4e-07,3.5e-07,1231113.0
1593964800000,3.5e-07,3.5e-07,3.4e-07,3.4e-07,1260864.0
1593968400000,3.5e-07,3.5e-07,3.5e-07,3.5e-07,1530435.0
1593972000000,3.5e-07,3.6e-07,3.5e-07,3.5e-07,322843.0
1593975600000,3.6e-07,3.6e-07,3.5e-07,3.5e-07,1025933.0
1593979200000,3.5e-07,3.5e-07,3.5e-07,3.5e-07,627445.0
1593982800000,3.5e-07,3.6e-07,3.4e-07,3.5e-07,1124765.0
1593986400000,3.5e-07,3.5e-07,3.5e-07,3.5e-07,79919.0
1593990000000,3.5e-07,3.6e-07,3.5e-07,3.6e-07,311260.0
1593993600000,3.6e-07,3.6e-07,3.5e-07,3.5e-07,346622.0
1593997200000,3.6e-07,3.6e-07,3.5e-07,3.5e-07,227662.0
1594000800000,3.5e-07,3.6e-07,3.5e-07,3.5e-07,86046.0
1594004400000,3.5e-07,3.5e-07,3.5e-07,3.5e-07,14463.0
1594008000000,3.5e-07,3.6e-07,3.5e-07,3.5e-07,237293.0
1594011600000,3.5e-07,3.6e-07,3.5e-07,3.5e-07,721548.0
1594015200000,3.5e-07,3.5e-07,3.5e-07,3.5e-07,433302.0
1594018800000,3.5e-07,3.5e-07,3.4e-07,3.5e-07,1022108.0
1594022400000,3.5e-07,3.6e-07,3.4e-07,3.5e-07,911117.0
1594026000000,3.5e-07,3.5e-07,3.4e-07,3.5e-07,964096.0
1594029600000,3.4e-07,3.6e-07,3.4e-07,3.5e-07,625836.0
1594033200000,3.5e-07,3.5e-07,3.5e-07,3.5e-07,1703406.0
1594036800000,3.4e-07,3.5e-07,3.4e-07,3.4e-07,4321964.0
1594040400000,3.4e-07,3.5e-07,3.4e-07,3.4e-07,560843.0
1594044000000,3.5e-07,3.5e-07,3.4e-07,3.5e-07,565797.0
1594047600000,3.4e-07,3.5e-07,3.4e-07,3.4e-07,559177.0
1594051200000,3.5e-07,3.7e-07,3.4e-07,3.6e-07,64890116.0
1594054800000,3.6e-07,4.2e-07,3.5e-07,4.1e-07,757857921.0
1594058400000,4.1e-07,4.1e-07,3.7e-07,3.8e-07,323062602.0
1594062000000,3.8e-07,3.8e-07,3.6e-07,3.7e-07,20253148.0
1594065600000,3.7e-07,3.7e-07,3.6e-07,3.7e-07,7738736.0
1594069200000,3.7e-07,3.8e-07,3.6e-07,3.7e-07,5848102.0
1594072800000,3.7e-07,3.8e-07,3.7e-07,3.8e-07,3698327.0
1594076400000,3.7e-07,3.8e-07,3.6e-07,3.7e-07,8373547.0
1594080000000,3.7e-07,3.8e-07,3.7e-07,3.8e-07,2100000.0
1594083600000,3.7e-07,3.8e-07,3.7e-07,3.8e-07,4061927.0
1594087200000,3.7e-07,3.8e-07,3.7e-07,3.7e-07,6926288.0
1594090800000,3.7e-07,3.8e-07,3.7e-07,3.8e-07,1676761.0
1594094400000,3.8e-07,3.8e-07,3.6e-07,3.7e-07,2045693.0
1594098000000,3.7e-07,3.8e-07,3.7e-07,3.8e-07,3163997.0
1594101600000,3.8e-07,3.8e-07,3.7e-07,3.8e-07,1018819.0
1594105200000,3.8e-07,3.8e-07,3.7e-07,3.8e-07,691865.0
1594108800000,3.8e-07,3.8e-07,3.7e-07,3.7e-07,937238.0
1594112400000,3.7e-07,3.8e-07,3.7e-07,3.8e-07,5293676.0
1594116000000,3.7e-07,3.8e-07,3.7e-07,3.8e-07,2449502.0
1594119600000,3.7e-07,3.9e-07,3.7e-07,3.9e-07,15450927.0
1594123200000,3.9e-07,3.9e-07,3.7e-07,3.9e-07,13970169.0
1594126800000,3.9e-07,3.9e-07,3.8e-07,3.9e-07,2946424.0
1594130400000,3.9e-07,3.9e-07,3.8e-07,3.8e-07,5920784.0
1594134000000,3.8e-07,4e-07,3.8e-07,3.9e-07,19289619.0
1594137600000,3.9e-07,3.9e-07,3.8e-07,3.9e-07,1578203.0
1594141200000,3.9e-07,3.9e-07,3.8e-07,3.9e-07,3764659.0
1594144800000,3.9e-07,3.9e-07,3.8e-07,3.9e-07,3215494.0
1594148400000,3.9e-07,3.9e-07,3.8e-07,3.8e-07,14781007.0
1594152000000,3.8e-07,3.9e-07,3.7e-07,3.7e-07,3665582.0
1594155600000,3.8e-07,3.8e-07,3.7e-07,3.8e-07,4520479.0
1594159200000,3.8e-07,3.8e-07,3.7e-07,3.7e-07,3407178.0
1594162800000,3.8e-07,3.8e-07,3.6e-07,3.7e-07,14281093.0
1594166400000,3.7e-07,3.7e-07,3.6e-07,3.7e-07,8349860.0
1594170000000,3.7e-07,3.8e-07,3.6e-07,3.8e-07,2950874.0
1594173600000,3.7e-07,3.8e-07,3.7e-07,3.7e-07,496161.0
1594177200000,3.7e-07,3.8e-07,3.6e-07,3.7e-07,7098031.0
1594180800000,3.6e-07,3.8e-07,3.6e-07,3.8e-07,3556498.0
1594184400000,3.7e-07,3.8e-07,3.7e-07,3.8e-07,1346120.0
1594188000000,3.8e-07,3.9e-07,3.7e-07,3.8e-07,8799137.0
1594191600000,3.8e-07,3.9e-07,3.8e-07,3.9e-07,897227.0
1594195200000,3.9e-07,3.9e-07,3.8e-07,3.8e-07,3959110.0
1594198800000,3.9e-07,3.9e-07,3.7e-07,3.8e-07,1704723.0
1594202400000,3.8e-07,3.8e-07,3.7e-07,3.8e-07,3695715.0
1594206000000,3.8e-07,3.8e-07,3.7e-07,3.8e-07,3659929.0
1594209600000,3.8e-07,3.8e-07,3.7e-07,3.8e-07,2999717.0
1594213200000,3.7e-07,3.8e-07,3.6e-07,3.7e-07,19607082.0
1594216800000,3.7e-07,3.8e-07,3.6e-07,3.6e-07,6437674.0
1594220400000,3.6e-07,3.8e-07,3.6e-07,3.7e-07,2651476.0
1594224000000,3.7e-07,3.8e-07,3.7e-07,3.7e-07,82086.0
1594227600000,3.7e-07,3.8e-07,3.7e-07,3.7e-07,2477540.0
1594231200000,3.7e-07,3.8e-07,3.7e-07,3.8e-07,1244708.0
1594234800000,3.7e-07,3.8e-07,3.7e-07,3.7e-07,3235327.0
1594238400000,3.7e-07,3.8e-07,3.7e-07,3.7e-07,4163874.0
1594242000000,3.7e-07,3.8e-07,3.7e-07,3.7e-07,3074204.0
1594245600000,3.8e-07,3.8e-07,3.7e-07,3.8e-07,483599.0
1594249200000,3.8e-07,3.8e-07,3.7e-07,3.8e-07,426480.0
1594252800000,3.7e-07,3.8e-07,3.7e-07,3.7e-07,2978034.0
1594256400000,3.7e-07,3.8e-07,3.7e-07,3.8e-07,2642763.0
1594260000000,3.8e-07,3.8e-07,3.8e-07,3.8e-07,369126.0
1594263600000,3.8e-07,3.8e-07,3.7e-07,3.7e-07,1629616.0
1594267200000,3.8e-07,3.8e-07,3.7e-07,3.7e-07,56176.0
1594270800000,3.7e-07,3.8e-07,3.7e-07,3.7e-07,1493901.0
1594274400000,3.7e-07,3.8e-07,3.6e-07,3.7e-07,10497419.0
1594278000000,3.8e-07,3.8e-07,3.7e-07,3.8e-07,170138.0
1594281600000,3.7e-07,3.8e-07,3.7e-07,3.8e-07,416049.0
1594285200000,3.8e-07,3.8e-07,3.7e-07,3.8e-07,1095023.0
1594288800000,3.8e-07,3.8e-07,3.7e-07,3.8e-07,636075.0
1594292400000,3.7e-07,3.8e-07,3.7e-07,3.8e-07,1013120.0
1594296000000,3.8e-07,3.8e-07,3.7e-07,3.8e-07,2053620.0
1594299600000,3.8e-07,3.9e-07,3.7e-07,3.7e-07,16473595.0
1594303200000,3.7e-07,3.9e-07,3.7e-07,3.8e-07,7667155.0
1594306800000,3.7e-07,3.8e-07,3.7e-07,3.8e-07,1437377.0
1594310400000,3.7e-07,3.8e-07,3.7e-07,3.8e-07,1307985.0
1594314000000,3.7e-07,3.8e-07,3.7e-07,3.8e-07,309321.0
1594317600000,3.7e-07,3.8e-07,3.7e-07,3.8e-07,100871.0
1594321200000,3.8e-07,3.8e-07,3.7e-07,3.8e-07,3193821.0
1594324800000,3.8e-07,3.8e-07,3.7e-07,3.8e-07,2623721.0
1594328400000,3.8e-07,3.8e-07,3.7e-07,3.8e-07,144151.0
1594332000000,3.7e-07,3.8e-07,3.7e-07,3.8e-07,1487233.0
1594335600000,3.8e-07,3.8e-07,3.7e-07,3.8e-07,1005745.0
1594339200000,3.8e-07,3.8e-07,3.7e-07,3.8e-07,83560.0
1594342800000,3.8e-07,3.8e-07,3.8e-07,3.8e-07,630426.0
1594346400000,3.8e-07,3.8e-07,3.7e-07,3.8e-07,1116485.0
1594350000000,3.8e-07,3.8e-07,3.7e-07,3.7e-07,97509.0
1594353600000,3.8e-07,3.8e-07,3.7e-07,3.8e-07,1191790.0
1594357200000,3.7e-07,3.8e-07,3.7e-07,3.8e-07,5012360.0
1594360800000,3.7e-07,4e-07,3.7e-07,3.9e-07,50086742.0
1594364400000,3.8e-07,3.9e-07,3.8e-07,3.8e-07,11393847.0
1594368000000,3.8e-07,3.9e-07,3.8e-07,3.8e-07,4097014.0
1594371600000,3.9e-07,4e-07,3.8e-07,4e-07,9761444.0
1594375200000,3.9e-07,4e-07,3.8e-07,3.9e-07,3341857.0
1594378800000,3.9e-07,4e-07,3.8e-07,3.9e-07,2190111.0
1594382400000,3.9e-07,4e-07,3.8e-07,3.9e-07,4193632.0
1594386000000,3.9e-07,4e-07,3.8e-07,3.9e-07,5810147.0
1594389600000,3.9e-07,4e-07,3.9e-07,3.9e-07,2526148.0
1594393200000,3.9e-07,4.1e-07,3.9e-07,4e-07,18553206.0
1594396800000,4e-07,4.1e-07,3.9e-07,3.9e-07,4547111.0
1594400400000,3.9e-07,4e-07,3.8e-07,4e-07,8994506.0
1594404000000,4e-07,4e-07,3.9e-07,4e-07,346988.0
1594407600000,4e-07,4e-07,3.9e-07,4e-07,947377.0
1594411200000,4e-07,4.1e-07,3.9e-07,4.1e-07,6805399.0
1594414800000,4.1e-07,4.1e-07,3.9e-07,4e-07,1632279.0
1594418400000,4e-07,4.1e-07,3.9e-07,4e-07,10866746.0
1594422000000,4.1e-07,4.1e-07,4e-07,4e-07,4336678.0
1594425600000,4e-07,4.1e-07,4e-07,4.1e-07,2156801.0
1594429200000,4.1e-07,4.1e-07,3.9e-07,3.9e-07,2170421.0
1594432800000,3.9e-07,4.1e-07,3.9e-07,4e-07,1503505.0
1594436400000,4e-07,4.1e-07,4e-07,4e-07,2468714.0
1594440000000,4e-07,4.1e-07,4e-07,4e-07,1859012.0
1594443600000,4.1e-07,4.1e-07,4e-07,4.1e-07,6519536.0
1594447200000,4e-07,4.1e-07,4e-07,4e-07,5100096.0
1594450800000,4e-07,4.1e-07,4e-07,4.1e-07,3128889.0
1594454400000,4.1e-07,4.1e-07,4e-07,4.1e-07,9450024.0
1594458000000,4.1e-07,4.1e-07,4e-07,4.1e-07,1267440.0
1594461600000,4.1e-07,4.1e-07,4e-07,4e-07,2991670.0
1594465200000,4.1e-07,4.1e-07,4e-07,4.1e-07,1623900.0
1594468800000,4.1e-07,4.1e-07,4e-07,4.1e-07,4174875.0
1594472400000,4.1e-07,4.1e-07,4e-07,4e-07,4657816.0
1594476000000,4e-07,4.2e-07,4e-07,4.1e-07,9494623.0
1594479600000,4.1e-07,4.1e-07,4e-07,4.1e-07,1815125.0
1594483200000,4.1e-07,4.1e-07,4e-07,4e-07,7251874.0
1594486800000,4e-07,4.1e-07,4e-07,4e-07,577101.0
1594490400000,4e-07,4.1e-07,4e-07,4.1e-07,636749.0
1594494000000,4.1e-07,4.1e-07,4e-07,4.1e-07,740583.0
1594497600000,4.1e-07,4.1e-07,4e-07,4e-07,1753478.0
1594501200000,4.1e-07,4.1e-07,4e-07,4e-07,1720326.0
1594504800000,4.1e-07,4.1e-07,4e-07,4e-07,1063084.0
1594508400000,4.1e-07,4.1e-07,4e-07,4e-07,1227591.0
1594512000000,4.1e-07,4.1e-07,4e-07,4.1e-07,6552132.0
1594515600000,4.2e-07,4.2e-07,4e-07,4.1e-07,1121220.0
1594519200000,4.1e-07,4.2e-07,4.1e-07,4.1e-07,504351.0
1594522800000,4.1e-07,4.2e-07,4e-07,4.1e-07,7666745.0
1594526400000,4.1e-07,4.2e-07,4.1e-07,4.1e-07,3267849.0
1594530000000,4.1e-07,4.2e-07,4.1e-07,4.1e-07,672941.0
1594533600000,4.2e-07,4.2e-07,4.1e-07,4.1e-07,562591.0
1594537200000,4.2e-07,4.2e-07,4.1e-07,4.1e-07,3738976.0
1594540800000,4.2e-07,4.2e-07,4.1e-07,4.1e-07,422226.0
1594544400000,4.2e-07,4.2e-07,4.1e-07,4.1e-07,3116186.0
1594548000000,4.1e-07,4.3e-07,4.1e-07,4.3e-07,9693124.0
1594551600000,4.2e-07,4.3e-07,4.1e-07,4.3e-07,8611430.0
1594555200000,4.3e-07,4.3e-07,4.1e-07,4.1e-07,4452709.0
1594558800000,4.2e-07,4.2e-07,4.1e-07,4.2e-07,3282374.0
1594562400000,4.2e-07,4.2e-07,4e-07,4.1e-07,11567526.0
1594566000000,4.1e-07,4.1e-07,4e-07,4e-07,8560002.0
1594569600000,4.1e-07,4.1e-07,4e-07,4.1e-07,4204133.0
1594573200000,4.1e-07,4.1e-07,4e-07,4e-07,741492.0
1594576800000,4.1e-07,4.1e-07,4e-07,4e-07,883984.0
1594580400000,4e-07,4.1e-07,3.9e-07,4e-07,11707579.0
1594584000000,4e-07,4e-07,3.9e-07,4e-07,3161597.0
1594587600000,4e-07,4.1e-07,3.9e-07,4.1e-07,2527741.0
1594591200000,4.1e-07,4.1e-07,4.1e-07,4.1e-07,3989230.0
1594594800000,4e-07,4.1e-07,4e-07,4.1e-07,202590.0
1594598400000,4.1e-07,4.1e-07,4e-07,4e-07,215473.0
1594602000000,4e-07,4.1e-07,4e-07,4e-07,5822444.0
1594605600000,4e-07,4e-07,4e-07,4e-07,853190.0
1594609200000,4e-07,4e-07,4e-07,4e-07,805428.0
1594612800000,4e-07,4e-07,3.9e-07,4e-07,3419888.0
1594616400000,4e-07,4e-07,4e-07,4e-07,245878.0
1594620000000,4e-07,4e-07,3.9e-07,4e-07,315318.0
1594623600000,4e-07,4.1e-07,3.9e-07,4.1e-07,1219479.0
1594627200000,4.1e-07,4.1e-07,4e-07,4e-07,3600530.0
1594630800000,4e-07,4.1e-07,4e-07,4e-07,1258073.0
1594634400000,4.1e-07,4.1e-07,4e-07,4e-07,2399309.0
1594638000000,4e-07,4.1e-07,4e-07,4.1e-07,2230166.0
1594641600000,4.1e-07,4.1e-07,4e-07,4e-07,799652.0
1594645200000,4e-07,4e-07,3e-07,3.1e-07,452712435.0
1594648800000,3.1e-07,3.2e-07,2.8e-07,3.1e-07,249951869.0
1594652400000,3.1e-07,3.2e-07,2.9e-07,3e-07,114332622.0
1594656000000,3e-07,3.1e-07,2.9e-07,3e-07,69971673.0
1594659600000,3e-07,3.1e-07,2.9e-07,3e-07,49513954.0
1594663200000,3e-07,3.1e-07,3e-07,3e-07,18262386.0
1594666800000,3e-07,3.1e-07,3e-07,3e-07,33586829.0
1594670400000,3e-07,3.1e-07,3e-07,3e-07,23499948.0
1594674000000,3e-07,3.1e-07,3e-07,3.1e-07,33708524.0
1594677600000,3.1e-07,3.1e-07,3e-07,3e-07,8395567.0
1594681200000,3e-07,3.1e-07,3e-07,3e-07,5164608.0
1594684800000,3.1e-07,3.1e-07,3e-07,3e-07,30572118.0
1594688400000,3e-07,3.1e-07,2.9e-07,2.9e-07,24247130.0
1594692000000,2.9e-07,3e-07,2.9e-07,3e-07,10526690.0
1594695600000,3e-07,3e-07,2.9e-07,2.9e-07,15451709.0
1594699200000,3e-07,3.1e-07,2.9e-07,3e-07,12589901.0
1594702800000,2.9e-07,3e-07,2.9e-07,2.9e-07,12239390.0
1594706400000,2.9e-07,3e-07,2.9e-07,2.9e-07,6285734.0
1594710000000,2.9e-07,3e-07,2.8e-07,2.8e-07,31847642.0
1594713600000,2.8e-07,2.9e-07,2.8e-07,2.8e-07,9942276.0
1594717200000,2.8e-07,2.9e-07,2.8e-07,2.8e-07,13381159.0
1594720800000,2.8e-07,2.9e-07,2.8e-07,2.9e-07,9319081.0
1594724400000,2.9e-07,2.9e-07,2.8e-07,2.9e-07,22649205.0
1594728000000,2.9e-07,2.9e-07,2.8e-07,2.9e-07,7755444.0
1594731600000,2.9e-07,2.9e-07,2.8e-07,2.9e-07,15650428.0
1594735200000,2.9e-07,2.9e-07,2.8e-07,2.8e-07,3719467.0
1594738800000,2.8e-07,2.9e-07,2.7e-07,2.7e-07,30066002.0
1594742400000,2.8e-07,2.8e-07,2.6e-07,2.7e-07,18304643.0
1594746000000,2.7e-07,2.8e-07,2.6e-07,2.7e-07,20713991.0
1594749600000,2.8e-07,2.8e-07,2.7e-07,2.8e-07,4053737.0
1594753200000,2.7e-07,2.8e-07,2.7e-07,2.8e-07,2776874.0
1594756800000,2.8e-07,2.8e-07,2.7e-07,2.7e-07,3620811.0
1594760400000,2.8e-07,2.8e-07,2.7e-07,2.8e-07,5914268.0
1594764000000,2.8e-07,2.8e-07,2.7e-07,2.8e-07,3722860.0
1594767600000,2.8e-07,2.8e-07,2.7e-07,2.8e-07,2895882.0
1594771200000,2.7e-07,2.8e-07,2.7e-07,2.7e-07,1258488.0
1594774800000,2.8e-07,2.8e-07,2.7e-07,2.8e-07,9111886.0
1594778400000,2.8e-07,2.8e-07,2.7e-07,2.8e-07,3248426.0
1594782000000,2.8e-07,2.8e-07,2.7e-07,2.8e-07,802173.0
1594785600000,2.8e-07,2.8e-07,2.7e-07,2.7e-07,7171658.0
1594789200000,2.7e-07,2.8e-07,2.7e-07,2.8e-07,14688237.0
1594792800000,2.7e-07,2.8e-07,2.6e-07,2.7e-07,10948184.0
1594796400000,2.7e-07,2.8e-07,2.6e-07,2.7e-07,5156806.0
1594800000000,2.6e-07,2.8e-07,2.6e-07,2.7e-07,6823587.0
1594803600000,2.6e-07,2.7e-07,2.6e-07,2.7e-07,3243941.0
1594807200000,2.7e-07,2.7e-07,2.6e-07,2.7e-07,2261882.0
1594810800000,2.6e-07,2.8e-07,2.6e-07,2.7e-07,14233383.0
1594814400000,2.7e-07,2.8e-07,2.7e-07,2.8e-07,3658256.0
1594818000000,2.7e-07,2.8e-07,2.6e-07,2.6e-07,8565294.0
1594821600000,2.7e-07,2.8e-07,2.7e-07,2.8e-07,7530206.0
1594825200000,2.8e-07,2.8e-07,2.7e-07,2.7e-07,1081907.0
1594828800000,2.7e-07,2.8e-07,2.7e-07,2.7e-07,4984573.0
1594832400000,2.7e-07,2.8e-07,2.7e-07,2.8e-07,2170951.0
1594836000000,2.7e-07,2.8e-07,2.7e-07,2.7e-07,10940002.0
1594839600000,2.7e-07,2.8e-07,2.7e-07,2.7e-07,6839067.0
1594843200000,2.7e-07,2.8e-07,2.7e-07,2.8e-07,667856.0
1594846800000,2.8e-07,2.8e-07,2.6e-07,2.8e-07,4231763.0
1594850400000,2.8e-07,2.8e-07,2.6e-07,2.7e-07,5137855.0
1594854000000,2.7e-07,2.7e-07,2.6e-07,2.7e-07,1846313.0
1594857600000,2.7e-07,2.7e-07,2.6e-07,2.7e-07,375762.0
1594861200000,2.7e-07,2.7e-07,2.6e-07,2.6e-07,1081002.0
1594864800000,2.7e-07,2.7e-07,2.6e-07,2.7e-07,4822392.0
1594868400000,2.6e-07,2.7e-07,2.6e-07,2.7e-07,1598032.0
1594872000000,2.7e-07,2.8e-07,2.7e-07,2.7e-07,8692870.0
1594875600000,2.7e-07,2.8e-07,2.7e-07,2.8e-07,635851.0
1594879200000,2.8e-07,2.8e-07,2.7e-07,2.8e-07,1452584.0
1594882800000,2.7e-07,2.8e-07,2.7e-07,2.8e-07,2249133.0
1594886400000,2.7e-07,2.8e-07,2.7e-07,2.7e-07,3317595.0
1594890000000,2.7e-07,2.8e-07,2.7e-07,2.7e-07,18017087.0
1594893600000,2.7e-07,2.7e-07,2.6e-07,2.6e-07,13902708.0
1594897200000,2.6e-07,2.7e-07,2.6e-07,2.7e-07,2402924.0
1594900800000,2.7e-07,2.7e-07,2.6e-07,2.6e-07,2490832.0
1594904400000,2.6e-07,2.7e-07,2.6e-07,2.7e-07,336628.0
1594908000000,2.7e-07,2.7e-07,2.6e-07,2.6e-07,1237516.0
1594911600000,2.7e-07,2.7e-07,2.6e-07,2.6e-07,678198.0
1594915200000,2.7e-07,2.7e-07,2.6e-07,2.6e-07,1016108.0
1594918800000,2.7e-07,2.7e-07,2.6e-07,2.7e-07,2365092.0
1594922400000,2.6e-07,2.7e-07,2.6e-07,2.6e-07,1285007.0
1594926000000,2.6e-07,2.7e-07,2.6e-07,2.6e-07,1899803.0
1594929600000,2.6e-07,2.6e-07,2.6e-07,2.6e-07,2529470.0
1594933200000,2.7e-07,2.7e-07,2.6e-07,2.7e-07,1767072.0
1594936800000,2.6e-07,2.6e-07,2.6e-07,2.6e-07,2855333.0
1594940400000,2.7e-07,2.7e-07,2.6e-07,2.7e-07,304295.0
1594944000000,2.6e-07,2.7e-07,2.6e-07,2.7e-07,1539010.0
1594947600000,2.7e-07,2.7e-07,2.6e-07,2.6e-07,316934.0
1594951200000,2.7e-07,2.7e-07,2.6e-07,2.7e-07,3629469.0
1594954800000,2.6e-07,2.7e-07,2.6e-07,2.6e-07,4804617.0
1594958400000,2.6e-07,2.7e-07,2.5e-07,2.6e-07,6315008.0
1594962000000,2.6e-07,2.6e-07,2.5e-07,2.6e-07,1960134.0
1594965600000,2.5e-07,2.6e-07,2.5e-07,2.6e-07,2092696.0
1594969200000,2.6e-07,2.6e-07,2.5e-07,2.5e-07,3080702.0
1594972800000,2.6e-07,2.6e-07,2.5e-07,2.5e-07,1720187.0
1594976400000,2.5e-07,2.6e-07,2.5e-07,2.5e-07,3143903.0
1594980000000,2.5e-07,2.6e-07,2.5e-07,2.6e-07,2517091.0
1594983600000,2.5e-07,2.6e-07,2.5e-07,2.6e-07,2142785.0
1594987200000,2.6e-07,2.6e-07,2.5e-07,2.5e-07,1112905.0
1594990800000,2.5e-07,2.6e-07,2.5e-07,2.6e-07,908780.0
1594994400000,2.6e-07,2.6e-07,2.5e-07,2.6e-07,540944.0
1594998000000,2.6e-07,2.6e-07,2.5e-07,2.6e-07,1458500.0
1595001600000,2.5e-07,2.6e-07,2.5e-07,2.6e-07,2030605.0
1595005200000,2.5e-07,2.6e-07,2.5e-07,2.6e-07,1233430.0
1595008800000,2.5e-07,2.6e-07,2.5e-07,2.6e-07,745938.0
1595012400000,2.5e-07,2.6e-07,2.5e-07,2.6e-07,765818.0
1595016000000,2.6e-07,2.6e-07,2.5e-07,2.6e-07,786571.0
1595019600000,2.5e-07,2.6e-07,2.5e-07,2.6e-07,8907879.0
1595023200000,2.6e-07,2.6e-07,2.5e-07,2.6e-07,3828374.0
1595026800000,2.6e-07,2.6e-07,2.5e-07,2.6e-07,6022788.0
1595030400000,2.6e-07,2.6e-07,2.5e-07,2.6e-07,5832698.0
1595034000000,2.5e-07,2.6e-07,2.5e-07,2.6e-07,154359.0
1595037600000,2.5e-07,2.6e-07,2.5e-07,2.6e-07,585918.0
1595041200000,2.6e-07,2.6e-07,2.5e-07,2.6e-07,357515.0
1595044800000,2.5e-07,2.6e-07,2.5e-07,2.6e-07,142286.0
1595048400000,2.6e-07,2.6e-07,2.5e-07,2.6e-07,645766.0
1595052000000,2.6e-07,2.6e-07,2.5e-07,2.5e-07,1229662.0
1595055600000,2.5e-07,2.6e-07,2.5e-07,2.6e-07,759612.0
1595059200000,2.6e-07,2.6e-07,2.5e-07,2.5e-07,648869.0
1595062800000,2.5e-07,2.7e-07,2.5e-07,2.6e-07,9637128.0
1595066400000,2.6e-07,2.7e-07,2.6e-07,2.7e-07,388258.0
1595070000000,2.6e-07,2.7e-07,2.6e-07,2.6e-07,3433467.0
1595073600000,2.6e-07,2.6e-07,2.5e-07,2.6e-07,3229622.0
1595077200000,2.6e-07,2.6e-07,2.5e-07,2.6e-07,1919696.0
1595080800000,2.5e-07,2.6e-07,2.5e-07,2.5e-07,865882.0
1595084400000,2.6e-07,2.7e-07,2.5e-07,2.6e-07,2132974.0
1595088000000,2.7e-07,2.7e-07,2.5e-07,2.5e-07,2616277.0
1595091600000,2.6e-07,2.6e-07,2.5e-07,2.5e-07,771241.0
1595095200000,2.5e-07,2.6e-07,2.5e-07,2.6e-07,3315493.0
1595098800000,2.6e-07,2.6e-07,2.5e-07,2.6e-07,1161387.0
1595102400000,2.5e-07,2.6e-07,2.5e-07,2.6e-07,3218607.0
1595106000000,2.5e-07,2.6e-07,2.5e-07,2.5e-07,751475.0
1595109600000,2.6e-07,2.6e-07,2.5e-07,2.5e-07,1245750.0
1595113200000,2.6e-07,2.6e-07,2.5e-07,2.5e-07,484729.0
1595116800000,2.5e-07,2.6e-07,2.5e-07,2.6e-07,175920.0
1595120400000,2.5e-07,2.6e-07,2.5e-07,2.6e-07,1053474.0
1595124000000,2.6e-07,2.6e-07,2.5e-07,2.5e-07,707944.0
1595127600000,2.6e-07,2.6e-07,2.5e-07,2.6e-07,3158387.0
1595131200000,2.6e-07,2.7e-07,2.6e-07,2.6e-07,2419334.0
1595134800000,2.7e-07,2.7e-07,2.6e-07,2.7e-07,480714.0
1595138400000,2.7e-07,2.7e-07,2.6e-07,2.6e-07,1650167.0
1595142000000,2.6e-07,2.7e-07,2.6e-07,2.7e-07,1479006.0
1595145600000,2.6e-07,2.7e-07,2.6e-07,2.6e-07,1404096.0
1595149200000,2.6e-07,2.7e-07,2.6e-07,2.6e-07,1364094.0
1595152800000,2.6e-07,2.7e-07,2.6e-07,2.6e-07,1094030.0
1595156400000,2.7e-07,2.7e-07,2.6e-07,2.6e-07,90850.0
1595160000000,2.6e-07,2.7e-07,2.6e-07,2.7e-07,1805387.0
1595163600000,2.7e-07,2.7e-07,2.6e-07,2.7e-07,711691.0
1595167200000,2.6e-07,2.7e-07,2.5e-07,2.5e-07,10072443.0
1595170800000,2.6e-07,2.6e-07,2.5e-07,2.6e-07,10325438.0
1595174400000,2.5e-07,2.6e-07,2.5e-07,2.5e-07,3871028.0
1595178000000,2.5e-07,2.6e-07,2.4e-07,2.5e-07,12554759.0
1595181600000,2.4e-07,2.5e-07,2.3e-07,2.4e-07,21014186.0
1595185200000,2.4e-07,2.5e-07,2.3e-07,2.4e-07,4121546.0
1595188800000,2.4e-07,2.5e-07,2.3e-07,2.5e-07,4174808.0
1595192400000,2.4e-07,2.5e-07,2.4e-07,2.4e-07,6369356.0
1595196000000,2.4e-07,2.4e-07,2.3e-07,2.4e-07,7156089.0
1595199600000,2.3e-07,2.4e-07,2.3e-07,2.3e-07,1520796.0
1595203200000,2.3e-07,2.4e-07,2.3e-07,2.3e-07,2042355.0
1595206800000,2.4e-07,2.4e-07,2.3e-07,2.4e-07,826254.0
1595210400000,2.4e-07,2.4e-07,2.4e-07,2.4e-07,6866097.0
1595214000000,2.3e-07,2.5e-07,2.3e-07,2.5e-07,4751261.0
1595217600000,2.4e-07,2.5e-07,2.4e-07,2.4e-07,3966882.0
1595221200000,2.4e-07,2.6e-07,2.4e-07,2.6e-07,2971117.0
1595224800000,2.6e-07,2.6e-07,2.5e-07,2.5e-07,8197590.0
1595228400000,2.6e-07,2.6e-07,2.5e-07,2.5e-07,655032.0
1595232000000,2.5e-07,2.6e-07,2.5e-07,2.5e-07,4573303.0
1595235600000,2.6e-07,2.6e-07,2.5e-07,2.6e-07,3899775.0
1595235600000,2.6e-07,2.6e-07,2.5e-07,2.6e-07,3899775.0
