1654070400000,4.535e-05,7.38e-05,4.535e-05,5.01e-05,480315.4
1654074000000,5.062e-05,5.526e-05,4.946e-05,5.034e-05,291189.79
1654077600000,5.025e-05,5.148e-05,4.808e-05,4.985e-05,93903.96
1654081200000,4.977e-05,4.978e-05,3.989e-05,4.173e-05,352039.71
1654084800000,4.151e-05,4.311e-05,3.732e-05,3.967e-05,384015.03
1654088400000,3.974e-05,4.454e-05,3.865e-05,4.329e-05,286312.12
1654092000000,4.318e-05,4.359e-05,3.942e-05,4.205e-05,175762.42
1654095600000,4.207e-05,4.301e-05,3.75e-05,3.815e-05,231812.63
1654099200000,3.812e-05,3.812e-05,3.458e-05,3.588e-05,384414.46
1654102800000,3.578e-05,4.059e-05,3.432e-05,4.059e-05,334794.53
1654106400000,4.06e-05,4.187e-05,3.785e-05,3.955e-05,326634.88
1654110000000,3.962e-05,4.35e-05,3.954e-05,4.139e-05,205932.85
1654113600000,4.199e-05,4.217e-05,3.893e-05,4.11e-05,151388.01
1654117200000,4.095e-05,4.523e-05,4.041e-05,4.352e-05,169288.8
1654120800000,4.362e-05,4.559e-05,4.142e-05,4.233e-05,299016.06
1654124400000,4.222e-05,4.302e-05,4.052e-05,4.145e-05,76622.6
1654128000000,4.125e-05,4.389e-05,4.02e-05,4.197e-05,55110.45
1654131600000,4.204e-05,4.388e-05,4.11e-05,4.221e-05,68769.79
1654135200000,4.219e-05,4.267e-05,3.913e-05,3.98e-05,96030.36
1654138800000,3.965e-05,4.009e-05,3.85e-05,3.967e-05,85516.1
1654142400000,3.97e-05,4.064e-05,3.919e-05,3.958e-05,70587.62
1654146000000,3.967e-05,3.995e-05,3.65e-05,3.792e-05,100274.07
1654149600000,3.806e-05,3.827e-05,3.526e-05,3.736e-05,129801.31
1654153200000,3.735e-05,3.902e-05,3.67e-05,3.807e-05,51232.13
1654156800000,3.81e-05,3.849e-05,3.725e-05,3.81e-05,69448.08
1654160400000,3.813e-05,4.159e-05,3.714e-05,4.123e-05,147417.23
1654164000000,4.092e-05,4.239e-05,3.984e-05,4.148e-05,143830.9
1654167600000,4.132e-05,4.3e-05,4.025e-05,4.268e-05,68531.08
1654171200000,4.261e-05,4.827e-05,4.21e-05,4.825e-05,693254.96
1654174800000,4.798e-05,4.863e-05,4.338e-05,4.469e-05,358077.1
1654178400000,4.456e-05,4.926e-05,4.422e-05,4.912e-05,360924.18
1654182000000,4.909e-05,5.2e-05,4.719e-05,5.12e-05,386208.81
1654185600000,5.12e-05,5.4e-05,4.904e-05,4.972e-05,364545.55
1654189200000,4.972e-05,5.16e-05,4.641e-05,4.742e-05,141965.6
1654192800000,4.753e-05,4.833e-05,4.54e-05,4.658e-05,147514.67
1654196400000,4.674e-05,4.847e-05,4.641e-05,4.792e-05,87597.32
1654200000000,4.782e-05,4.93e-05,4.717e-05,4.901e-05,103341.41
1654203600000,4.898e-05,5.123e-05,4.892e-05,4.985e-05,130153.94
1654207200000,5.018e-05,5.018e-05,4.684e-05,4.876e-05,120820.76
1654210800000,4.87e-05,5.124e-05,4.846e-05,5.078e-05,125500.08
1654214400000,5.073e-05,5.418e-05,4.969e-05,5.297e-05,250641.09
1654218000000,5.282e-05,5.419e-05,5.094e-05,5.277e-05,113458.36
1654221600000,5.278e-05,5.35e-05,5.036e-05,5.282e-05,205706.61
1654225200000,5.304e-05,5.31e-05,5.007e-05,5.019e-05,134396.82
1654228800000,5.022e-05,5.058e-05,4.822e-05,4.914e-05,224378.72
1654232400000,4.919e-05,5.09e-05,4.877e-05,5.042e-05,123377.88
1654236000000,5.037e-05,5.054e-05,4.877e-05,4.937e-05,70569.8
1654239600000,4.942e-05,4.942e-05,4.75e-05,4.833e-05,117016.94
1654243200000,4.819e-05,4.842e-05,4.611e-05,4.66e-05,112049.46
1654246800000,4.655e-05,4.723e-05,4.562e-05,4.721e-05,154109.49
1654250400000,4.722e-05,4.827e-05,4.381e-05,4.419e-05,159307.05
1654254000000,4.418e-05,4.537e-05,4.349e-05,4.47e-05,193657.12
1654257600000,4.475e-05,4.58e-05,4.398e-05,4.538e-05,115523.4
1654261200000,4.524e-05,4.696e-05,4.503e-05,4.674e-05,131975.36
1654264800000,4.677e-05,4.735e-05,4.485e-05,4.591e-05,97776.36
1654268400000,4.578e-05,4.731e-05,4.568e-05,4.703e-05,29924.7
1654272000000,4.703e-05,4.746e-05,4.57e-05,4.676e-05,72721.19
1654275600000,4.68e-05,4.69e-05,4.595e-05,4.624e-05,19458.11
1654279200000,4.633e-05,4.653e-05,4.509e-05,4.538e-05,19194.24
1654282800000,4.534e-05,4.561e-05,4.448e-05,4.547e-05,13249.19
1654286400000,4.529e-05,4.629e-05,4.49e-05,4.568e-05,15060.34
1654290000000,4.58e-05,4.818e-05,4.58e-05,4.748e-05,56832.02
1654293600000,4.76e-05,4.819e-05,4.68e-05,4.697e-05,85848.97
1654297200000,4.686e-05,4.707e-05,4.567e-05,4.58e-05,21774.9
1654300800000,4.589e-05,4.653e-05,4.562e-05,4.591e-05,60418.24
1654304400000,4.61e-05,4.612e-05,4.507e-05,4.591e-05,49798.8
1654308000000,4.586e-05,4.598e-05,4.403e-05,4.496e-05,62399.46
1654311600000,4.492e-05,4.516e-05,4.452e-05,4.478e-05,29734.44
1654315200000,4.471e-05,4.575e-05,4.468e-05,4.545e-05,16233.31
1654318800000,4.54e-05,4.56e-05,4.516e-05,4.539e-05,26648.5
1654322400000,4.546e-05,4.773e-05,4.544e-05,4.745e-05,114117.85
1654326000000,4.728e-05,4.8e-05,4.674e-05,4.699e-05,90870.55
1654329600000,4.702e-05,4.982e-05,4.699e-05,4.929e-05,193132.72
1654333200000,4.938e-05,4.99e-05,4.865e-05,4.909e-05,148237.96
1654336800000,4.93e-05,4.93e-05,4.618e-05,4.634e-05,147690.29
1654340400000,4.643e-05,4.689e-05,4.572e-05,4.654e-05,92215.14
1654344000000,4.639e-05,4.644e-05,4.477e-05,4.517e-05,65642.65
1654347600000,4.52e-05,4.65e-05,4.52e-05,4.573e-05,48153.03
1654351200000,4.581e-05,4.7e-05,4.547e-05,4.612e-05,59979.16
1654354800000,4.619e-05,5.697e-05,4.582e-05,4.82e-05,186922.14
1654358400000,4.81e-05,4.847e-05,4.618e-05,4.651e-05,86475.18
1654362000000,4.652e-05,4.69e-05,4.581e-05,4.637e-05,61894.5
1654365600000,4.642e-05,4.773e-05,4.635e-05,4.741e-05,41703.51
1654369200000,4.741e-05,4.767e-05,4.679e-05,4.734e-05,49728.07
1654372800000,4.724e-05,4.808e-05,4.721e-05,4.798e-05,50216.43
1654376400000,4.786e-05,4.827e-05,4.715e-05,4.751e-05,23480.96
1654380000000,4.759e-05,4.831e-05,4.675e-05,4.68e-05,29836.08
1654383600000,4.689e-05,4.745e-05,4.6e-05,4.663e-05,25000.61
1654387200000,4.662e-05,4.804e-05,4.645e-05,4.721e-05,104169.99
1654390800000,4.727e-05,4.728e-05,4.547e-05,4.586e-05,85376.92
1654394400000,4.589e-05,4.663e-05,4.589e-05,4.644e-05,44776.7
1654398000000,4.631e-05,4.674e-05,4.576e-05,4.576e-05,26911.63
1654401600000,4.584e-05,4.619e-05,4.483e-05,4.547e-05,62309.13
1654405200000,4.573e-05,4.627e-05,4.558e-05,4.561e-05,10749.32
1654408800000,4.562e-05,4.653e-05,4.522e-05,4.618e-05,21948.95
1654412400000,4.593e-05,4.643e-05,4.537e-05,4.557e-05,37421.87
1654416000000,4.556e-05,4.581e-05,4.534e-05,4.551e-05,26859.0
1654419600000,4.551e-05,4.551e-05,4.433e-05,4.499e-05,41460.01
1654423200000,4.504e-05,4.536e-05,4.461e-05,4.503e-05,57354.09
1654426800000,4.509e-05,4.514e-05,4.321e-05,4.439e-05,128269.39
1654430400000,4.437e-05,4.457e-05,4.373e-05,4.435e-05,123254.97
1654434000000,4.446e-05,4.449e-05,4.014e-05,4.115e-05,259190.39
1654437600000,4.111e-05,4.162e-05,3.916e-05,4.058e-05,247099.95
1654441200000,4.058e-05,4.199e-05,4.058e-05,4.122e-05,59113.35
1654444800000,4.115e-05,4.21e-05,4.017e-05,4.107e-05,166636.22
1654448400000,4.108e-05,4.189e-05,4.08e-05,4.129e-05,48981.07
1654452000000,4.136e-05,4.149e-05,4.039e-05,4.039e-05,33464.19
1654455600000,4.055e-05,4.098e-05,4.029e-05,4.082e-05,14939.73
1654459200000,4.072e-05,4.093e-05,4.04e-05,4.049e-05,8730.85
1654462800000,4.051e-05,4.066e-05,3.95e-05,4.043e-05,55724.45
1654466400000,4.05e-05,4.089e-05,4.025e-05,4.062e-05,40014.57
1654470000000,4.062e-05,4.075e-05,3.848e-05,3.904e-05,70360.4
1654473600000,3.895e-05,4.033e-05,3.817e-05,3.985e-05,94513.83
1654477200000,3.999e-05,4.108e-05,3.996e-05,4.048e-05,114329.99
1654480800000,4.045e-05,4.071e-05,3.926e-05,3.953e-05,49072.5
1654484400000,3.949e-05,4.127e-05,3.949e-05,4.07e-05,79390.48
1654488000000,4.076e-05,4.082e-05,3.994e-05,4.011e-05,39815.29
1654491600000,4.012e-05,4.082e-05,3.997e-05,4.027e-05,30488.33
1654495200000,4.029e-05,4.088e-05,4.002e-05,4.049e-05,68516.14
1654498800000,4.056e-05,4.207e-05,4.054e-05,4.164e-05,96091.41
1654502400000,4.156e-05,4.268e-05,4.114e-05,4.24e-05,66222.72
1654506000000,4.235e-05,4.238e-05,4.13e-05,4.211e-05,66919.21
1654509600000,4.207e-05,4.212e-05,4.086e-05,4.148e-05,20957.19
1654513200000,4.152e-05,4.168e-05,3.968e-05,4e-05,53247.27
1654516800000,4.001e-05,4.065e-05,3.988e-05,4.034e-05,38754.8
1654520400000,4.03e-05,4.042e-05,3.915e-05,3.96e-05,126330.66
1654524000000,3.962e-05,4.026e-05,3.96e-05,3.999e-05,45566.96
1654527600000,4.005e-05,4.039e-05,3.955e-05,4.018e-05,48408.93
1654531200000,4.027e-05,4.228e-05,3.983e-05,4.121e-05,81141.93
1654534800000,4.121e-05,4.218e-05,4.054e-05,4.171e-05,48624.35
1654538400000,4.172e-05,4.345e-05,4.156e-05,4.278e-05,99069.09
1654542000000,4.279e-05,4.341e-05,4.232e-05,4.318e-05,45418.96
1654545600000,4.31e-05,4.31e-05,4.183e-05,4.216e-05,19839.91
1654549200000,4.213e-05,4.282e-05,4.162e-05,4.163e-05,29265.8
1654552800000,4.167e-05,4.212e-05,4.127e-05,4.197e-05,51186.78
1654556400000,4.194e-05,4.25e-05,4.149e-05,4.212e-05,16625.45
1654560000000,4.207e-05,4.207e-05,4.044e-05,4.103e-05,73772.59
1654563600000,4.102e-05,4.149e-05,3.976e-05,4.043e-05,70133.64
1654567200000,4.051e-05,4.115e-05,3.976e-05,4.108e-05,49010.24
1654570800000,4.108e-05,4.204e-05,4.091e-05,4.102e-05,34015.68
1654574400000,4.099e-05,4.132e-05,4.016e-05,4.096e-05,91930.27
1654578000000,4.086e-05,4.086e-05,4.007e-05,4.043e-05,36718.47
1654581600000,4.052e-05,4.108e-05,4.043e-05,4.103e-05,16191.76
1654585200000,4.105e-05,4.105e-05,4.06e-05,4.081e-05,12748.82
1654588800000,4.076e-05,4.139e-05,4.076e-05,4.11e-05,42284.87
1654592400000,4.114e-05,4.115e-05,4.056e-05,4.093e-05,20489.01
1654596000000,4.082e-05,4.096e-05,4.022e-05,4.049e-05,19600.24
1654599600000,4.053e-05,4.053e-05,3.913e-05,3.996e-05,51681.3
1654603200000,3.999e-05,4.002e-05,3.782e-05,3.856e-05,140656.22
1654606800000,3.86e-05,3.916e-05,3.845e-05,3.911e-05,23981.17
1654610400000,3.908e-05,3.982e-05,3.894e-05,3.94e-05,32014.93
1654614000000,3.939e-05,3.951e-05,3.875e-05,3.892e-05,58604.88
1654617600000,3.892e-05,3.948e-05,3.886e-05,3.908e-05,37823.87
1654621200000,3.908e-05,3.962e-05,3.902e-05,3.925e-05,42140.18
1654624800000,3.93e-05,3.978e-05,3.919e-05,3.973e-05,23627.6
1654628400000,3.965e-05,3.98e-05,3.856e-05,3.858e-05,25138.38
1654632000000,3.862e-05,3.884e-05,3.735e-05,3.765e-05,31576.89
1654635600000,3.777e-05,3.82e-05,3.749e-05,3.801e-05,20609.0
1654639200000,3.797e-05,3.861e-05,3.465e-05,3.583e-05,125078.43
1654642800000,3.587e-05,3.65e-05,3.539e-05,3.56e-05,109603.24
1654646400000,3.562e-05,3.574e-05,3.463e-05,3.485e-05,45855.16
1654650000000,3.494e-05,3.509e-05,3.383e-05,3.47e-05,117870.83
1654653600000,3.469e-05,3.536e-05,3.408e-05,3.429e-05,40762.48
1654657200000,3.432e-05,3.509e-05,2.977e-05,3.268e-05,454188.47
1654660800000,3.263e-05,3.297e-05,3.11e-05,3.208e-05,157529.19
1654664400000,3.21e-05,3.327e-05,3.179e-05,3.291e-05,110186.37
1654668000000,3.297e-05,3.322e-05,3.195e-05,3.245e-05,67159.18
1654671600000,3.242e-05,3.255e-05,3.113e-05,3.183e-05,78469.12
1654675200000,3.179e-05,3.394e-05,3.171e-05,3.342e-05,153039.77
1654678800000,3.344e-05,3.347e-05,3.254e-05,3.329e-05,78315.3
1654682400000,3.33e-05,3.338e-05,3.261e-05,3.283e-05,30195.05
1654686000000,3.283e-05,3.335e-05,3.259e-05,3.309e-05,94084.51
1654689600000,3.304e-05,3.327e-05,3.16e-05,3.235e-05,148491.9
1654693200000,3.233e-05,3.323e-05,3.225e-05,3.285e-05,58154.66
1654696800000,3.291e-05,3.294e-05,3.218e-05,3.252e-05,71647.33
1654700400000,3.256e-05,3.265e-05,3.238e-05,3.248e-05,18205.47
1654704000000,3.248e-05,3.265e-05,3.167e-05,3.208e-05,38964.84
1654707600000,3.204e-05,3.233e-05,3.026e-05,3.089e-05,134409.51
1654711200000,3.096e-05,3.1e-05,2.95e-05,3.034e-05,147885.62
1654714800000,3.033e-05,3.074e-05,3.01e-05,3.037e-05,54722.63
1654718400000,3.042e-05,3.078e-05,2.674e-05,2.763e-05,860385.36
1654722000000,2.755e-05,2.905e-05,2.708e-05,2.828e-05,261289.01
1654725600000,2.825e-05,2.893e-05,2.803e-05,2.825e-05,132673.54
1654729200000,2.822e-05,2.825e-05,2.318e-05,2.409e-05,790100.26
1654732800000,2.41e-05,2.705e-05,2.399e-05,2.586e-05,794811.81
1654736400000,2.593e-05,2.8e-05,2.585e-05,2.674e-05,487592.24
1654740000000,2.675e-05,2.793e-05,2.652e-05,2.712e-05,213251.41
1654743600000,2.72e-05,2.968e-05,2.704e-05,2.827e-05,570212.4
1654747200000,2.833e-05,2.958e-05,2.743e-05,2.792e-05,231180.06
1654750800000,2.797e-05,2.848e-05,2.72e-05,2.78e-05,110277.0
1654754400000,2.794e-05,2.845e-05,2.779e-05,2.793e-05,91359.31
1654758000000,2.794e-05,2.823e-05,2.746e-05,2.814e-05,80941.24
1654761600000,2.8e-05,2.924e-05,2.776e-05,2.889e-05,58787.08
1654765200000,2.903e-05,2.969e-05,2.825e-05,2.913e-05,258928.88
1654768800000,2.914e-05,2.931e-05,2.841e-05,2.855e-05,138907.52
1654772400000,2.852e-05,2.878e-05,2.778e-05,2.792e-05,71949.05
1654776000000,2.784e-05,2.813e-05,2.673e-05,2.729e-05,115709.42
1654779600000,2.722e-05,2.781e-05,2.69e-05,2.736e-05,170816.88
1654783200000,2.732e-05,2.829e-05,2.724e-05,2.779e-05,84125.92
1654786800000,2.779e-05,2.784e-05,2.721e-05,2.771e-05,27883.67
1654790400000,2.779e-05,2.791e-05,2.667e-05,2.773e-05,64566.22
1654794000000,2.767e-05,2.813e-05,2.717e-05,2.761e-05,157860.14
1654797600000,2.767e-05,2.771e-05,2.686e-05,2.686e-05,33670.45
1654801200000,2.686e-05,2.708e-05,2.613e-05,2.636e-05,64040.21
1654804800000,2.641e-05,2.74e-05,2.55e-05,2.706e-05,61363.7
1654808400000,2.708e-05,2.758e-05,2.666e-05,2.734e-05,30033.14
1654812000000,2.736e-05,2.739e-05,2.653e-05,2.666e-05,83158.5
1654815600000,2.671e-05,2.795e-05,2.631e-05,2.736e-05,109507.8
1654819200000,2.734e-05,2.981e-05,2.679e-05,2.896e-05,206742.92
1654822800000,2.894e-05,2.946e-05,2.845e-05,2.884e-05,153840.51
1654826400000,2.884e-05,2.976e-05,2.84e-05,2.925e-05,106345.05
1654830000000,2.927e-05,3.135e-05,2.922e-05,3.042e-05,150273.32
1654833600000,3.048e-05,3.082e-05,3.002e-05,3.059e-05,59093.67
1654837200000,3.065e-05,3.079e-05,2.894e-05,2.951e-05,167528.07
1654840800000,2.947e-05,3.006e-05,2.899e-05,2.918e-05,129072.85
1654844400000,2.915e-05,2.947e-05,2.863e-05,2.879e-05,69404.99
1654848000000,2.882e-05,2.938e-05,2.855e-05,2.9e-05,60619.26
1654851600000,2.891e-05,2.913e-05,2.783e-05,2.805e-05,107866.54
1654855200000,2.803e-05,3.211e-05,2.801e-05,3.064e-05,1411416.4
1654858800000,3.067e-05,3.132e-05,2.968e-05,3.037e-05,270069.07
1654862400000,3.032e-05,3.241e-05,2.988e-05,3.067e-05,819084.93
1654866000000,3.067e-05,3.154e-05,2.921e-05,3.044e-05,530002.91
1654869600000,3.037e-05,3.11e-05,3.004e-05,3.04e-05,115294.56
1654873200000,3.048e-05,3.296e-05,3.048e-05,3.13e-05,183883.19
1654876800000,3.121e-05,3.121e-05,2.97e-05,3.04e-05,153441.52
1654880400000,3.037e-05,3.108e-05,3.014e-05,3.093e-05,47050.8
1654884000000,3.087e-05,3.188e-05,3.058e-05,3.087e-05,99030.3
1654887600000,3.082e-05,3.16e-05,3.072e-05,3.109e-05,47651.2
1654891200000,3.105e-05,3.18e-05,3.105e-05,3.149e-05,101066.93
1654894800000,3.146e-05,3.201e-05,3.078e-05,3.147e-05,68033.86
1654898400000,3.144e-05,3.16e-05,3.028e-05,3.065e-05,81642.36
1654902000000,3.059e-05,3.082e-05,2.98e-05,3.026e-05,52929.22
1654905600000,3.02e-05,3.14e-05,3.014e-05,3.11e-05,70136.59
1654909200000,3.111e-05,3.142e-05,3.076e-05,3.116e-05,41467.45
1654912800000,3.116e-05,3.172e-05,3.082e-05,3.152e-05,37401.63
1654916400000,3.152e-05,3.152e-05,3.099e-05,3.122e-05,40968.47
1654920000000,3.124e-05,3.149e-05,3.102e-05,3.142e-05,38670.13
1654923600000,3.138e-05,3.16e-05,3.031e-05,3.05e-05,54461.12
1654927200000,3.057e-05,3.09e-05,3.025e-05,3.028e-05,17875.94
1654930800000,3.037e-05,3.068e-05,2.992e-05,3.059e-05,60820.67
1654934400000,3.057e-05,3.072e-05,2.981e-05,3.018e-05,32898.34
1654938000000,3.014e-05,3.026e-05,2.913e-05,2.969e-05,612431.9
1654941600000,2.964e-05,2.996e-05,2.842e-05,2.883e-05,121749.83
1654945200000,2.881e-05,2.881e-05,2.717e-05,2.797e-05,209446.54
1654948800000,2.799e-05,2.846e-05,2.761e-05,2.773e-05,86877.48
1654952400000,2.776e-05,2.824e-05,2.716e-05,2.807e-05,27589.97
1654956000000,2.812e-05,2.812e-05,2.737e-05,2.737e-05,32209.67
1654959600000,2.735e-05,2.756e-05,2.602e-05,2.678e-05,95523.05
1654963200000,2.68e-05,2.703e-05,2.579e-05,2.655e-05,162557.59
1654966800000,2.66e-05,2.725e-05,2.65e-05,2.687e-05,54211.98
1654970400000,2.684e-05,2.748e-05,2.661e-05,2.728e-05,63178.09
1654974000000,2.728e-05,2.78e-05,2.711e-05,2.711e-05,60403.48
1654977600000,2.713e-05,2.785e-05,2.711e-05,2.722e-05,37290.76
1654981200000,2.722e-05,2.756e-05,2.713e-05,2.727e-05,12224.76
1654984800000,2.724e-05,2.767e-05,2.72e-05,2.762e-05,17519.86
1654988400000,2.756e-05,2.796e-05,2.638e-05,2.681e-05,120364.04
1654992000000,2.673e-05,2.722e-05,2.657e-05,2.702e-05,10904.58
1654995600000,2.701e-05,2.706e-05,2.478e-05,2.519e-05,74519.69
1654999200000,2.514e-05,2.537e-05,2.243e-05,2.355e-05,614090.8
1655002800000,2.353e-05,2.443e-05,2.352e-05,2.38e-05,161308.6
1655006400000,2.362e-05,2.41e-05,2.304e-05,2.316e-05,99600.88
1655010000000,2.304e-05,2.43e-05,2.286e-05,2.373e-05,178160.43
1655013600000,2.377e-05,2.484e-05,2.377e-05,2.429e-05,193994.12
1655017200000,2.43e-05,2.495e-05,2.373e-05,2.49e-05,156219.43
1655020800000,2.49e-05,2.62e-05,2.454e-05,2.517e-05,212238.64
1655024400000,2.516e-05,2.572e-05,2.496e-05,2.496e-05,87793.46
1655028000000,2.495e-05,2.582e-05,2.48e-05,2.518e-05,9542.09
1655031600000,2.516e-05,2.531e-05,2.439e-05,2.485e-05,57021.02
1655035200000,2.49e-05,2.525e-05,2.438e-05,2.438e-05,41787.27
1655038800000,2.439e-05,2.499e-05,2.396e-05,2.421e-05,77661.63
1655042400000,2.417e-05,2.618e-05,2.355e-05,2.572e-05,333712.44
1655046000000,2.57e-05,2.659e-05,2.542e-05,2.571e-05,152981.09
1655049600000,2.566e-05,2.697e-05,2.515e-05,2.534e-05,159726.29
1655053200000,2.536e-05,2.593e-05,2.531e-05,2.582e-05,65062.29
1655056800000,2.586e-05,2.597e-05,2.555e-05,2.572e-05,9353.75
1655060400000,2.577e-05,2.587e-05,2.508e-05,2.508e-05,49144.07
1655064000000,2.516e-05,2.545e-05,2.5e-05,2.545e-05,24329.88
1655067600000,2.536e-05,2.552e-05,2.501e-05,2.501e-05,19640.25
1655071200000,2.496e-05,2.501e-05,2.426e-05,2.463e-05,70243.99
1655074800000,2.455e-05,2.509e-05,2.411e-05,2.424e-05,51012.15
1655078400000,2.423e-05,2.489e-05,2.403e-05,2.404e-05,60090.95
1655082000000,2.409e-05,2.434e-05,2.159e-05,2.25e-05,384527.51
1655085600000,2.25e-05,2.296e-05,2.167e-05,2.184e-05,126978.88
1655089200000,2.194e-05,2.291e-05,2.156e-05,2.26e-05,247597.76
1655092800000,2.258e-05,2.342e-05,2.242e-05,2.253e-05,141647.76
1655096400000,2.246e-05,2.301e-05,2.199e-05,2.228e-05,53385.8
1655100000000,2.223e-05,2.24e-05,2.037e-05,2.099e-05,159101.18
1655103600000,2.101e-05,2.135e-05,2.007e-05,2.101e-05,278131.49
1655107200000,2.101e-05,2.15e-05,2.066e-05,2.083e-05,135904.16
1655110800000,2.074e-05,2.314e-05,2.074e-05,2.261e-05,178237.38
1655114400000,2.268e-05,2.298e-05,2.23e-05,2.25e-05,101359.26
1655118000000,2.249e-05,2.296e-05,2.18e-05,2.296e-05,42535.51
1655121600000,2.298e-05,2.34e-05,2.256e-05,2.264e-05,57662.77
1655125200000,2.259e-05,2.334e-05,2.252e-05,2.325e-05,61920.76
1655128800000,2.325e-05,2.333e-05,2.234e-05,2.306e-05,58536.19
1655132400000,2.31e-05,2.4e-05,2.31e-05,2.365e-05,205381.47
1655136000000,2.364e-05,2.462e-05,2.334e-05,2.334e-05,238284.87
1655139600000,2.339e-05,2.343e-05,2.298e-05,2.329e-05,62289.4
1655143200000,2.325e-05,2.359e-05,2.31e-05,2.314e-05,29344.33
1655146800000,2.317e-05,2.329e-05,2.299e-05,2.304e-05,33989.81
1655150400000,2.306e-05,2.404e-05,2.306e-05,2.346e-05,29733.67
1655154000000,2.345e-05,2.356e-05,2.292e-05,2.306e-05,28881.7
1655157600000,2.307e-05,2.32e-05,2.217e-05,2.246e-05,29649.5
1655161200000,2.24e-05,2.427e-05,2.24e-05,2.427e-05,49434.61
1655164800000,2.425e-05,2.471e-05,2.367e-05,2.37e-05,72684.45
1655168400000,2.373e-05,2.541e-05,2.371e-05,2.461e-05,94093.34
1655172000000,2.461e-05,2.547e-05,2.46e-05,2.526e-05,43255.93
1655175600000,2.531e-05,2.656e-05,2.522e-05,2.586e-05,157197.3
1655179200000,2.587e-05,2.61e-05,2.526e-05,2.571e-05,67133.34
1655182800000,2.575e-05,2.728e-05,2.57e-05,2.683e-05,107993.96
1655186400000,2.682e-05,2.706e-05,2.608e-05,2.656e-05,84378.04
1655190000000,2.662e-05,2.673e-05,2.583e-05,2.587e-05,55140.62
1655193600000,2.588e-05,2.625e-05,2.544e-05,2.595e-05,75796.03
1655197200000,2.6e-05,2.603e-05,2.521e-05,2.524e-05,43060.31
1655200800000,2.527e-05,2.536e-05,2.48e-05,2.484e-05,72969.49
1655204400000,2.484e-05,2.507e-05,2.43e-05,2.498e-05,87994.93
1655208000000,2.498e-05,2.536e-05,2.448e-05,2.515e-05,87961.05
1655211600000,2.516e-05,2.571e-05,2.51e-05,2.547e-05,66202.66
1655215200000,2.541e-05,2.546e-05,2.498e-05,2.541e-05,33910.39
1655218800000,2.537e-05,2.571e-05,2.508e-05,2.555e-05,62867.63
1655222400000,2.546e-05,2.557e-05,2.459e-05,2.476e-05,51615.2
1655226000000,2.477e-05,2.527e-05,2.466e-05,2.475e-05,21012.56
1655229600000,2.472e-05,2.491e-05,2.447e-05,2.468e-05,12051.96
1655233200000,2.463e-05,2.463e-05,2.426e-05,2.429e-05,17231.73
1655236800000,2.427e-05,2.521e-05,2.396e-05,2.501e-05,44507.58
1655240400000,2.501e-05,2.564e-05,2.471e-05,2.555e-05,40710.14
1655244000000,2.561e-05,2.6e-05,2.47e-05,2.551e-05,52545.51
1655247600000,2.546e-05,2.592e-05,2.535e-05,2.551e-05,61580.15
1655251200000,2.556e-05,2.693e-05,2.556e-05,2.626e-05,66771.67
1655254800000,2.625e-05,2.633e-05,2.568e-05,2.624e-05,30460.63
1655258400000,2.625e-05,2.695e-05,2.592e-05,2.624e-05,43917.01
1655262000000,2.63e-05,2.631e-05,2.536e-05,2.562e-05,37673.82
1655265600000,2.556e-05,2.622e-05,2.542e-05,2.583e-05,61602.45
1655269200000,2.579e-05,2.585e-05,2.534e-05,2.551e-05,43035.39
1655272800000,2.547e-05,2.577e-05,2.531e-05,2.576e-05,22247.86
1655276400000,2.572e-05,2.574e-05,2.539e-05,2.551e-05,12625.87
1655280000000,2.556e-05,2.556e-05,2.448e-05,2.492e-05,45858.77
1655283600000,2.487e-05,2.49e-05,2.332e-05,2.399e-05,230943.87
1655287200000,2.402e-05,2.463e-05,2.379e-05,2.433e-05,86320.11
1655290800000,2.438e-05,2.486e-05,2.424e-05,2.469e-05,34552.27
1655294400000,2.476e-05,2.5e-05,2.451e-05,2.451e-05,30593.09
1655298000000,2.448e-05,2.506e-05,2.441e-05,2.475e-05,38040.76
1655301600000,2.482e-05,2.487e-05,2.418e-05,2.431e-05,30301.74
1655305200000,2.425e-05,2.445e-05,2.408e-05,2.438e-05,6609.18
1655308800000,2.443e-05,2.448e-05,2.389e-05,2.409e-05,12834.64
1655312400000,2.406e-05,2.477e-05,2.393e-05,2.476e-05,19593.03
1655316000000,2.476e-05,2.497e-05,2.394e-05,2.473e-05,70974.22
1655319600000,2.48e-05,2.6e-05,2.472e-05,2.561e-05,45891.6
1655323200000,2.566e-05,2.718e-05,2.545e-05,2.697e-05,354666.14
1655326800000,2.693e-05,2.732e-05,2.656e-05,2.656e-05,18571.22
1655330400000,2.654e-05,2.658e-05,2.555e-05,2.556e-05,21976.69
1655334000000,2.574e-05,2.634e-05,2.562e-05,2.634e-05,34144.11
1655337600000,2.629e-05,2.668e-05,2.592e-05,2.618e-05,9916.01
1655341200000,2.612e-05,2.75e-05,2.606e-05,2.606e-05,41093.63
1655344800000,2.61e-05,2.625e-05,2.57e-05,2.6e-05,23559.73
1655348400000,2.595e-05,2.595e-05,2.552e-05,2.565e-05,18400.64
1655352000000,2.572e-05,2.609e-05,2.556e-05,2.566e-05,2872.09
1655355600000,2.56e-05,2.579e-05,2.541e-05,2.549e-05,39715.65
1655359200000,2.554e-05,2.57e-05,2.54e-05,2.545e-05,8786.78
1655362800000,2.54e-05,2.564e-05,2.498e-05,2.506e-05,23248.39
1655366400000,2.499e-05,2.534e-05,2.485e-05,2.526e-05,44059.13
1655370000000,2.529e-05,2.529e-05,2.431e-05,2.443e-05,74820.52
1655373600000,2.444e-05,2.45e-05,2.397e-05,2.417e-05,132912.0
1655377200000,2.416e-05,2.472e-05,2.392e-05,2.444e-05,31298.99
1655380800000,2.443e-05,2.486e-05,2.432e-05,2.435e-05,62002.21
1655384400000,2.437e-05,2.516e-05,2.429e-05,2.454e-05,26519.29
1655388000000,2.454e-05,2.491e-05,2.43e-05,2.477e-05,22876.1
1655391600000,2.482e-05,2.516e-05,2.472e-05,2.499e-05,6185.88
1655395200000,2.495e-05,2.598e-05,2.481e-05,2.563e-05,27421.38
1655398800000,2.571e-05,2.606e-05,2.501e-05,2.505e-05,25110.39
1655402400000,2.504e-05,2.535e-05,2.498e-05,2.519e-05,6669.5
1655406000000,2.523e-05,2.55e-05,2.481e-05,2.483e-05,298058.0
1655409600000,2.488e-05,2.538e-05,2.481e-05,2.529e-05,12257.26
1655413200000,2.529e-05,2.538e-05,2.505e-05,2.505e-05,4009.24
1655416800000,2.501e-05,2.515e-05,2.369e-05,2.374e-05,77237.55
1655420400000,2.392e-05,2.416e-05,2.364e-05,2.402e-05,23618.57
1655424000000,2.406e-05,2.482e-05,2.392e-05,2.435e-05,27131.91
1655427600000,2.439e-05,2.495e-05,2.437e-05,2.471e-05,32018.69
1655431200000,2.477e-05,2.477e-05,2.449e-05,2.461e-05,6782.21
1655434800000,2.461e-05,2.47e-05,2.402e-05,2.411e-05,16953.65
1655438400000,2.416e-05,2.457e-05,2.406e-05,2.434e-05,27372.16
1655442000000,2.439e-05,2.491e-05,2.427e-05,2.449e-05,32078.14
1655445600000,2.453e-05,2.476e-05,2.43e-05,2.466e-05,18547.53
1655449200000,2.463e-05,2.488e-05,2.458e-05,2.47e-05,17085.23
1655452800000,2.463e-05,2.491e-05,2.439e-05,2.439e-05,37545.15
1655456400000,2.435e-05,2.445e-05,2.406e-05,2.435e-05,14237.69
1655460000000,2.437e-05,2.468e-05,2.42e-05,2.453e-05,14329.45
1655463600000,2.457e-05,2.486e-05,2.439e-05,2.444e-05,37304.99
1655467200000,2.449e-05,2.456e-05,2.417e-05,2.439e-05,19306.96
1655470800000,2.435e-05,2.486e-05,2.422e-05,2.477e-05,20120.61
1655474400000,2.472e-05,2.482e-05,2.449e-05,2.465e-05,14631.65
1655478000000,2.458e-05,2.465e-05,2.43e-05,2.449e-05,8648.31
1655481600000,2.45e-05,2.457e-05,2.425e-05,2.441e-05,11873.59
1655485200000,2.439e-05,2.458e-05,2.436e-05,2.444e-05,22378.96
1655488800000,2.439e-05,2.466e-05,2.43e-05,2.446e-05,3371.44
1655492400000,2.449e-05,2.449e-05,2.416e-05,2.432e-05,19305.18
1655496000000,2.439e-05,2.479e-05,2.439e-05,2.468e-05,25585.96
1655499600000,2.458e-05,2.465e-05,2.451e-05,2.461e-05,7979.34
1655503200000,2.468e-05,2.475e-05,2.441e-05,2.468e-05,9278.38
1655506800000,2.463e-05,2.562e-05,2.458e-05,2.534e-05,17124.94
1655510400000,2.529e-05,2.557e-05,2.496e-05,2.508e-05,45592.14
1655514000000,2.51e-05,2.51e-05,2.486e-05,2.489e-05,7060.88
1655517600000,2.496e-05,2.51e-05,2.472e-05,2.486e-05,4949.45
1655521200000,2.491e-05,2.496e-05,2.482e-05,2.496e-05,5047.17
1655524800000,2.501e-05,2.53e-05,2.499e-05,2.53e-05,6456.59
1655528400000,2.524e-05,2.557e-05,2.504e-05,2.549e-05,39007.9
1655532000000,2.543e-05,2.548e-05,2.458e-05,2.496e-05,32620.38
1655535600000,2.491e-05,2.51e-05,2.36e-05,2.406e-05,139075.69
1655539200000,2.406e-05,2.425e-05,2.374e-05,2.41e-05,170500.16
1655542800000,2.406e-05,2.424e-05,2.399e-05,2.415e-05,29018.31
1655546400000,2.419e-05,2.432e-05,2.406e-05,2.409e-05,14485.55
1655550000000,2.41e-05,2.424e-05,2.406e-05,2.409e-05,10687.58
1655553600000,2.41e-05,2.419e-05,2.38e-05,2.406e-05,38615.26
1655557200000,2.41e-05,2.416e-05,2.392e-05,2.411e-05,14958.35
1655560800000,2.416e-05,2.42e-05,2.392e-05,2.397e-05,5877.56
1655564400000,2.401e-05,2.406e-05,2.384e-05,2.397e-05,31205.34
1655568000000,2.397e-05,2.416e-05,2.378e-05,2.384e-05,86590.19
1655571600000,2.389e-05,2.397e-05,2.318e-05,2.35e-05,194596.38
1655575200000,2.354e-05,2.38e-05,2.342e-05,2.342e-05,16114.55
1655578800000,2.346e-05,2.346e-05,2.288e-05,2.293e-05,25541.79
1655582400000,2.295e-05,2.313e-05,2.24e-05,2.28e-05,119766.75
1655586000000,2.275e-05,2.308e-05,2.251e-05,2.3e-05,32934.08
1655589600000,2.302e-05,2.346e-05,2.295e-05,2.324e-05,248856.14
1655593200000,2.323e-05,2.376e-05,2.318e-05,2.371e-05,146800.4
1655596800000,2.368e-05,2.428e-05,2.354e-05,2.397e-05,112830.95
1655600400000,2.402e-05,2.414e-05,2.384e-05,2.41e-05,10012.98
1655604000000,2.408e-05,2.411e-05,2.384e-05,2.401e-05,17667.96
1655607600000,2.398e-05,2.426e-05,2.398e-05,2.418e-05,35072.29
1655611200000,2.415e-05,2.439e-05,2.415e-05,2.432e-05,4182.18
1655614800000,2.436e-05,2.463e-05,2.408e-05,2.428e-05,25397.77
1655618400000,2.423e-05,2.423e-05,2.397e-05,2.415e-05,12964.92
1655622000000,2.41e-05,2.436e-05,2.406e-05,2.416e-05,9620.37
1655625600000,2.418e-05,2.428e-05,2.398e-05,2.423e-05,17530.23
1655629200000,2.428e-05,2.506e-05,2.415e-05,2.471e-05,152880.87
1655632800000,2.478e-05,2.512e-05,2.449e-05,2.479e-05,106166.9
1655636400000,2.476e-05,2.498e-05,2.456e-05,2.479e-05,14692.15
1655640000000,2.483e-05,2.526e-05,2.47e-05,2.5e-05,19321.52
1655643600000,2.496e-05,2.506e-05,2.492e-05,2.5e-05,6279.5
1655647200000,2.505e-05,2.526e-05,2.497e-05,2.522e-05,4348.6
1655650800000,2.518e-05,2.524e-05,2.496e-05,2.505e-05,14181.94
1655654400000,2.509e-05,2.516e-05,2.465e-05,2.47e-05,34766.99
1655658000000,2.472e-05,2.472e-05,2.449e-05,2.46e-05,9156.16
1655661600000,2.456e-05,2.48e-05,2.453e-05,2.474e-05,5981.41
1655665200000,2.479e-05,2.496e-05,2.461e-05,2.466e-05,17731.11
1655668800000,2.47e-05,2.554e-05,2.47e-05,2.518e-05,39020.37
1655672400000,2.518e-05,2.531e-05,2.5e-05,2.509e-05,34290.91
1655676000000,2.505e-05,2.505e-05,2.44e-05,2.44e-05,59299.57
1655679600000,2.438e-05,2.475e-05,2.43e-05,2.473e-05,20471.69
1655683200000,2.47e-05,2.479e-05,2.428e-05,2.432e-05,17385.22
1655686800000,2.425e-05,2.445e-05,2.402e-05,2.439e-05,15335.28
1655690400000,2.439e-05,2.439e-05,2.391e-05,2.391e-05,32693.24
1655694000000,2.386e-05,2.412e-05,2.385e-05,2.392e-05,8396.43
1655697600000,2.397e-05,2.408e-05,2.381e-05,2.381e-05,10275.52
1655701200000,2.385e-05,2.397e-05,2.378e-05,2.396e-05,11010.78
1655704800000,2.394e-05,2.426e-05,2.392e-05,2.42e-05,15782.99
1655708400000,2.421e-05,2.425e-05,2.395e-05,2.41e-05,21777.75
1655712000000,2.402e-05,2.551e-05,2.402e-05,2.528e-05,138981.51
1655715600000,2.531e-05,2.582e-05,2.486e-05,2.514e-05,155404.4
1655719200000,2.509e-05,2.6e-05,2.497e-05,2.577e-05,174975.34
1655722800000,2.569e-05,2.627e-05,2.557e-05,2.583e-05,58774.73
1655726400000,2.588e-05,2.591e-05,2.528e-05,2.54e-05,93188.19
1655730000000,2.539e-05,2.54e-05,2.488e-05,2.491e-05,33126.54
1655733600000,2.496e-05,2.531e-05,2.496e-05,2.521e-05,34023.38
1655737200000,2.518e-05,2.526e-05,2.478e-05,2.499e-05,28654.04
1655740800000,2.5e-05,2.518e-05,2.49e-05,2.518e-05,29780.28
1655744400000,2.518e-05,2.538e-05,2.505e-05,2.537e-05,25195.18
1655748000000,2.531e-05,2.537e-05,2.482e-05,2.486e-05,64856.25
1655751600000,2.487e-05,2.489e-05,2.447e-05,2.46e-05,70008.04
1655755200000,2.466e-05,2.468e-05,2.438e-05,2.444e-05,18392.71
1655758800000,2.44e-05,2.446e-05,2.39e-05,2.397e-05,35395.44
1655762400000,2.389e-05,2.406e-05,2.374e-05,2.406e-05,12238.98
1655766000000,2.404e-05,2.451e-05,2.403e-05,2.438e-05,21011.4
1655769600000,2.437e-05,2.444e-05,2.405e-05,2.437e-05,16430.06
1655773200000,2.44e-05,2.467e-05,2.44e-05,2.453e-05,21412.44
1655776800000,2.455e-05,2.475e-05,2.44e-05,2.473e-05,35821.68
1655780400000,2.473e-05,2.49e-05,2.467e-05,2.485e-05,14145.69
1655784000000,2.483e-05,2.5e-05,2.466e-05,2.474e-05,38497.53
1655787600000,2.479e-05,2.531e-05,2.475e-05,2.514e-05,36491.44
1655791200000,2.513e-05,2.524e-05,2.498e-05,2.508e-05,13207.13
1655794800000,2.507e-05,2.512e-05,2.471e-05,2.472e-05,13491.44
1655798400000,2.472e-05,2.573e-05,2.464e-05,2.556e-05,20683.61
1655802000000,2.556e-05,2.569e-05,2.517e-05,2.531e-05,21973.39
1655805600000,2.533e-05,2.549e-05,2.51e-05,2.535e-05,5847.94
1655809200000,2.531e-05,2.534e-05,2.45e-05,2.456e-05,57333.63
1655812800000,2.461e-05,2.47e-05,2.431e-05,2.461e-05,76402.14
1655816400000,2.462e-05,2.495e-05,2.44e-05,2.486e-05,56606.42
1655820000000,2.484e-05,2.598e-05,2.474e-05,2.584e-05,94771.73
1655823600000,2.582e-05,2.582e-05,2.512e-05,2.523e-05,56377.16
1655827200000,2.523e-05,2.59e-05,2.506e-05,2.576e-05,230517.71
1655830800000,2.582e-05,2.684e-05,2.582e-05,2.599e-05,103592.49
1655834400000,2.597e-05,2.612e-05,2.57e-05,2.584e-05,17597.96
1655838000000,2.588e-05,2.643e-05,2.554e-05,2.559e-05,32002.09
1655841600000,2.559e-05,2.559e-05,2.483e-05,2.494e-05,44889.59
1655845200000,2.497e-05,2.538e-05,2.497e-05,2.511e-05,24351.26
1655848800000,2.507e-05,2.526e-05,2.438e-05,2.48e-05,34903.51
1655852400000,2.48e-05,2.504e-05,2.459e-05,2.474e-05,59661.9
1655856000000,2.485e-05,2.49e-05,2.433e-05,2.457e-05,26238.05
1655859600000,2.451e-05,2.485e-05,2.418e-05,2.421e-05,32610.78
1655863200000,2.421e-05,2.449e-05,2.399e-05,2.432e-05,149997.13
1655866800000,2.438e-05,2.446e-05,2.422e-05,2.432e-05,1118.09
1655870400000,2.433e-05,2.475e-05,2.433e-05,2.475e-05,9744.51
1655874000000,2.472e-05,2.491e-05,2.459e-05,2.464e-05,8176.09
1655877600000,2.464e-05,2.475e-05,2.415e-05,2.419e-05,34596.69
1655881200000,2.43e-05,2.43e-05,2.397e-05,2.404e-05,73228.27
1655884800000,2.4e-05,2.418e-05,2.389e-05,2.416e-05,18258.98
1655888400000,2.423e-05,2.441e-05,2.418e-05,2.431e-05,8221.12
1655892000000,2.43e-05,2.44e-05,2.419e-05,2.425e-05,328719.64
1655895600000,2.43e-05,2.437e-05,2.412e-05,2.422e-05,15781.78
1655899200000,2.412e-05,2.42e-05,2.397e-05,2.42e-05,8349.58
1655902800000,2.41e-05,2.45e-05,2.407e-05,2.447e-05,18360.88
1655906400000,2.44e-05,2.474e-05,2.436e-05,2.443e-05,22713.75
1655910000000,2.449e-05,2.449e-05,2.418e-05,2.429e-05,23816.7
1655913600000,2.422e-05,2.431e-05,2.391e-05,2.399e-05,83222.28
1655917200000,2.393e-05,2.417e-05,2.39e-05,2.402e-05,20609.2
1655920800000,2.403e-05,2.416e-05,2.4e-05,2.4e-05,6374.95
1655924400000,2.407e-05,2.407e-05,2.366e-05,2.376e-05,32390.89
1655928000000,2.379e-05,2.384e-05,2.327e-05,2.327e-05,92536.57
1655931600000,2.336e-05,2.34e-05,2.308e-05,2.339e-05,49273.93
1655935200000,2.339e-05,2.35e-05,2.333e-05,2.345e-05,4454.25
1655938800000,2.344e-05,2.349e-05,2.305e-05,2.312e-05,10811.27
1655942400000,2.317e-05,2.376e-05,2.316e-05,2.354e-05,116061.0
1655946000000,2.357e-05,2.38e-05,2.354e-05,2.354e-05,39599.77
1655949600000,2.355e-05,2.373e-05,2.342e-05,2.361e-05,9653.3
1655953200000,2.364e-05,2.391e-05,2.36e-05,2.378e-05,17317.98
1655956800000,2.379e-05,2.419e-05,2.364e-05,2.409e-05,120365.53
1655960400000,2.409e-05,2.41e-05,2.382e-05,2.389e-05,23883.36
1655964000000,2.391e-05,2.485e-05,2.388e-05,2.471e-05,48946.13
1655967600000,2.473e-05,2.488e-05,2.435e-05,2.435e-05,7865.84
1655971200000,2.447e-05,2.465e-05,2.43e-05,2.43e-05,4820.08
1655974800000,2.434e-05,2.453e-05,2.422e-05,2.435e-05,5821.74
1655978400000,2.429e-05,2.473e-05,2.429e-05,2.449e-05,19744.78
1655982000000,2.441e-05,2.469e-05,2.438e-05,2.451e-05,5451.78
1655985600000,2.458e-05,2.483e-05,2.43e-05,2.437e-05,23124.9
1655989200000,2.434e-05,2.443e-05,2.391e-05,2.393e-05,18504.94
1655992800000,2.385e-05,2.396e-05,2.373e-05,2.392e-05,48366.56
1655996400000,2.394e-05,2.399e-05,2.356e-05,2.372e-05,64667.52
1656000000000,2.378e-05,2.397e-05,2.373e-05,2.388e-05,5782.33
1656003600000,2.383e-05,2.416e-05,2.373e-05,2.398e-05,60597.8
1656007200000,2.4e-05,2.424e-05,2.4e-05,2.404e-05,29790.25
1656010800000,2.396e-05,2.421e-05,2.392e-05,2.411e-05,10268.85
1656014400000,2.406e-05,2.429e-05,2.403e-05,2.429e-05,4834.92
1656018000000,2.43e-05,2.437e-05,2.407e-05,2.407e-05,5309.31
1656021600000,2.407e-05,2.426e-05,2.407e-05,2.424e-05,813.42
1656025200000,2.412e-05,2.521e-05,2.412e-05,2.476e-05,26407.59
1656028800000,2.477e-05,2.486e-05,2.44e-05,2.44e-05,13758.58
1656032400000,2.44e-05,2.518e-05,2.439e-05,2.481e-05,10892.0
1656036000000,2.485e-05,2.513e-05,2.472e-05,2.491e-05,7245.26
1656039600000,2.491e-05,2.506e-05,2.475e-05,2.486e-05,7243.53
1656043200000,2.486e-05,2.495e-05,2.444e-05,2.455e-05,12830.13
1656046800000,2.456e-05,2.496e-05,2.453e-05,2.471e-05,13600.62
1656050400000,2.471e-05,2.495e-05,2.469e-05,2.47e-05,11448.72
1656054000000,2.472e-05,2.502e-05,2.465e-05,2.501e-05,35101.29
1656057600000,2.504e-05,2.669e-05,2.504e-05,2.64e-05,49204.57
1656061200000,2.645e-05,2.651e-05,2.578e-05,2.601e-05,36055.92
1656064800000,2.601e-05,2.617e-05,2.577e-05,2.595e-05,11217.07
1656068400000,2.609e-05,2.788e-05,2.609e-05,2.771e-05,76932.5
1656072000000,2.773e-05,3.017e-05,2.773e-05,2.875e-05,798204.34
1656075600000,2.874e-05,2.95e-05,2.8e-05,2.825e-05,147558.71
1656079200000,2.829e-05,2.836e-05,2.74e-05,2.769e-05,105205.9
1656082800000,2.764e-05,2.832e-05,2.744e-05,2.789e-05,78898.11
1656086400000,2.792e-05,2.909e-05,2.785e-05,2.855e-05,100478.03
1656090000000,2.859e-05,2.925e-05,2.791e-05,2.816e-05,48345.83
1656093600000,2.814e-05,2.964e-05,2.814e-05,2.936e-05,37126.47
1656097200000,2.932e-05,3.017e-05,2.89e-05,2.932e-05,56574.98
1656100800000,2.927e-05,3.173e-05,2.805e-05,2.812e-05,127900.05
1656104400000,2.812e-05,2.822e-05,2.79e-05,2.796e-05,38152.72
1656108000000,2.816e-05,2.886e-05,2.812e-05,2.812e-05,28698.99
1656111600000,2.811e-05,2.82e-05,2.761e-05,2.766e-05,41977.64
1656115200000,2.773e-05,2.773e-05,2.678e-05,2.704e-05,40327.42
1656118800000,2.703e-05,2.759e-05,2.685e-05,2.715e-05,27737.6
1656122400000,2.712e-05,2.865e-05,2.689e-05,2.754e-05,85139.58
1656126000000,2.743e-05,2.859e-05,2.741e-05,2.816e-05,43063.94
1656129600000,2.83e-05,2.889e-05,2.797e-05,2.844e-05,60176.2
1656133200000,2.844e-05,2.945e-05,2.812e-05,2.882e-05,47512.77
1656136800000,2.878e-05,2.907e-05,2.81e-05,2.82e-05,60776.06
1656140400000,2.824e-05,2.868e-05,2.808e-05,2.823e-05,34390.92
1656144000000,2.826e-05,2.84e-05,2.784e-05,2.811e-05,9666.11
1656147600000,2.803e-05,2.974e-05,2.781e-05,2.95e-05,161030.25
1656151200000,2.948e-05,3.061e-05,2.929e-05,2.981e-05,337462.5
1656154800000,2.981e-05,2.991e-05,2.916e-05,2.916e-05,85913.94
1656158400000,2.92e-05,2.934e-05,2.721e-05,2.729e-05,202941.56
1656162000000,2.727e-05,2.762e-05,2.687e-05,2.725e-05,239956.22
1656165600000,2.722e-05,2.745e-05,2.705e-05,2.732e-05,55134.64
1656169200000,2.722e-05,2.772e-05,2.629e-05,2.637e-05,107933.58
1656172800000,2.637e-05,2.675e-05,2.637e-05,2.675e-05,43417.39
1656176400000,2.673e-05,2.712e-05,2.665e-05,2.703e-05,46183.51
1656180000000,2.703e-05,2.727e-05,2.697e-05,2.727e-05,15710.51
1656183600000,2.727e-05,2.749e-05,2.7e-05,2.711e-05,33058.25
1656187200000,2.724e-05,2.727e-05,2.695e-05,2.723e-05,5353.89
1656190800000,2.713e-05,2.793e-05,2.706e-05,2.786e-05,41245.15
1656194400000,2.779e-05,2.779e-05,2.728e-05,2.757e-05,20994.62
1656198000000,2.757e-05,2.772e-05,2.694e-05,2.7e-05,18558.19
1656201600000,2.711e-05,2.835e-05,2.679e-05,2.835e-05,30894.61
1656205200000,2.836e-05,2.855e-05,2.744e-05,2.772e-05,81571.62
1656208800000,2.773e-05,2.867e-05,2.773e-05,2.808e-05,35232.66
1656212400000,2.801e-05,2.801e-05,2.739e-05,2.783e-05,44586.51
1656216000000,2.786e-05,2.822e-05,2.741e-05,2.793e-05,37659.46
1656219600000,2.795e-05,2.865e-05,2.795e-05,2.832e-05,23735.8
1656223200000,2.832e-05,2.852e-05,2.805e-05,2.832e-05,22465.42
1656226800000,2.827e-05,2.934e-05,2.795e-05,2.934e-05,91927.21
1656230400000,2.929e-05,2.932e-05,2.869e-05,2.903e-05,578513.98
1656234000000,2.895e-05,2.945e-05,2.88e-05,2.884e-05,75458.81
1656237600000,2.891e-05,2.928e-05,2.87e-05,2.885e-05,56648.27
1656241200000,2.884e-05,2.916e-05,2.868e-05,2.892e-05,33151.92
1656244800000,2.891e-05,2.916e-05,2.802e-05,2.816e-05,70603.87
1656248400000,2.82e-05,2.821e-05,2.748e-05,2.788e-05,101190.7
1656252000000,2.787e-05,2.803e-05,2.773e-05,2.774e-05,27925.09
1656255600000,2.777e-05,2.777e-05,2.726e-05,2.768e-05,36724.58
1656259200000,2.771e-05,2.783e-05,2.751e-05,2.757e-05,14827.42
1656262800000,2.759e-05,2.765e-05,2.667e-05,2.723e-05,115620.46
1656266400000,2.724e-05,2.724e-05,2.684e-05,2.695e-05,11528.85
1656270000000,2.69e-05,2.753e-05,2.681e-05,2.751e-05,18386.72
1656273600000,2.747e-05,2.76e-05,2.722e-05,2.76e-05,2729.4
1656277200000,2.757e-05,2.761e-05,2.734e-05,2.734e-05,6928.77
1656280800000,2.734e-05,2.734e-05,2.637e-05,2.672e-05,27287.35
1656284400000,2.668e-05,2.684e-05,2.515e-05,2.571e-05,28489.79
1656288000000,2.571e-05,2.642e-05,2.571e-05,2.615e-05,57872.81
1656291600000,2.62e-05,2.642e-05,2.588e-05,2.642e-05,8406.82
1656295200000,2.645e-05,2.673e-05,2.645e-05,2.654e-05,13418.49
1656298800000,2.648e-05,2.676e-05,2.629e-05,2.662e-05,8357.37
1656302400000,2.65e-05,2.67e-05,2.65e-05,2.657e-05,15539.91
1656306000000,2.657e-05,2.675e-05,2.635e-05,2.659e-05,6895.02
1656309600000,2.656e-05,2.675e-05,2.644e-05,2.673e-05,11353.31
1656313200000,2.676e-05,2.699e-05,2.668e-05,2.668e-05,11921.83
1656316800000,2.684e-05,2.712e-05,2.684e-05,2.698e-05,26451.0
1656320400000,2.705e-05,2.706e-05,2.679e-05,2.691e-05,13595.02
1656324000000,2.689e-05,2.695e-05,2.673e-05,2.689e-05,21266.09
1656327600000,2.688e-05,2.695e-05,2.609e-05,2.628e-05,27362.42
1656331200000,2.63e-05,2.662e-05,2.627e-05,2.655e-05,15242.44
1656334800000,2.657e-05,2.657e-05,2.578e-05,2.588e-05,39707.95
1656338400000,2.586e-05,2.611e-05,2.552e-05,2.6e-05,83456.74
1656342000000,2.596e-05,2.598e-05,2.576e-05,2.596e-05,12160.08
1656345600000,2.598e-05,2.598e-05,2.555e-05,2.587e-05,11865.76
1656349200000,2.587e-05,2.591e-05,2.562e-05,2.572e-05,11259.01
1656352800000,2.572e-05,2.586e-05,2.5e-05,2.558e-05,33943.03
1656356400000,2.558e-05,2.558e-05,2.508e-05,2.528e-05,12676.95
1656360000000,2.528e-05,2.562e-05,2.526e-05,2.539e-05,4040.83
1656363600000,2.549e-05,2.569e-05,2.542e-05,2.563e-05,6984.69
1656367200000,2.563e-05,2.619e-05,2.561e-05,2.616e-05,66392.17
1656370800000,2.614e-05,2.614e-05,2.573e-05,2.591e-05,4324.4
1656374400000,2.583e-05,2.634e-05,2.583e-05,2.607e-05,19109.56
1656378000000,2.609e-05,2.611e-05,2.531e-05,2.531e-05,29129.83
1656381600000,2.525e-05,2.532e-05,2.466e-05,2.499e-05,12957.1
1656385200000,2.498e-05,2.512e-05,2.49e-05,2.501e-05,5180.84
1656388800000,2.507e-05,2.553e-05,2.494e-05,2.553e-05,24139.89
1656392400000,2.553e-05,2.622e-05,2.536e-05,2.574e-05,44730.53
1656396000000,2.588e-05,2.628e-05,2.588e-05,2.607e-05,8578.92
1656399600000,2.611e-05,2.661e-05,2.611e-05,2.618e-05,27437.38
1656403200000,2.622e-05,2.655e-05,2.578e-05,2.636e-05,25418.39
1656406800000,2.642e-05,2.669e-05,2.612e-05,2.625e-05,6515.03
1656410400000,2.624e-05,2.647e-05,2.587e-05,2.599e-05,27809.19
1656414000000,2.598e-05,2.657e-05,2.583e-05,2.617e-05,76914.44
1656417600000,2.613e-05,2.651e-05,2.61e-05,2.625e-05,14175.21
1656421200000,2.625e-05,2.642e-05,2.59e-05,2.628e-05,29228.82
1656424800000,2.639e-05,2.645e-05,2.517e-05,2.54e-05,55105.19
1656428400000,2.54e-05,2.563e-05,2.508e-05,2.524e-05,51587.42
1656432000000,2.511e-05,2.589e-05,2.511e-05,2.562e-05,29007.54
1656435600000,2.555e-05,2.569e-05,2.532e-05,2.563e-05,25074.62
1656439200000,2.567e-05,2.722e-05,2.563e-05,2.667e-05,145608.8
1656442800000,2.662e-05,2.688e-05,2.655e-05,2.673e-05,26434.15
1656446400000,2.679e-05,2.716e-05,2.643e-05,2.643e-05,40282.98
1656450000000,2.646e-05,2.716e-05,2.628e-05,2.703e-05,17890.2
1656453600000,2.703e-05,2.721e-05,2.57e-05,2.576e-05,66214.9
1656457200000,2.567e-05,2.623e-05,2.567e-05,2.613e-05,25144.76
1656460800000,2.609e-05,2.662e-05,2.578e-05,2.644e-05,24731.13
1656464400000,2.647e-05,2.691e-05,2.621e-05,2.686e-05,34041.15
1656468000000,2.679e-05,2.706e-05,2.65e-05,2.697e-05,30315.62
1656471600000,2.691e-05,2.697e-05,2.647e-05,2.656e-05,43890.12
1656475200000,2.653e-05,2.74e-05,2.653e-05,2.716e-05,55855.47
1656478800000,2.721e-05,2.727e-05,2.614e-05,2.644e-05,69749.3
1656482400000,2.632e-05,2.656e-05,2.608e-05,2.644e-05,8678.9
1656486000000,2.646e-05,2.73e-05,2.646e-05,2.709e-05,37020.37
1656489600000,2.703e-05,2.747e-05,2.665e-05,2.665e-05,21119.63
1656493200000,2.673e-05,2.912e-05,2.665e-05,2.886e-05,209810.65
1656496800000,2.887e-05,2.905e-05,2.812e-05,2.833e-05,73370.34
1656500400000,2.834e-05,2.839e-05,2.767e-05,2.79e-05,28782.82
1656504000000,2.791e-05,2.883e-05,2.775e-05,2.835e-05,62288.07
1656507600000,2.834e-05,2.99e-05,2.834e-05,2.94e-05,189974.47
1656511200000,2.937e-05,3.011e-05,2.916e-05,2.945e-05,446538.75
1656514800000,2.949e-05,2.968e-05,2.884e-05,2.962e-05,54158.02
1656518400000,2.952e-05,2.952e-05,2.881e-05,2.922e-05,26244.74
1656522000000,2.923e-05,3.064e-05,2.91e-05,3.017e-05,121550.59
1656525600000,3.012e-05,3.037e-05,2.975e-05,3.011e-05,34626.44
1656529200000,3.006e-05,3.017e-05,2.963e-05,2.993e-05,18383.81
1656532800000,2.999e-05,3.02e-05,2.912e-05,2.917e-05,37052.61
1656536400000,2.914e-05,2.956e-05,2.892e-05,2.934e-05,5612.72
1656540000000,2.924e-05,2.937e-05,2.884e-05,2.89e-05,20284.21
1656543600000,2.888e-05,2.91e-05,2.855e-05,2.891e-05,11765.17
1656547200000,2.891e-05,3.023e-05,2.881e-05,2.922e-05,32085.71
1656550800000,2.916e-05,2.934e-05,2.839e-05,2.841e-05,15815.55
1656554400000,2.842e-05,2.881e-05,2.839e-05,2.875e-05,6339.97
1656558000000,2.871e-05,2.871e-05,2.775e-05,2.775e-05,24497.32
1656561600000,2.774e-05,2.823e-05,2.774e-05,2.792e-05,34808.06
1656565200000,2.796e-05,2.875e-05,2.795e-05,2.836e-05,14384.95
1656568800000,2.836e-05,2.869e-05,2.733e-05,2.733e-05,52378.19
1656572400000,2.738e-05,2.788e-05,2.738e-05,2.774e-05,16167.27
1656576000000,2.768e-05,2.786e-05,2.709e-05,2.76e-05,56537.51
1656579600000,2.762e-05,2.852e-05,2.744e-05,2.839e-05,43872.59
1656583200000,2.833e-05,2.875e-05,2.82e-05,2.872e-05,29958.96
1656586800000,2.869e-05,2.898e-05,2.817e-05,2.845e-05,21197.43
1656590400000,2.853e-05,2.903e-05,2.821e-05,2.875e-05,68591.7
1656594000000,2.872e-05,2.886e-05,2.81e-05,2.832e-05,15450.39
1656597600000,2.839e-05,2.864e-05,2.833e-05,2.839e-05,36977.28
1656601200000,2.845e-05,2.864e-05,2.827e-05,2.851e-05,4722.25
1656604800000,2.85e-05,2.875e-05,2.833e-05,2.851e-05,8653.26
1656608400000,2.846e-05,2.846e-05,2.802e-05,2.828e-05,13038.17
1656612000000,2.833e-05,2.833e-05,2.801e-05,2.809e-05,5323.6
1656615600000,2.809e-05,2.81e-05,2.774e-05,2.798e-05,24318.02
1656619200000,2.798e-05,2.798e-05,2.711e-05,2.73e-05,43602.21
1656622800000,2.728e-05,2.744e-05,2.721e-05,2.725e-05,51300.99
1656626400000,2.733e-05,2.762e-05,2.733e-05,2.755e-05,8527.69
1656630000000,2.753e-05,2.798e-05,2.733e-05,2.738e-05,16712.94
1656633600000,2.744e-05,2.786e-05,2.69e-05,2.781e-05,23529.44
1656637200000,2.774e-05,2.8e-05,2.773e-05,2.782e-05,15650.35
1656640800000,2.78e-05,2.796e-05,2.768e-05,2.786e-05,7203.78
1656644400000,2.78e-05,2.788e-05,2.756e-05,2.756e-05,3286.02
1656648000000,2.75e-05,2.756e-05,2.713e-05,2.721e-05,134162.41
1656651600000,2.727e-05,2.75e-05,2.727e-05,2.749e-05,4598.82
1656655200000,2.749e-05,2.783e-05,2.742e-05,2.75e-05,18797.32
1656658800000,2.756e-05,2.805e-05,2.756e-05,2.795e-05,9167.36
1656662400000,2.795e-05,2.795e-05,2.754e-05,2.756e-05,7495.02
1656666000000,2.76e-05,2.77e-05,2.748e-05,2.756e-05,2887.53
1656669600000,2.75e-05,2.786e-05,2.738e-05,2.777e-05,13801.67
1656673200000,2.768e-05,2.79e-05,2.762e-05,2.774e-05,11601.23
1656676800000,2.78e-05,2.784e-05,2.733e-05,2.733e-05,18875.55
1656680400000,2.728e-05,2.75e-05,2.726e-05,2.746e-05,5076.69
1656684000000,2.738e-05,2.744e-05,2.685e-05,2.721e-05,9054.48
1656687600000,2.725e-05,2.735e-05,2.715e-05,2.721e-05,1775.42
1656691200000,2.727e-05,2.768e-05,2.727e-05,2.744e-05,9768.44
1656694800000,2.738e-05,2.746e-05,2.728e-05,2.738e-05,1194.73
