1653901200000,0.0001024,0.00029,0.0001024,0.00015301,475430782775.89
1653904800000,0.00015301,0.00017765,0.0001462,0.000153,489984587546.57
1653908400000,0.0001531,0.00016,0.00013032,0.0001315,242581648920.3
1653912000000,0.0001315,0.0001473,0.00013124,0.00014094,183242525566.31
1653915600000,0.00014098,0.000143,0.00013151,0.00014143,123681621912.9
1653919200000,0.00014149,0.00014655,0.0001395,0.00014319,142441932335.26
1653922800000,0.00014325,0.00014327,0.00013601,0.00014002,81220836053.43
1653926400000,0.00014006,0.000143,0.00013268,0.00013464,98354342839.84
1653930000000,0.00013468,0.0001425,0.0001345,0.00014242,83110936855.44
1653933600000,0.00014242,0.0001425,0.00013696,0.00013915,60501897835.72
1653937200000,0.00013913,0.00013919,0.00013641,0.00013652,37213020894.46
1653940800000,0.00013658,0.0001375,0.00012911,0.00013445,75588504998.77
1653944400000,0.00013445,0.00013447,0.0001163,0.00012992,184570356886.98
1653948000000,0.00012988,0.00013597,0.00012577,0.00012743,91747269709.66
1653951600000,0.00012746,0.0001288,0.000121,0.00012629,81725684338.63
1653955200000,0.00012628,0.00012816,0.00011849,0.00011894,76751803796.99
1653958800000,0.00011893,0.00012489,0.0001156,0.00011645,82653084008.17
1653962400000,0.00011652,0.00013811,0.00011433,0.00012939,176640786438.38
1653966000000,0.00012949,0.00013354,0.00012616,0.00012993,120287302282.79
1653969600000,0.00012992,0.0001329,0.00012227,0.000123,87894625950.94
1653973200000,0.00012301,0.000125,0.000112,0.00011207,154492329746.11
1653976800000,0.00011207,0.0001279,0.000112,0.00011778,212914985750.21
1653980400000,0.00011778,0.00012175,0.00011731,0.00011905,82101208643.06
1653984000000,0.00011905,0.000121,0.000114,0.00011769,87298829356.43
1653987600000,0.00011773,0.00011776,0.00011343,0.00011473,67856335172.16
1653991200000,0.00011478,0.000119,0.00011355,0.00011557,86303207194.38
1653994800000,0.00011557,0.00011825,0.00011253,0.0001175,127055345794.08
1653998400000,0.0001175,0.0001181,0.000114,0.00011786,77735520724.77
1654002000000,0.00011787,0.00011792,0.00011,0.00011299,87954627730.79
1654005600000,0.00011299,0.00011433,0.000108,0.00011226,113924081097.4
1654009200000,0.00011225,0.00011299,0.00010941,0.00011138,65996546538.13
1654012800000,0.00011138,0.00011674,0.00011126,0.00011394,100344214351.52
1654016400000,0.00011394,0.00011613,0.0001135,0.00011455,45647218415.98
1654020000000,0.00011455,0.00011511,0.0001106,0.00011094,44623814808.73
1654023600000,0.00011094,0.00011294,0.000108,0.00010997,55208899643.48
1654027200000,0.00010997,0.000112,0.0001087,0.00011007,40105250469.83
1654030800000,0.00011005,0.00011579,0.00010993,0.00011173,60935564799.05
1654034400000,0.00011173,0.00011374,0.00010993,0.00011308,37367814161.51
1654038000000,0.00011306,0.0001149,0.00011251,0.00011419,32484453035.05
1654041600000,0.0001142,0.000125,0.00011418,0.00012387,95013295091.96
1654045200000,0.00012386,0.000128,0.00011747,0.0001202,120267048017.67
1654048800000,0.00012019,0.00012487,0.00011434,0.00011654,70291873377.49
1654052400000,0.00011649,0.00011967,0.000113,0.00011363,47516311677.15
1654056000000,0.00011365,0.00011449,0.0001094,0.00011204,68001313789.01
1654059600000,0.0001121,0.00011273,0.00010162,0.00010703,103720623609.84
1654063200000,0.00010703,0.00010861,0.00010365,0.0001075,66616276220.58
1654066800000,0.00010751,0.00010758,0.0001039,0.0001041,47689120668.77
1654070400000,0.00010404,0.00010715,0.00010321,0.00010518,50255691610.75
1654074000000,0.00010518,0.00011016,0.00010485,0.00010912,60162152259.7
1654077600000,0.00010904,0.00010925,0.000105,0.00010592,42997978697.29
1654081200000,0.00010591,0.00010679,0.00010351,0.00010424,45247092561.72
1654084800000,0.00010425,0.00010608,0.00010374,0.00010555,39671360963.95
1654088400000,0.00010557,0.00010593,0.00010406,0.00010485,40191915489.08
1654092000000,0.00010486,0.00010568,9.627e-05,9.896e-05,120326821352.01
1654095600000,9.893e-05,0.0001012,9.15e-05,9.363e-05,145439494045.43
1654099200000,9.362e-05,9.575e-05,9.161e-05,9.511e-05,111548700248.64
1654102800000,9.511e-05,0.00010397,9.28e-05,9.929e-05,105640320181.41
1654106400000,9.933e-05,0.00010502,9.677e-05,9.678e-05,98822818001.42
1654110000000,9.698e-05,0.0001005,9.677e-05,9.795e-05,56090115024.31
1654113600000,9.792e-05,9.838e-05,9.28e-05,9.544e-05,72312666660.56
1654117200000,9.544e-05,9.685e-05,9.411e-05,9.593e-05,29960933270.51
1654120800000,9.595e-05,0.0001015,9.48e-05,9.894e-05,51137083341.12
1654124400000,9.895e-05,0.00010191,9.711e-05,9.845e-05,45911557145.71
1654128000000,9.854e-05,9.869e-05,9.6e-05,9.704e-05,33207821900.96
1654131600000,9.707e-05,0.0001,9.692e-05,9.766e-05,28039883875.39
1654135200000,9.765e-05,9.942e-05,9.701e-05,9.801e-05,22266093432.6
1654138800000,9.804e-05,9.842e-05,9.436e-05,9.486e-05,27720951943.63
1654142400000,9.494e-05,9.57e-05,9.3e-05,9.396e-05,27580932518.24
1654146000000,9.397e-05,9.65e-05,9.325e-05,9.519e-05,27283402541.93
1654149600000,9.52e-05,9.888e-05,9.458e-05,9.842e-05,36091550263.73
1654153200000,9.842e-05,9.99e-05,9.6e-05,9.64e-05,41024557045.75
1654156800000,9.64e-05,9.735e-05,9.603e-05,9.639e-05,21842623669.52
1654160400000,9.642e-05,9.671e-05,9.535e-05,9.664e-05,24638633776.09
1654164000000,9.663e-05,9.86e-05,9.6e-05,9.761e-05,33261743109.54
1654167600000,9.761e-05,0.00010234,9.703e-05,0.00010026,57816334892.58
1654171200000,0.00010025,0.00010181,9.825e-05,9.841e-05,46343068789.54
1654174800000,9.845e-05,9.898e-05,9.501e-05,9.736e-05,56586021794.2
1654178400000,9.73e-05,9.798e-05,9.611e-05,9.738e-05,26396847303.75
1654182000000,9.742e-05,0.000105,9.732e-05,0.00010165,86981528256.93
1654185600000,0.0001016,0.0001054,0.00010071,0.00010191,114804779291.25
1654189200000,0.00010198,0.00010289,0.0001,0.00010075,54740523193.43
1654192800000,0.00010074,0.0001013,9.822e-05,9.859e-05,40604380882.26
1654196400000,9.861e-05,0.00010175,9.859e-05,0.00010123,32956359779.79
1654200000000,0.00010128,0.00010137,9.961e-05,0.00010045,23556173561.28
1654203600000,0.00010048,0.00010195,0.00010047,0.00010145,19421041184.15
1654207200000,0.00010141,0.00010293,0.00010075,0.0001016,23382107982.45
1654210800000,0.00010162,0.00010221,0.00010001,0.00010095,20111607434.69
1654214400000,0.00010095,0.0001025,0.00010015,0.00010158,23436498081.75
1654218000000,0.00010159,0.00010239,0.00010111,0.0001021,15671070000.49
1654221600000,0.00010206,0.00010219,0.00010071,0.00010081,16220018040.3
1654225200000,0.0001008,0.00010121,9.96e-05,0.00010055,18974315380.64
1654228800000,0.00010055,0.00010055,9.85e-05,0.0001003,19235452340.78
1654232400000,0.0001003,0.0001007,9.97e-05,9.999e-05,19184163811.04
1654236000000,0.0001,0.00010001,9.832e-05,9.833e-05,25834315622.8
1654239600000,9.834e-05,0.0001,9.765e-05,9.899e-05,27737270382.85
1654243200000,9.9e-05,9.937e-05,9.795e-05,9.8e-05,19479755547.71
1654246800000,9.8e-05,9.815e-05,9.621e-05,9.665e-05,32123935277.33
1654250400000,9.665e-05,9.698e-05,9.351e-05,9.381e-05,57447398502.69
1654254000000,9.374e-05,9.582e-05,9.357e-05,9.506e-05,39698823082.16
1654257600000,9.509e-05,9.57e-05,9.39e-05,9.415e-05,34523727138.1
1654261200000,9.421e-05,9.6e-05,9.353e-05,9.573e-05,32921921862.26
1654264800000,9.573e-05,9.599e-05,9.454e-05,9.533e-05,22321995077.41
1654268400000,9.531e-05,9.579e-05,9.46e-05,9.542e-05,19319696198.36
1654272000000,9.541e-05,9.559e-05,9.48e-05,9.541e-05,14482720784.27
1654275600000,9.541e-05,9.57e-05,9.499e-05,9.509e-05,13874504857.46
1654279200000,9.509e-05,9.518e-05,9.401e-05,9.455e-05,16386957493.18
1654282800000,9.457e-05,9.511e-05,9.434e-05,9.46e-05,15191151165.46
1654286400000,9.46e-05,9.534e-05,9.43e-05,9.491e-05,16859461335.14
1654290000000,9.491e-05,9.809e-05,9.464e-05,9.734e-05,20410307215.74
1654293600000,9.735e-05,9.792e-05,9.522e-05,9.59e-05,23080068653.47
1654297200000,9.589e-05,9.65e-05,9.511e-05,9.514e-05,11332644499.95
1654300800000,9.519e-05,9.616e-05,9.511e-05,9.591e-05,13370000546.14
1654304400000,9.591e-05,9.625e-05,9.41e-05,9.447e-05,18394547725.34
1654308000000,9.449e-05,9.495e-05,9e-05,9.234e-05,58248058658.04
1654311600000,9.238e-05,9.285e-05,9.111e-05,9.22e-05,21597191340.9
1654315200000,9.22e-05,9.413e-05,9.208e-05,9.318e-05,15968284231.0
1654318800000,9.317e-05,9.368e-05,9.226e-05,9.3e-05,14917519736.51
1654322400000,9.299e-05,9.36e-05,9.293e-05,9.31e-05,11347686253.78
1654326000000,9.309e-05,9.34e-05,9.225e-05,9.266e-05,12996124410.4
1654329600000,9.266e-05,9.395e-05,9.202e-05,9.335e-05,18268271772.83
1654333200000,9.335e-05,9.391e-05,9.3e-05,9.336e-05,15522968810.53
1654336800000,9.335e-05,9.456e-05,9.326e-05,9.438e-05,16717398475.8
1654340400000,9.437e-05,9.523e-05,9.35e-05,9.4e-05,22004964863.3
1654344000000,9.399e-05,9.411e-05,9.222e-05,9.256e-05,20611542266.34
1654347600000,9.256e-05,9.325e-05,9.254e-05,9.293e-05,13293611790.38
1654351200000,9.292e-05,9.367e-05,9.251e-05,9.335e-05,14278571441.37
1654354800000,9.336e-05,9.4e-05,9.311e-05,9.399e-05,13902752555.5
1654358400000,9.394e-05,9.4e-05,9.286e-05,9.316e-05,14336603531.25
1654362000000,9.316e-05,9.34e-05,9.263e-05,9.315e-05,11707126229.2
1654365600000,9.315e-05,9.33e-05,9.278e-05,9.289e-05,8831374652.78
1654369200000,9.288e-05,9.297e-05,9.15e-05,9.23e-05,16074658068.4
1654372800000,9.228e-05,9.3e-05,9.171e-05,9.242e-05,11797891544.72
1654376400000,9.241e-05,9.284e-05,9.202e-05,9.226e-05,8851002208.34
1654380000000,9.226e-05,9.281e-05,9.183e-05,9.246e-05,10158724295.84
1654383600000,9.246e-05,9.27e-05,9.213e-05,9.246e-05,6421331695.76
1654387200000,9.245e-05,9.253e-05,9.164e-05,9.189e-05,11456877153.83
1654390800000,9.189e-05,9.189e-05,7.611e-05,8.686e-05,187156034298.72
1654394400000,8.7e-05,8.73e-05,8.35e-05,8.578e-05,55653818238.96
1654398000000,8.578e-05,8.647e-05,8.07e-05,8.289e-05,46029293693.42
1654401600000,8.291e-05,8.5e-05,8.191e-05,8.416e-05,36812959087.31
1654405200000,8.413e-05,8.449e-05,8.338e-05,8.444e-05,26972760028.7
1654408800000,8.446e-05,8.455e-05,8.325e-05,8.394e-05,21402168844.87
1654412400000,8.394e-05,8.821e-05,8.343e-05,8.514e-05,36073271490.58
1654416000000,8.504e-05,8.687e-05,8.496e-05,8.537e-05,33731214770.52
1654419600000,8.538e-05,8.538e-05,7.936e-05,8.097e-05,88984504871.17
1654423200000,8.1e-05,8.258e-05,8.097e-05,8.12e-05,42625324135.63
1654426800000,8.125e-05,8.244e-05,8.056e-05,8.23e-05,27851561813.8
1654430400000,8.23e-05,8.236e-05,8.088e-05,8.155e-05,22332595825.87
1654434000000,8.155e-05,8.179e-05,7.9e-05,7.965e-05,28899569426.4
1654437600000,7.965e-05,8.154e-05,7.962e-05,8.037e-05,37638276831.92
1654441200000,8.037e-05,8.517e-05,8.029e-05,8.366e-05,62204294177.27
1654444800000,8.37e-05,8.611e-05,8.252e-05,8.356e-05,44364869295.81
1654448400000,8.355e-05,8.544e-05,8.322e-05,8.384e-05,25985136267.8
1654452000000,8.381e-05,8.445e-05,8.352e-05,8.367e-05,16199392626.15
1654455600000,8.367e-05,8.39e-05,8.18e-05,8.262e-05,24822694932.49
1654459200000,8.26e-05,8.4e-05,8.052e-05,8.072e-05,28809022656.51
1654462800000,8.071e-05,8.191e-05,8.071e-05,8.15e-05,13808349752.73
1654466400000,8.15e-05,8.17e-05,8.051e-05,8.078e-05,14249452706.7
1654470000000,8.077e-05,8.093e-05,7.845e-05,7.923e-05,26240903833.19
1654473600000,7.929e-05,8.199e-05,7.822e-05,8.195e-05,26904236755.41
1654477200000,8.195e-05,8.365e-05,8.072e-05,8.28e-05,29258538936.2
1654480800000,8.287e-05,8.292e-05,8.063e-05,8.077e-05,21879539065.35
1654484400000,8.078e-05,8.22e-05,8.076e-05,8.177e-05,15741830763.91
1654488000000,8.176e-05,8.182e-05,8.04e-05,8.114e-05,17171491352.35
1654491600000,8.114e-05,8.215e-05,8.089e-05,8.113e-05,24058938342.77
1654495200000,8.108e-05,8.2e-05,8.102e-05,8.188e-05,19277774280.41
1654498800000,8.188e-05,8.848e-05,8.185e-05,8.66e-05,70965928410.23
1654502400000,8.661e-05,8.739e-05,8.4e-05,8.486e-05,54346111493.78
1654506000000,8.486e-05,8.618e-05,8.421e-05,8.442e-05,32944015236.04
1654509600000,8.44e-05,8.57e-05,8.4e-05,8.504e-05,25039627265.24
1654513200000,8.503e-05,8.545e-05,8.319e-05,8.352e-05,27499349880.96
1654516800000,8.353e-05,8.446e-05,8.243e-05,8.256e-05,26939982923.1
1654520400000,8.256e-05,8.388e-05,8.241e-05,8.339e-05,27153229221.93
1654524000000,8.338e-05,8.449e-05,8.282e-05,8.305e-05,29986745397.17
1654527600000,8.307e-05,8.327e-05,8.093e-05,8.216e-05,33689176590.62
1654531200000,8.216e-05,8.218e-05,8.093e-05,8.137e-05,21735636211.02
1654534800000,8.134e-05,8.199e-05,8.016e-05,8.103e-05,27816070139.1
1654538400000,8.104e-05,8.106e-05,8e-05,8.041e-05,19132267918.86
1654542000000,8.041e-05,8.178e-05,8e-05,8.156e-05,21562599551.04
1654545600000,8.159e-05,8.164e-05,8.023e-05,8.091e-05,15674462179.99
1654549200000,8.09e-05,8.111e-05,8.048e-05,8.069e-05,11104284498.19
1654552800000,8.071e-05,8.091e-05,8.011e-05,8.023e-05,9618973589.29
1654556400000,8.022e-05,8.085e-05,8.02e-05,8.059e-05,8767418295.88
1654560000000,8.059e-05,8.074e-05,7.3e-05,7.438e-05,90319085770.88
1654563600000,7.438e-05,7.667e-05,7e-05,7.31e-05,88056692021.12
1654567200000,7.31e-05,7.377e-05,7.012e-05,7.295e-05,63333791350.88
1654570800000,7.293e-05,7.538e-05,7.204e-05,7.291e-05,35331005078.09
1654574400000,7.291e-05,7.357e-05,7.119e-05,7.167e-05,32107532394.31
1654578000000,7.166e-05,7.249e-05,7.019e-05,7.194e-05,42040400513.72
1654581600000,7.197e-05,7.262e-05,7.152e-05,7.191e-05,24391187975.09
1654585200000,7.192e-05,7.349e-05,7.172e-05,7.247e-05,23947991573.27
1654588800000,7.247e-05,7.415e-05,7.231e-05,7.304e-05,23835841782.0
1654592400000,7.304e-05,7.317e-05,7.205e-05,7.249e-05,20502094895.97
1654596000000,7.249e-05,7.39e-05,7.23e-05,7.295e-05,16997474542.33
1654599600000,7.295e-05,7.31e-05,7.05e-05,7.119e-05,38229605036.98
1654603200000,7.12e-05,7.167e-05,6.92e-05,7.149e-05,46899382282.74
1654606800000,7.149e-05,7.254e-05,7.019e-05,7.162e-05,37998789068.2
1654610400000,7.163e-05,7.379e-05,7.132e-05,7.229e-05,39742770150.74
1654614000000,7.227e-05,7.259e-05,7.066e-05,7.093e-05,34349382946.35
1654617600000,7.095e-05,7.18e-05,7.081e-05,7.112e-05,20987575206.26
1654621200000,7.11e-05,7.199e-05,7.093e-05,7.105e-05,18154585400.22
1654624800000,7.104e-05,7.167e-05,7.08e-05,7.097e-05,16249689085.33
1654628400000,7.097e-05,7.27e-05,7.085e-05,7.234e-05,31591949228.84
1654632000000,7.234e-05,7.27e-05,6.977e-05,6.999e-05,62118110947.27
1654635600000,7e-05,7.15e-05,6.975e-05,7.048e-05,37458075684.93
1654639200000,7.043e-05,7.066e-05,6.3e-05,6.573e-05,95973280918.42
1654642800000,6.582e-05,6.6e-05,6.109e-05,6.264e-05,75992564481.86
1654646400000,6.264e-05,6.4e-05,5.868e-05,6.174e-05,94032245951.47
1654650000000,6.174e-05,6.24e-05,5.9e-05,6.141e-05,70623754020.36
1654653600000,6.145e-05,6.278e-05,6.06e-05,6.081e-05,47327236042.29
1654657200000,6.081e-05,6.2e-05,5.515e-05,5.665e-05,97309763220.98
1654660800000,5.665e-05,5.885e-05,5.639e-05,5.745e-05,51677409745.71
1654664400000,5.747e-05,6.475e-05,5.666e-05,6.258e-05,61595706337.05
1654668000000,6.24e-05,6.3e-05,6.028e-05,6.07e-05,70108360515.87
1654671600000,6.074e-05,6.234e-05,5.917e-05,6.163e-05,50071365186.54
1654675200000,6.163e-05,6.189e-05,6.035e-05,6.138e-05,32747612354.51
1654678800000,6.133e-05,6.296e-05,6.103e-05,6.208e-05,30376763468.91
1654682400000,6.204e-05,6.274e-05,6.15e-05,6.168e-05,27903077836.82
1654686000000,6.166e-05,6.265e-05,6.106e-05,6.147e-05,33612968469.9
1654689600000,6.144e-05,6.15e-05,5.81e-05,5.88e-05,60546775553.98
1654693200000,5.882e-05,6.18e-05,5.815e-05,6.041e-05,53151167734.61
1654696800000,6.042e-05,6.042e-05,5.907e-05,5.923e-05,29646102969.61
1654700400000,5.927e-05,6e-05,5.86e-05,5.977e-05,26653295949.17
1654704000000,5.978e-05,6.06e-05,5.868e-05,5.945e-05,34939906292.02
1654707600000,5.941e-05,5.945e-05,5.65e-05,5.749e-05,56904742807.47
1654711200000,5.748e-05,5.769e-05,5.334e-05,5.504e-05,97182170906.13
1654714800000,5.504e-05,5.59e-05,5.38e-05,5.457e-05,47984314693.63
1654718400000,5.457e-05,5.498e-05,5.009e-05,5.065e-05,74740615257.11
1654722000000,5.075e-05,5.308e-05,5.005e-05,5.206e-05,70370950934.76
1654725600000,5.206e-05,5.215e-05,5.047e-05,5.111e-05,37593676088.45
1654729200000,5.105e-05,5.13e-05,4.509e-05,4.663e-05,99436921717.41
1654732800000,4.663e-05,4.93e-05,4.123e-05,4.462e-05,157219200580.53
1654736400000,4.462e-05,5.439e-05,4.453e-05,4.918e-05,145259526764.53
1654740000000,4.923e-05,6.264e-05,4.907e-05,5.848e-05,174851608899.06
1654743600000,5.848e-05,8.8e-05,5.835e-05,7.255e-05,459236395052.94
1654747200000,7.26e-05,7.999e-05,6.724e-05,6.929e-05,282899338775.29
1654750800000,6.922e-05,7.683e-05,6.877e-05,7.328e-05,193869306940.03
1654754400000,7.327e-05,7.399e-05,6.747e-05,7.159e-05,129662206214.8
1654758000000,7.169e-05,7.5e-05,7e-05,7.43e-05,132850548025.55
1654761600000,7.438e-05,7.438e-05,7.02e-05,7.091e-05,80377044084.6
1654765200000,7.091e-05,7.19e-05,6.353e-05,6.523e-05,140541926232.36
1654768800000,6.526e-05,6.85e-05,6.523e-05,6.795e-05,96209314917.84
1654772400000,6.787e-05,6.802e-05,6.409e-05,6.504e-05,74520522576.1
1654776000000,6.5e-05,6.635e-05,6.05e-05,6.308e-05,116010361004.07
1654779600000,6.308e-05,6.5e-05,6.216e-05,6.281e-05,86333014224.21
1654783200000,6.281e-05,7.777e-05,6.278e-05,7.13e-05,269904593746.26
1654786800000,7.136e-05,8.2e-05,7.05e-05,7.434e-05,398719048190.68
1654790400000,7.436e-05,7.449e-05,6.83e-05,7.079e-05,163516716852.28
1654794000000,7.079e-05,7.48e-05,7.045e-05,7.381e-05,99505587388.11
1654797600000,7.384e-05,7.45e-05,7.1e-05,7.136e-05,87860403120.83
1654801200000,7.144e-05,7.934e-05,7.13e-05,7.883e-05,117772166976.52
1654804800000,7.893e-05,8.698e-05,7.502e-05,8.242e-05,332743748581.47
1654808400000,8.242e-05,8.5e-05,7.581e-05,7.964e-05,226869481662.24
1654812000000,7.958e-05,8.291e-05,7.771e-05,7.936e-05,160150786862.33
1654815600000,7.945e-05,7.975e-05,7.368e-05,7.509e-05,120451790855.17
1654819200000,7.509e-05,8.3e-05,7.501e-05,8.067e-05,153620513250.23
1654822800000,8.074e-05,8.129e-05,7.711e-05,8.051e-05,69129992678.39
1654826400000,8.051e-05,8.4e-05,7.856e-05,8.025e-05,89287034389.95
1654830000000,8.025e-05,8.111e-05,7.511e-05,7.683e-05,79464121483.02
1654833600000,7.684e-05,7.767e-05,7.1e-05,7.434e-05,107213310450.11
1654837200000,7.436e-05,7.8e-05,7.317e-05,7.375e-05,77225615039.79
1654840800000,7.365e-05,7.668e-05,7.365e-05,7.6e-05,49567819867.07
1654844400000,7.6e-05,7.768e-05,7.5e-05,7.56e-05,51200885745.43
1654848000000,7.56e-05,7.635e-05,7.407e-05,7.502e-05,39577943216.86
1654851600000,7.502e-05,7.572e-05,7.32e-05,7.384e-05,52375313984.81
1654855200000,7.385e-05,7.477e-05,7.167e-05,7.228e-05,55649668442.89
1654858800000,7.236e-05,7.599e-05,7.236e-05,7.456e-05,68090406866.18
1654862400000,7.456e-05,7.735e-05,7.301e-05,7.374e-05,99797512654.63
1654866000000,7.372e-05,7.388e-05,6.719e-05,7.134e-05,144397594110.95
1654869600000,7.125e-05,7.292e-05,6.924e-05,7.091e-05,80518052716.17
1654873200000,7.091e-05,7.179e-05,6.874e-05,7.037e-05,63603818379.57
1654876800000,7.035e-05,7.2e-05,6.747e-05,6.932e-05,88836058946.22
1654880400000,6.932e-05,7.177e-05,6.801e-05,7.017e-05,58551420041.68
1654884000000,7.011e-05,7.085e-05,6.953e-05,7.041e-05,36653843845.32
1654887600000,7.039e-05,7.199e-05,6.976e-05,7.093e-05,38815181435.66
1654891200000,7.093e-05,7.402e-05,7.088e-05,7.201e-05,61775102449.7
1654894800000,7.2e-05,7.34e-05,7.092e-05,7.154e-05,30477323613.76
1654898400000,7.154e-05,7.265e-05,7.13e-05,7.194e-05,21551180846.74
1654902000000,7.189e-05,7.245e-05,6.891e-05,7.07e-05,35045980259.68
1654905600000,7.07e-05,7.172e-05,6.958e-05,7.142e-05,23448452629.43
1654909200000,7.142e-05,7.24e-05,7.111e-05,7.221e-05,16618884480.15
1654912800000,7.222e-05,7.3e-05,7.17e-05,7.21e-05,24444373220.45
1654916400000,7.207e-05,7.254e-05,7.172e-05,7.226e-05,9929447025.78
1654920000000,7.226e-05,7.644e-05,7.175e-05,7.42e-05,47216056534.15
1654923600000,7.419e-05,7.52e-05,7.288e-05,7.312e-05,41571761298.78
1654927200000,7.312e-05,7.363e-05,7.25e-05,7.309e-05,25837098279.97
1654930800000,7.311e-05,7.355e-05,7.24e-05,7.274e-05,21481316240.05
1654934400000,7.273e-05,7.289e-05,7.028e-05,7.069e-05,37785487262.92
1654938000000,7.069e-05,7.19e-05,6.95e-05,7.119e-05,41526781389.69
1654941600000,7.118e-05,7.159e-05,6.98e-05,7.061e-05,24042807401.58
1654945200000,7.061e-05,7.062e-05,6.666e-05,6.817e-05,69166978131.09
1654948800000,6.819e-05,7.053e-05,6.7e-05,6.706e-05,60391190864.9
1654952400000,6.707e-05,6.945e-05,6.411e-05,6.868e-05,93919701811.77
1654956000000,6.868e-05,6.968e-05,6.7e-05,6.712e-05,63673782472.68
1654959600000,6.712e-05,6.845e-05,6.532e-05,6.688e-05,63728275560.7
1654963200000,6.687e-05,6.8e-05,6.51e-05,6.675e-05,58925940170.3
1654966800000,6.675e-05,6.848e-05,6.66e-05,6.804e-05,43470797236.95
1654970400000,6.802e-05,6.888e-05,6.72e-05,6.886e-05,33193778476.54
1654974000000,6.887e-05,7.4e-05,6.815e-05,7.226e-05,92694202510.27
1654977600000,7.225e-05,7.244e-05,6.96e-05,7.075e-05,62681724362.53
1654981200000,7.075e-05,7.275e-05,7.013e-05,7.108e-05,36159747304.0
1654984800000,7.108e-05,7.154e-05,7.05e-05,7.082e-05,25467538091.4
1654988400000,7.085e-05,7.104e-05,6.8e-05,6.972e-05,43655034773.09
1654992000000,6.973e-05,7.09e-05,6.864e-05,6.927e-05,31432027408.37
1654995600000,6.926e-05,6.936e-05,6.759e-05,6.784e-05,24165981671.76
1654999200000,6.785e-05,6.8e-05,6.5e-05,6.576e-05,61658166499.69
1655002800000,6.578e-05,6.754e-05,6.517e-05,6.689e-05,30828704695.45
1655006400000,6.685e-05,6.739e-05,6.564e-05,6.577e-05,24324265904.73
1655010000000,6.576e-05,6.723e-05,6.554e-05,6.684e-05,32411858460.54
1655013600000,6.688e-05,6.898e-05,6.682e-05,6.77e-05,31878469948.83
1655017200000,6.768e-05,6.832e-05,6.671e-05,6.815e-05,23448894982.99
1655020800000,6.811e-05,6.85e-05,6.733e-05,6.799e-05,26687262242.8
1655024400000,6.792e-05,6.849e-05,6.7e-05,6.708e-05,20614051320.7
1655028000000,6.708e-05,6.75e-05,6.666e-05,6.685e-05,23577793185.63
1655031600000,6.683e-05,6.724e-05,6.639e-05,6.713e-05,20721716852.37
1655035200000,6.712e-05,6.801e-05,6.69e-05,6.737e-05,23779792960.46
1655038800000,6.737e-05,7.3e-05,6.737e-05,7.023e-05,143490381277.35
1655042400000,7.023e-05,7.3e-05,6.888e-05,7.136e-05,109653494441.43
1655046000000,7.138e-05,7.4e-05,7e-05,7.03e-05,104693081603.94
1655049600000,7.03e-05,7.6e-05,7.028e-05,7.277e-05,177395362600.8
1655053200000,7.275e-05,7.342e-05,7.246e-05,7.294e-05,41759020888.07
1655056800000,7.294e-05,7.3e-05,7.1e-05,7.112e-05,38142347275.84
1655060400000,7.113e-05,7.159e-05,7.008e-05,7.093e-05,33203058659.3
1655064000000,7.088e-05,7.25e-05,7.04e-05,7.107e-05,35549957353.92
1655067600000,7.107e-05,7.21e-05,7.09e-05,7.1e-05,22009658617.1
1655071200000,7.099e-05,7.101e-05,6.8e-05,6.823e-05,56727575760.82
1655074800000,6.824e-05,7.087e-05,6.788e-05,6.915e-05,39410652224.46
1655078400000,6.93e-05,6.982e-05,6.728e-05,6.78e-05,46790431496.52
1655082000000,6.783e-05,6.949e-05,6.6e-05,6.928e-05,58711851098.09
1655085600000,6.928e-05,7.124e-05,6.863e-05,6.913e-05,44972537121.16
1655089200000,6.913e-05,6.982e-05,6.7e-05,6.88e-05,53165422671.74
1655092800000,6.878e-05,7.04e-05,6.815e-05,6.865e-05,29925162932.11
1655096400000,6.864e-05,6.95e-05,6.8e-05,6.822e-05,25938657385.27
1655100000000,6.822e-05,6.898e-05,6.778e-05,6.856e-05,31089766401.92
1655103600000,6.852e-05,6.9e-05,6.7e-05,6.711e-05,35439225562.01
1655107200000,6.711e-05,6.739e-05,5.86e-05,5.979e-05,159166238899.0
1655110800000,5.973e-05,6.126e-05,5.5e-05,5.918e-05,162910386121.96
1655114400000,5.919e-05,6.136e-05,5.873e-05,5.949e-05,77069243830.75
1655118000000,5.946e-05,6.055e-05,5.758e-05,5.871e-05,58790519308.41
1655121600000,5.875e-05,6.134e-05,5.873e-05,5.921e-05,55641661380.83
1655125200000,5.921e-05,6.068e-05,5.87e-05,6.053e-05,48804215112.72
1655128800000,6.051e-05,6.053e-05,5.87e-05,5.958e-05,45307389387.0
1655132400000,5.958e-05,6.538e-05,5.931e-05,6.32e-05,85398499867.19
1655136000000,6.321e-05,6.6e-05,6.222e-05,6.327e-05,90251019931.63
1655139600000,6.324e-05,6.375e-05,6.18e-05,6.308e-05,38556071386.56
1655143200000,6.307e-05,6.407e-05,6.282e-05,6.311e-05,30101213852.69
1655146800000,6.313e-05,6.328e-05,6.266e-05,6.313e-05,20008623597.11
1655150400000,6.313e-05,6.412e-05,6.2e-05,6.213e-05,31772030085.69
1655154000000,6.213e-05,6.234e-05,6.072e-05,6.129e-05,31919735436.73
1655157600000,6.129e-05,6.178e-05,6.048e-05,6.07e-05,18729548642.44
1655161200000,6.068e-05,6.091e-05,5.806e-05,6.025e-05,46962772798.04
1655164800000,6.025e-05,6.075e-05,5.83e-05,5.838e-05,31380162172.32
1655168400000,5.838e-05,5.893e-05,5.506e-05,5.548e-05,60224145165.53
1655172000000,5.555e-05,5.85e-05,5.53e-05,5.804e-05,46213194691.42
1655175600000,5.806e-05,6.077e-05,5.76e-05,6.01e-05,45180055657.59
1655179200000,6.012e-05,6.11e-05,5.821e-05,5.947e-05,38083980532.41
1655182800000,5.948e-05,6.19e-05,5.915e-05,6.141e-05,54348150302.4
1655186400000,6.141e-05,6.28e-05,6.077e-05,6.194e-05,40508245958.26
1655190000000,6.198e-05,6.275e-05,6.06e-05,6.264e-05,43948403855.1
1655193600000,6.263e-05,6.288e-05,6.2e-05,6.231e-05,36684379084.3
1655197200000,6.23e-05,6.295e-05,6.141e-05,6.146e-05,33027900844.51
1655200800000,6.146e-05,6.192e-05,5.929e-05,5.959e-05,34634506449.13
1655204400000,5.959e-05,6.069e-05,5.898e-05,5.99e-05,34904730579.13
1655208000000,5.99e-05,6.122e-05,5.944e-05,6.027e-05,39035416274.61
1655211600000,6.027e-05,6.19e-05,6.025e-05,6.144e-05,31337477895.29
1655215200000,6.143e-05,6.148e-05,6.05e-05,6.137e-05,26085660098.86
1655218800000,6.138e-05,6.188e-05,6.068e-05,6.15e-05,35940130146.18
1655222400000,6.149e-05,6.169e-05,6.031e-05,6.058e-05,26158958426.47
1655226000000,6.058e-05,6.118e-05,5.952e-05,6.029e-05,26717775121.65
1655229600000,6.028e-05,6.048e-05,5.95e-05,5.982e-05,16779002441.21
1655233200000,5.979e-05,5.981e-05,5.888e-05,5.939e-05,21284128292.92
1655236800000,5.94e-05,5.947e-05,5.8e-05,5.872e-05,28482342724.08
1655240400000,5.871e-05,5.89e-05,5.666e-05,5.729e-05,33366063067.6
1655244000000,5.729e-05,6.098e-05,5.729e-05,6.019e-05,28526288962.97
1655247600000,6.019e-05,6.087e-05,5.964e-05,6.043e-05,25515988578.45
1655251200000,6.044e-05,6.064e-05,5.978e-05,6.004e-05,16242948817.2
1655254800000,6.004e-05,6.066e-05,5.962e-05,6.027e-05,19225028751.0
1655258400000,6.027e-05,6.045e-05,6e-05,6.002e-05,12388756225.87
1655262000000,6.005e-05,6.012e-05,5.831e-05,5.89e-05,24607121703.29
1655265600000,5.89e-05,5.911e-05,5.726e-05,5.868e-05,33480426085.29
1655269200000,5.871e-05,5.897e-05,5.711e-05,5.794e-05,29661803626.28
1655272800000,5.799e-05,5.904e-05,5.752e-05,5.871e-05,28211544577.47
1655276400000,5.871e-05,5.885e-05,5.739e-05,5.739e-05,23635130648.26
1655280000000,5.739e-05,5.77e-05,5.532e-05,5.573e-05,62845855414.01
1655283600000,5.57e-05,5.67e-05,5.3e-05,5.531e-05,63493681814.47
1655287200000,5.54e-05,5.821e-05,5.48e-05,5.716e-05,53679997868.93
1655290800000,5.717e-05,5.842e-05,5.65e-05,5.785e-05,35283577897.84
1655294400000,5.784e-05,5.83e-05,5.726e-05,5.762e-05,25576023074.57
1655298000000,5.761e-05,5.999e-05,5.751e-05,5.929e-05,38703258276.04
1655301600000,5.93e-05,5.988e-05,5.765e-05,5.791e-05,34789682392.63
1655305200000,5.791e-05,5.86e-05,5.664e-05,5.791e-05,31398871869.35
1655308800000,5.791e-05,5.842e-05,5.594e-05,5.626e-05,38695243526.49
1655312400000,5.618e-05,5.794e-05,5.55e-05,5.78e-05,39897695871.82
1655316000000,5.78e-05,6.07e-05,5.517e-05,5.875e-05,94981748186.17
1655319600000,5.877e-05,6.235e-05,5.874e-05,5.975e-05,78466057901.1
1655323200000,5.975e-05,6.1e-05,5.93e-05,6.029e-05,33412839112.75
1655326800000,6.029e-05,6.185e-05,5.996e-05,6.172e-05,28310590731.73
1655330400000,6.173e-05,6.196e-05,6.03e-05,6.04e-05,30254222043.11
1655334000000,6.038e-05,6.209e-05,6.038e-05,6.171e-05,23430363438.94
1655337600000,6.173e-05,6.4e-05,6.173e-05,6.314e-05,48554944277.7
1655341200000,6.312e-05,6.429e-05,6.125e-05,6.161e-05,39603715719.93
1655344800000,6.151e-05,6.246e-05,6.06e-05,6.146e-05,30403011527.64
1655348400000,6.15e-05,6.18e-05,6.04e-05,6.051e-05,18553693193.38
1655352000000,6.051e-05,6.143e-05,6.038e-05,6.06e-05,15091417877.11
1655355600000,6.062e-05,6.14e-05,5.964e-05,5.977e-05,27045495380.43
1655359200000,5.98e-05,6.04e-05,5.973e-05,5.996e-05,21363097099.28
1655362800000,6.002e-05,6.035e-05,5.95e-05,5.981e-05,19182683254.01
1655366400000,5.979e-05,6.048e-05,5.918e-05,6.001e-05,20970016509.08
1655370000000,6.001e-05,6.004e-05,5.865e-05,5.946e-05,25717118477.93
1655373600000,5.945e-05,5.947e-05,5.722e-05,5.844e-05,42105797085.7
1655377200000,5.849e-05,5.92e-05,5.8e-05,5.823e-05,24179580617.52
1655380800000,5.822e-05,5.985e-05,5.803e-05,5.913e-05,28545214787.87
1655384400000,5.913e-05,5.948e-05,5.807e-05,5.807e-05,23210645059.02
1655388000000,5.808e-05,5.9e-05,5.78e-05,5.841e-05,22673309573.13
1655391600000,5.842e-05,5.927e-05,5.841e-05,5.883e-05,18076325000.42
1655395200000,5.888e-05,6.1e-05,5.87e-05,5.985e-05,38695137906.0
1655398800000,5.987e-05,6.031e-05,5.944e-05,5.945e-05,17862093575.69
1655402400000,5.945e-05,5.993e-05,5.941e-05,5.957e-05,12628321658.75
1655406000000,5.956e-05,5.976e-05,5.864e-05,5.881e-05,18018281796.53
1655409600000,5.885e-05,5.94e-05,5.8e-05,5.861e-05,20461158699.25
1655413200000,5.86e-05,5.905e-05,5.837e-05,5.862e-05,7700709296.57
1655416800000,5.865e-05,5.865e-05,5.75e-05,5.754e-05,15893411372.4
1655420400000,5.754e-05,5.82e-05,5.706e-05,5.808e-05,17314577425.21
1655424000000,5.801e-05,5.878e-05,5.771e-05,5.817e-05,15104493585.67
1655427600000,5.818e-05,5.899e-05,5.81e-05,5.892e-05,13235689964.54
1655431200000,5.892e-05,5.92e-05,5.83e-05,5.848e-05,12724564527.83
1655434800000,5.848e-05,5.856e-05,5.76e-05,5.782e-05,10369008382.0
1655438400000,5.782e-05,5.85e-05,5.762e-05,5.815e-05,9924709064.81
1655442000000,5.815e-05,5.912e-05,5.807e-05,5.879e-05,12059560318.22
1655445600000,5.88e-05,5.919e-05,5.83e-05,5.883e-05,15402162425.65
1655449200000,5.883e-05,5.927e-05,5.86e-05,5.909e-05,14505530595.79
1655452800000,5.909e-05,5.95e-05,5.877e-05,5.88e-05,20618758733.98
1655456400000,5.88e-05,5.91e-05,5.83e-05,5.851e-05,16045854686.95
1655460000000,5.851e-05,5.91e-05,5.85e-05,5.89e-05,10891232499.18
1655463600000,5.888e-05,5.909e-05,5.87e-05,5.879e-05,10750411543.44
1655467200000,5.879e-05,5.894e-05,5.79e-05,5.82e-05,19273060278.79
1655470800000,5.819e-05,5.9e-05,5.797e-05,5.872e-05,17093876595.38
1655474400000,5.872e-05,5.89e-05,5.83e-05,5.847e-05,15438504011.01
1655478000000,5.846e-05,5.874e-05,5.835e-05,5.856e-05,10090685987.86
1655481600000,5.855e-05,5.89e-05,5.807e-05,5.865e-05,16376634640.22
1655485200000,5.865e-05,5.87e-05,5.85e-05,5.853e-05,8307658779.1
1655488800000,5.854e-05,5.88e-05,5.853e-05,5.88e-05,6248177501.79
1655492400000,5.88e-05,5.88e-05,5.86e-05,5.866e-05,7042093045.78
1655496000000,5.866e-05,5.885e-05,5.86e-05,5.873e-05,7175594065.89
1655499600000,5.872e-05,5.89e-05,5.872e-05,5.888e-05,6484044996.73
1655503200000,5.887e-05,5.92e-05,5.84e-05,5.864e-05,11799314583.29
1655506800000,5.866e-05,5.899e-05,5.852e-05,5.854e-05,6180842991.08
1655510400000,5.854e-05,5.906e-05,5.854e-05,5.89e-05,10355008196.27
1655514000000,5.891e-05,5.895e-05,5.851e-05,5.855e-05,5563340076.72
1655517600000,5.854e-05,5.857e-05,5.83e-05,5.834e-05,5793209823.44
1655521200000,5.834e-05,5.9e-05,5.832e-05,5.868e-05,8360032575.98
1655524800000,5.869e-05,5.88e-05,5.86e-05,5.875e-05,3697131732.29
1655528400000,5.871e-05,5.877e-05,5.84e-05,5.85e-05,4783362606.08
1655532000000,5.849e-05,5.853e-05,5.47e-05,5.561e-05,33645187417.99
1655535600000,5.562e-05,5.687e-05,5.326e-05,5.484e-05,61131449458.49
1655539200000,5.485e-05,5.529e-05,5.314e-05,5.414e-05,49161262678.03
1655542800000,5.42e-05,5.511e-05,5.38e-05,5.483e-05,27058676635.14
1655546400000,5.483e-05,5.585e-05,5.48e-05,5.533e-05,23176532394.93
1655550000000,5.532e-05,5.533e-05,5.49e-05,5.499e-05,14840031346.59
1655553600000,5.499e-05,5.503e-05,5.426e-05,5.46e-05,17586485194.14
1655557200000,5.46e-05,5.48e-05,5.42e-05,5.478e-05,15343888608.33
1655560800000,5.478e-05,5.5e-05,5.441e-05,5.446e-05,12992405282.46
1655564400000,5.446e-05,5.537e-05,5.382e-05,5.446e-05,23363627867.06
1655568000000,5.447e-05,5.51e-05,5.418e-05,5.428e-05,18353017129.34
1655571600000,5.429e-05,5.455e-05,5.25e-05,5.276e-05,39233769124.95
1655575200000,5.276e-05,5.459e-05,5.178e-05,5.32e-05,57415728523.3
1655578800000,5.32e-05,5.338e-05,5.207e-05,5.252e-05,32007626773.89
1655582400000,5.252e-05,5.5e-05,5.15e-05,5.348e-05,66612771232.07
1655586000000,5.349e-05,5.596e-05,5.341e-05,5.494e-05,37877151524.98
1655589600000,5.494e-05,5.711e-05,5.49e-05,5.649e-05,29245499531.6
1655593200000,5.651e-05,5.7e-05,5.503e-05,5.503e-05,16684075426.43
1655596800000,5.502e-05,5.59e-05,5.486e-05,5.505e-05,15739025856.71
1655600400000,5.505e-05,5.515e-05,5.4e-05,5.454e-05,12022973959.44
1655604000000,5.446e-05,5.465e-05,5.402e-05,5.441e-05,11328695446.85
1655607600000,5.441e-05,5.512e-05,5.41e-05,5.415e-05,9436777091.73
1655611200000,5.416e-05,5.469e-05,5.385e-05,5.406e-05,9852398716.73
1655614800000,5.408e-05,5.416e-05,5.324e-05,5.33e-05,14016771698.71
1655618400000,5.33e-05,5.369e-05,5.312e-05,5.337e-05,16917094732.24
1655622000000,5.338e-05,5.4e-05,5.336e-05,5.379e-05,13909351344.44
1655625600000,5.379e-05,5.443e-05,5.35e-05,5.422e-05,15102458015.36
1655629200000,5.423e-05,5.517e-05,5.419e-05,5.439e-05,22981244245.18
1655632800000,5.439e-05,5.649e-05,5.43e-05,5.626e-05,36004900085.6
1655636400000,5.626e-05,5.634e-05,5.551e-05,5.576e-05,22279077091.12
1655640000000,5.576e-05,5.808e-05,5.574e-05,5.632e-05,49101111286.85
1655643600000,5.633e-05,5.659e-05,5.55e-05,5.555e-05,22207653534.67
1655647200000,5.553e-05,5.626e-05,5.533e-05,5.616e-05,13781797517.14
1655650800000,5.618e-05,5.743e-05,5.572e-05,5.718e-05,30226706939.99
1655654400000,5.718e-05,5.718e-05,5.607e-05,5.631e-05,23099401108.86
1655658000000,5.633e-05,5.69e-05,5.631e-05,5.668e-05,11602364610.84
1655661600000,5.667e-05,5.78e-05,5.653e-05,5.775e-05,16538998680.22
1655665200000,5.778e-05,6.373e-05,5.71e-05,6.302e-05,106530594686.52
1655668800000,6.301e-05,6.376e-05,6.07e-05,6.183e-05,89666144061.55
1655672400000,6.183e-05,6.184e-05,5.964e-05,6.033e-05,37281322309.42
1655676000000,6.034e-05,6.138e-05,5.96e-05,6.023e-05,27935320423.95
1655679600000,6.023e-05,6.13e-05,5.963e-05,6.106e-05,16266518325.99
1655683200000,6.106e-05,6.22e-05,5.67e-05,5.69e-05,47797484399.87
1655686800000,5.697e-05,5.792e-05,5.685e-05,5.754e-05,18122107987.02
1655690400000,5.753e-05,5.878e-05,5.7e-05,5.744e-05,13563322370.86
1655694000000,5.744e-05,5.9e-05,5.71e-05,5.808e-05,22949952593.59
1655697600000,5.808e-05,5.955e-05,5.735e-05,5.75e-05,16476970827.32
1655701200000,5.751e-05,5.849e-05,5.716e-05,5.781e-05,18973470253.4
1655704800000,5.782e-05,5.838e-05,5.758e-05,5.831e-05,10870169461.76
1655708400000,5.831e-05,5.834e-05,5.701e-05,5.745e-05,16397104101.38
1655712000000,5.744e-05,5.865e-05,5.712e-05,5.844e-05,24184931356.14
1655715600000,5.844e-05,6.073e-05,5.841e-05,5.914e-05,39415624937.7
1655719200000,5.916e-05,6.04e-05,5.85e-05,6.002e-05,28445821729.48
1655722800000,5.999e-05,6.019e-05,5.914e-05,5.943e-05,20884586071.59
1655726400000,5.943e-05,5.947e-05,5.63e-05,5.797e-05,43956526844.22
1655730000000,5.796e-05,5.85e-05,5.742e-05,5.766e-05,19039020764.14
1655733600000,5.766e-05,5.917e-05,5.763e-05,5.898e-05,19202112330.91
1655737200000,5.898e-05,5.933e-05,5.834e-05,5.898e-05,23571999493.21
1655740800000,5.899e-05,5.93e-05,5.779e-05,5.804e-05,18548924143.2
1655744400000,5.8e-05,5.845e-05,5.75e-05,5.76e-05,17070304833.17
1655748000000,5.76e-05,5.782e-05,5.715e-05,5.757e-05,21365952266.99
1655751600000,5.757e-05,5.81e-05,5.7e-05,5.787e-05,14875381962.94
1655755200000,5.788e-05,5.842e-05,5.767e-05,5.828e-05,12011938331.71
1655758800000,5.828e-05,5.86e-05,5.752e-05,5.784e-05,12321780114.24
1655762400000,5.784e-05,5.795e-05,5.738e-05,5.782e-05,7044193543.45
1655766000000,5.779e-05,5.8e-05,5.744e-05,5.783e-05,6845717540.07
1655769600000,5.784e-05,6.027e-05,5.76e-05,6.012e-05,33107576873.78
1655773200000,6.012e-05,6.03e-05,5.89e-05,5.935e-05,16339018830.4
1655776800000,5.935e-05,5.936e-05,5.783e-05,5.835e-05,17889059891.02
1655780400000,5.835e-05,5.884e-05,5.826e-05,5.874e-05,9161419461.97
1655784000000,5.874e-05,5.92e-05,5.851e-05,5.904e-05,9822508446.08
1655787600000,5.903e-05,5.936e-05,5.889e-05,5.9e-05,13901405932.77
1655791200000,5.901e-05,5.994e-05,5.899e-05,5.951e-05,21200554497.84
1655794800000,5.951e-05,5.969e-05,5.874e-05,5.91e-05,16966265584.83
1655798400000,5.906e-05,6.001e-05,5.895e-05,5.99e-05,20507980283.21
1655802000000,5.996e-05,6.05e-05,5.92e-05,5.949e-05,29458559448.56
1655805600000,5.949e-05,5.995e-05,5.91e-05,5.973e-05,17228440286.1
1655809200000,5.973e-05,6.09e-05,5.929e-05,5.935e-05,38735262405.79
1655812800000,5.935e-05,5.976e-05,5.882e-05,5.951e-05,18413831562.13
1655816400000,5.95e-05,6.014e-05,5.9e-05,6.007e-05,25229816144.05
1655820000000,6.006e-05,6.044e-05,5.96e-05,6.006e-05,26278298456.84
1655823600000,6.006e-05,6.127e-05,5.987e-05,6.063e-05,33012247444.58
1655827200000,6.067e-05,6.166e-05,6.033e-05,6.139e-05,38361831778.97
1655830800000,6.14e-05,6.145e-05,6.02e-05,6.046e-05,24909454145.16
1655834400000,6.048e-05,6.089e-05,5.98e-05,5.995e-05,17832254909.58
1655838000000,5.996e-05,6.048e-05,5.901e-05,5.916e-05,22850493417.49
1655841600000,5.916e-05,5.96e-05,5.862e-05,5.924e-05,24703746380.96
1655845200000,5.924e-05,5.98e-05,5.895e-05,5.962e-05,8865868859.74
1655848800000,5.96e-05,5.974e-05,5.917e-05,5.952e-05,6835796558.69
1655852400000,5.953e-05,5.957e-05,5.754e-05,5.791e-05,24561574588.89
1655856000000,5.794e-05,5.799e-05,5.706e-05,5.765e-05,18794774061.37
1655859600000,5.767e-05,5.795e-05,5.725e-05,5.73e-05,8127331656.83
1655863200000,5.73e-05,5.781e-05,5.7e-05,5.771e-05,10112311685.94
1655866800000,5.771e-05,5.811e-05,5.723e-05,5.731e-05,8589681971.84
1655870400000,5.727e-05,5.79e-05,5.722e-05,5.78e-05,6799841540.48
1655874000000,5.779e-05,5.8e-05,5.763e-05,5.771e-05,6599957993.79
1655877600000,5.771e-05,5.773e-05,5.67e-05,5.682e-05,15448101327.71
1655881200000,5.682e-05,5.736e-05,5.646e-05,5.655e-05,14650775973.0
1655884800000,5.651e-05,5.726e-05,5.624e-05,5.715e-05,12716318360.27
1655888400000,5.714e-05,5.748e-05,5.702e-05,5.736e-05,9598585664.29
1655892000000,5.736e-05,5.765e-05,5.729e-05,5.743e-05,8890871744.91
1655895600000,5.743e-05,5.772e-05,5.712e-05,5.76e-05,10259410161.74
1655899200000,5.761e-05,5.767e-05,5.683e-05,5.719e-05,11652559249.39
1655902800000,5.719e-05,5.779e-05,5.7e-05,5.774e-05,11125329333.68
1655906400000,5.773e-05,5.825e-05,5.745e-05,5.769e-05,17919557110.38
1655910000000,5.769e-05,5.789e-05,5.7e-05,5.71e-05,13905365100.62
1655913600000,5.71e-05,5.741e-05,5.658e-05,5.726e-05,15991331893.26
1655917200000,5.729e-05,5.729e-05,5.695e-05,5.711e-05,6818945745.66
1655920800000,5.712e-05,5.736e-05,5.701e-05,5.722e-05,5201349793.59
1655924400000,5.723e-05,5.723e-05,5.663e-05,5.698e-05,7666491979.0
1655928000000,5.697e-05,5.71e-05,5.651e-05,5.652e-05,9486775648.39
1655931600000,5.651e-05,5.68e-05,5.634e-05,5.676e-05,8271961356.23
1655935200000,5.675e-05,5.706e-05,5.664e-05,5.702e-05,5350145611.17
1655938800000,5.701e-05,5.719e-05,5.636e-05,5.642e-05,4743961079.98
1655942400000,5.642e-05,5.728e-05,5.63e-05,5.717e-05,7121557853.92
1655946000000,5.718e-05,5.75e-05,5.687e-05,5.725e-05,7548343207.45
1655949600000,5.725e-05,5.735e-05,5.679e-05,5.702e-05,6111071923.28
1655953200000,5.703e-05,5.716e-05,5.67e-05,5.709e-05,4894396080.2
1655956800000,5.709e-05,5.723e-05,5.694e-05,5.714e-05,4660562776.79
1655960400000,5.714e-05,5.745e-05,5.71e-05,5.734e-05,6880222607.63
1655964000000,5.734e-05,5.807e-05,5.725e-05,5.773e-05,11447101422.96
1655967600000,5.771e-05,5.805e-05,5.739e-05,5.748e-05,9199897225.62
1655971200000,5.748e-05,5.783e-05,5.731e-05,5.75e-05,6329651662.11
1655974800000,5.749e-05,5.76e-05,5.715e-05,5.749e-05,6904148914.4
1655978400000,5.75e-05,5.775e-05,5.72e-05,5.764e-05,9550219298.4
1655982000000,5.764e-05,5.775e-05,5.721e-05,5.734e-05,7794505174.41
1655985600000,5.733e-05,5.76e-05,5.712e-05,5.73e-05,9633304634.38
1655989200000,5.73e-05,5.741e-05,5.704e-05,5.708e-05,9874429743.97
1655992800000,5.709e-05,5.733e-05,5.69e-05,5.732e-05,8001066894.49
1655996400000,5.731e-05,5.737e-05,5.651e-05,5.683e-05,12285757920.5
1656000000000,5.684e-05,5.749e-05,5.67e-05,5.742e-05,8557014971.39
1656003600000,5.742e-05,5.744e-05,5.685e-05,5.695e-05,6477668319.6
1656007200000,5.695e-05,5.72e-05,5.694e-05,5.7e-05,5158260068.52
1656010800000,5.7e-05,5.733e-05,5.69e-05,5.732e-05,7793181823.49
1656014400000,5.733e-05,5.754e-05,5.721e-05,5.742e-05,11676905878.55
1656018000000,5.741e-05,5.742e-05,5.704e-05,5.711e-05,5688459833.68
1656021600000,5.711e-05,5.774e-05,5.71e-05,5.745e-05,10256865027.42
1656025200000,5.745e-05,5.78e-05,5.74e-05,5.765e-05,8390610700.75
1656028800000,5.765e-05,5.773e-05,5.736e-05,5.754e-05,7535411303.68
1656032400000,5.754e-05,5.769e-05,5.741e-05,5.76e-05,5987919719.1
1656036000000,5.761e-05,5.821e-05,5.753e-05,5.785e-05,10989400165.2
1656039600000,5.785e-05,5.821e-05,5.766e-05,5.766e-05,7242152356.37
1656043200000,5.766e-05,5.78e-05,5.738e-05,5.744e-05,8243550521.46
1656046800000,5.743e-05,5.762e-05,5.73e-05,5.73e-05,7499053325.55
1656050400000,5.733e-05,5.74e-05,5.715e-05,5.718e-05,7819869170.72
1656054000000,5.717e-05,5.757e-05,5.714e-05,5.737e-05,8769832119.35
1656057600000,5.735e-05,5.766e-05,5.732e-05,5.764e-05,6666482150.58
1656061200000,5.763e-05,5.765e-05,5.731e-05,5.733e-05,6363934679.86
1656064800000,5.733e-05,5.849e-05,5.733e-05,5.822e-05,18445143348.82
1656068400000,5.822e-05,6e-05,5.82e-05,5.907e-05,44208053322.32
1656072000000,5.91e-05,5.936e-05,5.842e-05,5.864e-05,17003684164.19
1656075600000,5.867e-05,5.926e-05,5.839e-05,5.87e-05,14221163454.83
1656079200000,5.871e-05,5.9e-05,5.844e-05,5.859e-05,10222855040.2
1656082800000,5.856e-05,5.861e-05,5.81e-05,5.822e-05,11382695502.23
1656086400000,5.822e-05,5.87e-05,5.815e-05,5.866e-05,11279846037.78
1656090000000,5.866e-05,5.881e-05,5.848e-05,5.854e-05,9986153007.78
1656093600000,5.855e-05,5.916e-05,5.845e-05,5.884e-05,9210536003.45
1656097200000,5.884e-05,5.896e-05,5.853e-05,5.895e-05,7320377992.38
1656100800000,5.894e-05,5.924e-05,5.885e-05,5.89e-05,8790259463.77
1656104400000,5.891e-05,5.95e-05,5.89e-05,5.95e-05,8024475914.4
1656108000000,5.95e-05,6.024e-05,5.926e-05,5.941e-05,20452575971.42
1656111600000,5.941e-05,5.956e-05,5.884e-05,5.886e-05,8106797070.17
1656115200000,5.885e-05,5.899e-05,5.85e-05,5.856e-05,9356174890.84
1656118800000,5.855e-05,5.88e-05,5.85e-05,5.878e-05,6334547986.49
1656122400000,5.878e-05,5.88e-05,5.842e-05,5.848e-05,4310500063.78
1656126000000,5.848e-05,5.94e-05,5.844e-05,5.915e-05,8579796314.2
1656129600000,5.912e-05,5.912e-05,5.861e-05,5.863e-05,5981287004.95
1656133200000,5.863e-05,5.89e-05,5.861e-05,5.862e-05,6308758098.13
1656136800000,5.862e-05,5.898e-05,5.836e-05,5.869e-05,8363913770.54
1656140400000,5.869e-05,5.932e-05,5.859e-05,5.899e-05,11400469109.67
1656144000000,5.898e-05,5.929e-05,5.884e-05,5.903e-05,11456915482.05
1656147600000,5.901e-05,5.928e-05,5.896e-05,5.926e-05,7124476657.61
1656151200000,5.926e-05,5.97e-05,5.907e-05,5.951e-05,12269917468.8
1656154800000,5.952e-05,5.953e-05,5.89e-05,5.896e-05,9457309821.26
1656158400000,5.895e-05,5.912e-05,5.801e-05,5.82e-05,20104752591.08
1656162000000,5.819e-05,5.855e-05,5.807e-05,5.826e-05,10342547498.7
1656165600000,5.826e-05,5.857e-05,5.815e-05,5.853e-05,8911620336.32
1656169200000,5.853e-05,5.867e-05,5.807e-05,5.81e-05,9460018002.34
1656172800000,5.81e-05,5.826e-05,5.801e-05,5.814e-05,6817578200.95
1656176400000,5.813e-05,5.842e-05,5.802e-05,5.839e-05,6543284151.34
1656180000000,5.838e-05,5.885e-05,5.836e-05,5.868e-05,7236956004.18
1656183600000,5.868e-05,5.872e-05,5.84e-05,5.851e-05,4673152876.36
1656187200000,5.851e-05,5.855e-05,5.83e-05,5.837e-05,5575477248.27
1656190800000,5.835e-05,5.881e-05,5.831e-05,5.855e-05,10437812851.27
1656194400000,5.857e-05,5.877e-05,5.825e-05,5.843e-05,9700324041.22
1656198000000,5.843e-05,5.876e-05,5.837e-05,5.862e-05,6880512502.29
1656201600000,5.861e-05,5.98e-05,5.856e-05,5.952e-05,16949710686.52
1656205200000,5.952e-05,5.959e-05,5.85e-05,5.891e-05,11296156734.39
1656208800000,5.892e-05,5.896e-05,5.862e-05,5.882e-05,5382182506.57
1656212400000,5.881e-05,5.962e-05,5.88e-05,5.919e-05,7190498198.78
1656216000000,5.921e-05,5.925e-05,5.9e-05,5.917e-05,6450565792.22
1656219600000,5.917e-05,5.92e-05,5.895e-05,5.903e-05,5535856368.29
1656223200000,5.903e-05,5.926e-05,5.85e-05,5.914e-05,6836494560.25
1656226800000,5.914e-05,5.915e-05,5.88e-05,5.885e-05,5232927900.28
1656230400000,5.887e-05,5.924e-05,5.88e-05,5.902e-05,5952770513.9
1656234000000,5.903e-05,5.91e-05,5.885e-05,5.896e-05,5121646545.98
1656237600000,5.897e-05,5.899e-05,5.874e-05,5.88e-05,7466270885.96
1656241200000,5.881e-05,5.925e-05,5.876e-05,5.913e-05,8770283052.78
1656244800000,5.913e-05,5.93e-05,5.883e-05,5.891e-05,14875468566.8
1656248400000,5.892e-05,5.9e-05,5.854e-05,5.873e-05,9764642028.44
1656252000000,5.873e-05,5.903e-05,5.86e-05,5.881e-05,7919645609.88
1656255600000,5.883e-05,5.888e-05,5.837e-05,5.874e-05,10621751240.06
1656259200000,5.874e-05,5.875e-05,5.837e-05,5.856e-05,10847861628.79
1656262800000,5.856e-05,5.91e-05,5.816e-05,5.909e-05,17056424624.5
1656266400000,5.91e-05,6.9e-05,5.904e-05,6.708e-05,237353253266.23
1656270000000,6.703e-05,6.85e-05,6.368e-05,6.486e-05,157804284769.92
1656273600000,6.491e-05,6.567e-05,6.31e-05,6.387e-05,61301758036.85
1656277200000,6.387e-05,6.495e-05,6.227e-05,6.431e-05,43242959239.67
1656280800000,6.434e-05,6.74e-05,6.3e-05,6.438e-05,60727208200.6
1656284400000,6.441e-05,6.654e-05,6.367e-05,6.575e-05,41054693710.25
1656288000000,6.575e-05,6.762e-05,6.377e-05,6.696e-05,55220753688.27
1656291600000,6.695e-05,7.598e-05,6.526e-05,7.213e-05,156912280135.34
1656295200000,7.211e-05,7.96e-05,7.064e-05,7.689e-05,140468443269.8
1656298800000,7.688e-05,7.893e-05,7.354e-05,7.369e-05,92997756021.55
1656302400000,7.368e-05,7.453e-05,7.134e-05,7.361e-05,59657237257.83
1656306000000,7.36e-05,7.559e-05,7.241e-05,7.29e-05,51777159731.88
1656309600000,7.287e-05,7.777e-05,7.282e-05,7.437e-05,72918993146.4
1656313200000,7.438e-05,7.722e-05,7.427e-05,7.605e-05,56619344328.67
1656316800000,7.605e-05,7.606e-05,7.423e-05,7.5e-05,46685499703.0
1656320400000,7.499e-05,7.512e-05,7.3e-05,7.441e-05,43173407491.46
1656324000000,7.442e-05,7.85e-05,7.411e-05,7.688e-05,96375427484.06
1656327600000,7.687e-05,9.464e-05,7.664e-05,9.104e-05,318108085298.74
1656331200000,9.104e-05,0.00010194,8.885e-05,9.068e-05,411666947518.37
1656334800000,9.076e-05,9.3e-05,8.118e-05,8.41e-05,242389005742.9
1656338400000,8.401e-05,9.164e-05,8.3e-05,9.039e-05,166446300704.82
1656342000000,9.034e-05,9.547e-05,8.811e-05,9.281e-05,146412158389.09
1656345600000,9.28e-05,9.354e-05,8.954e-05,9.168e-05,114749623991.14
1656349200000,9.168e-05,9.17e-05,8.51e-05,8.668e-05,85305852704.58
1656352800000,8.669e-05,9.15e-05,8.45e-05,8.552e-05,84854851304.34
1656356400000,8.555e-05,8.685e-05,8.226e-05,8.505e-05,82080689437.77
1656360000000,8.507e-05,8.799e-05,8.304e-05,8.779e-05,53093607939.53
1656363600000,8.791e-05,9e-05,8.631e-05,8.786e-05,61947683144.69
1656367200000,8.783e-05,9.12e-05,8.729e-05,8.982e-05,57124054481.05
1656370800000,8.981e-05,9.108e-05,8.666e-05,8.902e-05,43488432790.56
1656374400000,8.916e-05,9.12e-05,8.665e-05,8.734e-05,45558941395.08
1656378000000,8.737e-05,8.788e-05,8e-05,8.299e-05,70384510789.52
1656381600000,8.295e-05,8.348e-05,7.9e-05,8.146e-05,55069054450.95
1656385200000,8.146e-05,8.469e-05,8.016e-05,8.4e-05,37259670365.83
1656388800000,8.401e-05,8.49e-05,8.25e-05,8.442e-05,29983435611.09
1656392400000,8.448e-05,8.725e-05,8.43e-05,8.699e-05,50368017153.76
1656396000000,8.7e-05,8.944e-05,8.581e-05,8.665e-05,59559667767.79
1656399600000,8.664e-05,8.778e-05,8.455e-05,8.643e-05,39743760519.5
1656403200000,8.641e-05,9.388e-05,8.635e-05,9.179e-05,131664854252.35
1656406800000,9.179e-05,9.768e-05,9.16e-05,9.502e-05,185585958975.71
1656410400000,9.503e-05,9.748e-05,9.138e-05,9.318e-05,109638828749.9
1656414000000,9.318e-05,9.34e-05,8.855e-05,9.019e-05,82543675993.5
1656417600000,9.026e-05,9.198e-05,8.942e-05,9.087e-05,50195504064.64
1656421200000,9.09e-05,9.475e-05,9.09e-05,9.397e-05,90956023698.76
1656424800000,9.397e-05,9.65e-05,9e-05,9.226e-05,131732625247.3
1656428400000,9.227e-05,9.327e-05,8.7e-05,8.96e-05,83156545480.41
1656432000000,8.96e-05,9.45e-05,8.87e-05,9.168e-05,111729259609.33
1656435600000,9.16e-05,9.4e-05,8.935e-05,9.229e-05,104344317622.49
1656439200000,9.229e-05,9.25e-05,8.94e-05,9.137e-05,65863544962.91
1656442800000,9.141e-05,9.4e-05,9.032e-05,9.271e-05,56668551178.11
1656446400000,9.27e-05,0.00012,9.111e-05,0.00011306,210771889153.73
1656450000000,0.00011308,0.00011638,0.0001066,0.00011141,292256586946.86
1656453600000,0.00011137,0.0001125,0.0001038,0.00010528,126544776271.04
1656457200000,0.00010527,0.00010856,0.00010195,0.00010793,87495872562.79
1656460800000,0.00010793,0.00012499,0.000104,0.00011892,183287575054.09
1656464400000,0.00011895,0.00012555,0.00011498,0.00012328,186506580608.28
1656468000000,0.00012326,0.00013,0.00011764,0.00012737,205650799012.43
1656471600000,0.00012733,0.000156,0.000126,0.00014882,447988609285.73
1656475200000,0.00014882,0.000157,0.000139,0.00014553,300789122386.49
1656478800000,0.00014553,0.00014565,0.00012211,0.00012665,287695240165.1
1656482400000,0.00012665,0.00013342,0.00012087,0.00013095,197992001122.5
1656486000000,0.00013095,0.00013951,0.00012902,0.00013627,167580543179.37
1656489600000,0.00013625,0.00014504,0.00013478,0.00013556,160311474893.05
1656493200000,0.00013546,0.0001393,0.00012932,0.00013111,111556480716.89
1656496800000,0.0001312,0.00013474,0.00012638,0.00012898,108293436459.37
1656500400000,0.00012898,0.0001325,0.00012444,0.00013093,84916548336.93
1656504000000,0.00013093,0.000136,0.00012837,0.00013112,91944935929.16
1656507600000,0.00013118,0.0001378,0.00013112,0.00013602,109799837049.59
1656511200000,0.00013601,0.00014782,0.00013488,0.00013937,206509832728.44
1656514800000,0.00013938,0.0001455,0.0001376,0.000143,106640469268.47
1656518400000,0.000143,0.00015797,0.00014262,0.00015003,247429221254.17
1656522000000,0.00015012,0.0001555,0.00013594,0.00014049,199972539016.53
1656525600000,0.00014038,0.000144,0.0001347,0.0001395,105224624970.92
1656529200000,0.00013953,0.00015088,0.0001395,0.0001506,87397245066.55
1656532800000,0.0001506,0.00015477,0.000144,0.00014566,134403933454.35
1656536400000,0.00014566,0.0001499,0.00014275,0.0001454,67884078759.29
1656540000000,0.00014541,0.00015477,0.0001453,0.00015293,89961710991.5
1656543600000,0.00015293,0.00016663,0.000149,0.00016103,195511772817.84
1656547200000,0.00016124,0.00016372,0.0001523,0.00015335,118992844257.44
1656550800000,0.00015335,0.0001572,0.00015,0.00015345,68246721435.18
1656554400000,0.00015349,0.000165,0.00015344,0.00015798,88680180267.47
1656558000000,0.00015796,0.0001596,0.0001294,0.00013622,231474613506.35
1656561600000,0.00013626,0.0001375,0.00012627,0.00013298,151816933795.46
1656565200000,0.00013288,0.000139,0.0001315,0.00013528,98386258776.82
1656568800000,0.00013525,0.00013659,0.00011712,0.00011712,185165762294.5
1656572400000,0.00011752,0.00012462,0.00011707,0.00012272,119350154341.42
1656576000000,0.00012271,0.000123,0.00011111,0.00011797,141896692521.68
1656579600000,0.00011797,0.00012,0.00011301,0.00011939,111279876820.89
1656583200000,0.00011939,0.000125,0.00011511,0.00011923,111126468390.68
1656586800000,0.00011924,0.00012575,0.000118,0.0001256,77103140080.8
1656590400000,0.00012557,0.000131,0.00012303,0.00012857,110695791842.67
1656594000000,0.00012857,0.00013045,0.0001183,0.00011981,99591003125.03
1656597600000,0.00011981,0.000125,0.00011972,0.00012397,59029884141.98
1656601200000,0.00012397,0.0001279,0.00012251,0.00012368,59153581383.8
1656604800000,0.00012368,0.00012647,0.00012115,0.00012391,53597903087.19
1656608400000,0.00012391,0.00012538,0.0001217,0.00012311,32037672775.97
1656612000000,0.00012301,0.00012394,0.00011222,0.00011294,86232073028.74
1656615600000,0.00011286,0.000116,0.000105,0.00010977,94972972238.4
1656619200000,0.00010987,0.00011675,0.00010902,0.0001127,79803517771.1
1656622800000,0.00011266,0.00011399,0.0001103,0.00011065,42796757255.98
1656626400000,0.00011078,0.0001115,0.00010606,0.00010782,64333160429.19
1656630000000,0.00010784,0.000114,0.00010349,0.00011298,75476407231.77
1656633600000,0.00011298,0.0001259,0.00010924,0.0001217,100132684146.18
1656637200000,0.00012171,0.00012994,0.00012083,0.00012598,84619247149.91
1656640800000,0.00012595,0.00012811,0.00012201,0.00012419,39949684162.57
1656644400000,0.00012419,0.00012756,0.00011555,0.00011719,61074599580.74
1656648000000,0.00011708,0.000119,0.0001115,0.00011296,75011311329.64
1656651600000,0.00011288,0.0001155,0.0001115,0.00011365,40292267656.57
1656655200000,0.00011371,0.0001167,0.00011026,0.00011515,38370869644.16
1656658800000,0.00011515,0.00012077,0.00011325,0.0001183,53166435771.22
1656662400000,0.00011832,0.0001225,0.0001165,0.000119,62684307393.08
1656666000000,0.00011902,0.00012,0.0001168,0.00011854,40505755080.57
1656669600000,0.00011855,0.00011895,0.0001123,0.0001149,39927296900.01
1656673200000,0.00011495,0.000118,0.000114,0.00011698,31300758088.12
1656676800000,0.00011698,0.00012,0.0001154,0.00011789,43735223511.74
1656680400000,0.00011795,0.000121,0.00011555,0.00011848,53229203172.88
1656684000000,0.00011848,0.00011859,0.00011569,0.00011721,25241848967.43
1656687600000,0.00011724,0.0001175,0.00011402,0.00011534,25894443627.26
1656691200000,0.00011533,0.00012,0.00011471,0.000118,38475113343.33
1656694800000,0.00011802,0.00012235,0.00011779,0.00012084,66625415592.76
1656698400000,0.00012084,0.00012788,0.00011956,0.0001257,101932667881.38
1656702000000,0.00012576,0.0001285,0.00012105,0.00012839,62166435008.5
1656705600000,0.00012846,0.00012999,0.0001246,0.000126,93155966702.29
1656709200000,0.000126,0.00014298,0.000125,0.00013899,183135711739.47
1656712800000,0.000139,0.000141,0.000127,0.00013574,226408917562.28
1656716400000,0.00013574,0.00013796,0.00013041,0.00013067,80674684911.19
1656720000000,0.00013057,0.00013337,0.00012745,0.00013037,68973289654.25
1656723600000,0.00013043,0.0001368,0.000125,0.00012597,57686867967.38
1656727200000,0.0001259,0.000127,0.00012222,0.00012547,43315472931.96
1656730800000,0.00012547,0.00012559,0.00011621,0.00012078,53670352202.97
1656734400000,0.00012078,0.00012617,0.00012056,0.00012447,36650142058.25
1656738000000,0.00012447,0.00012849,0.00012419,0.00012659,44169587567.82
1656741600000,0.00012659,0.00012809,0.0001245,0.00012524,40980333391.57
1656745200000,0.00012529,0.00012735,0.0001208,0.00012303,37210256745.5
1656748800000,0.00012303,0.000125,0.00012209,0.0001222,27780333257.19
1656752400000,0.00012212,0.00012429,0.000121,0.0001242,24936985191.42
1656756000000,0.00012425,0.00012903,0.00012386,0.00012772,49975054051.95
1656759600000,0.00012772,0.00012845,0.00012545,0.0001277,38201274369.33
1656763200000,0.0001277,0.00012949,0.00012621,0.00012663,43290568859.9
1656766800000,0.00012664,0.00012699,0.00012502,0.00012573,27978440898.4
1656770400000,0.00012573,0.0001285,0.00012573,0.00012726,30835533952.05
1656774000000,0.00012725,0.00013275,0.0001265,0.0001315,46874396237.79
1656777600000,0.00013151,0.000133,0.0001298,0.00013086,74673213692.07
1656781200000,0.00013085,0.000132,0.00012866,0.00012963,34176353169.46
1656784800000,0.00012963,0.0001318,0.00012753,0.00013152,32753550860.99
1656788400000,0.00013152,0.00013397,0.00013022,0.00013169,32922483518.96
1656792000000,0.00013168,0.00013178,0.0001295,0.00013024,23505735125.83
1656795600000,0.00013026,0.00013253,0.00012844,0.00013005,36487537299.08
1656799200000,0.00013004,0.00013004,0.0001257,0.00012722,32954563970.72
1656802800000,0.00012722,0.00012844,0.00012083,0.00012326,42157020480.65
1656806400000,0.0001233,0.0001265,0.00012301,0.00012487,22605192192.25
1656810000000,0.00012488,0.0001249,0.00012213,0.00012345,15222788231.8
1656813600000,0.00012345,0.0001265,0.00012325,0.00012502,22718481406.47
1656817200000,0.00012503,0.00012624,0.0001241,0.00012411,16534232366.34
1656820800000,0.0001241,0.00012499,0.00011852,0.00012249,38696121267.02
1656824400000,0.00012249,0.00012682,0.00012225,0.00012361,35211274141.35
1656828000000,0.0001237,0.00012598,0.00012346,0.00012586,17959024689.38
1656831600000,0.00012585,0.00012663,0.00012473,0.00012564,16173462890.11
1656835200000,0.00012564,0.0001265,0.0001244,0.00012491,18244216294.4
1656838800000,0.00012491,0.00012492,0.00012312,0.00012401,17164733477.42
1656842400000,0.000124,0.0001245,0.0001235,0.00012404,11427448560.27
1656846000000,0.00012399,0.00012795,0.0001238,0.00012676,32693130572.63
1656849600000,0.00012676,0.00012705,0.000124,0.00012496,23556317086.43
1656853200000,0.00012495,0.00012571,0.00012312,0.00012319,18558361324.66
1656856800000,0.00012318,0.00012471,0.00012241,0.00012404,15321060653.08
1656860400000,0.00012405,0.00012454,0.0001236,0.00012383,7986769148.32
1656864000000,0.00012382,0.00012635,0.000123,0.00012505,24685402375.32
1656867600000,0.00012505,0.000126,0.0001237,0.00012592,13452268958.91
1656871200000,0.00012592,0.00012596,0.0001245,0.00012525,11940328133.73
1656874800000,0.00012525,0.00012988,0.00012525,0.0001285,24887120311.59
1656878400000,0.0001285,0.00012973,0.00012625,0.00012733,29229149372.96
1656882000000,0.00012733,0.000128,0.00012566,0.0001262,14462341838.9
1656885600000,0.0001262,0.00013,0.00012609,0.0001284,42123688953.05
1656889200000,0.00012838,0.00013169,0.0001272,0.00013012,32750765629.24
1656892800000,0.00013007,0.00013128,0.0001287,0.00012928,38240827770.3
1656896400000,0.00012931,0.0001297,0.00012578,0.00012791,21771947990.84
1656900000000,0.00012791,0.00012832,0.00012353,0.00012446,22622277149.6
1656903600000,0.00012448,0.00012543,0.00012383,0.00012492,11549506497.11
1656907200000,0.00012491,0.0001265,0.00012468,0.00012635,9058425630.98
1656910800000,0.00012635,0.00012638,0.00012517,0.00012624,7614721337.93
1656914400000,0.00012624,0.00012741,0.0001255,0.00012594,18828389708.56
1656918000000,0.00012594,0.0001265,0.00012471,0.0001255,16971563215.55
1656921600000,0.00012551,0.00012687,0.00012527,0.00012611,11121705972.83
1656925200000,0.00012612,0.0001274,0.000126,0.00012712,15071934765.58
1656928800000,0.00012712,0.00012844,0.00012702,0.00012737,22673927413.74
1656932400000,0.00012737,0.0001286,0.00012663,0.00012845,17375059867.58
1656936000000,0.00012846,0.000129,0.00012752,0.00012821,27882671289.36
1656939600000,0.00012822,0.0001284,0.00012683,0.000127,18955145179.54
1656943200000,0.00012699,0.00012819,0.00012688,0.00012778,16272405080.87
1656946800000,0.00012778,0.00013075,0.00012772,0.00012966,47621207091.35
1656950400000,0.00012965,0.00012969,0.000128,0.00012903,22786224630.76
1656954000000,0.00012903,0.00012955,0.0001286,0.00012876,18936474560.57
1656957600000,0.00012876,0.00012929,0.00012831,0.00012926,15027664220.14
1656961200000,0.00012925,0.00012961,0.000128,0.00012832,16440884448.31
1656964800000,0.00012833,0.0001286,0.000128,0.00012807,10943930731.47
1656968400000,0.00012807,0.0001291,0.000128,0.00012866,11484722409.84
1656972000000,0.00012867,0.00012907,0.000128,0.00012851,16324322911.49
1656975600000,0.0001285,0.000129,0.000128,0.00012804,14774882519.79
1656979200000,0.00012802,0.00012802,0.000101,0.00011674,217261819133.59
1656982800000,0.00011664,0.0001181,0.0001132,0.00011785,51216591361.09
1656986400000,0.00011789,0.0001189,0.00011505,0.00011755,35134740232.97
1656990000000,0.0001175,0.0001185,0.00011625,0.00011712,19052574600.94
1656993600000,0.00011714,0.00011836,0.00011582,0.00011706,32175030229.17
1656997200000,0.00011705,0.00011755,0.00011602,0.00011694,19544870967.64
1657000800000,0.00011693,0.000124,0.00011652,0.00012305,49568445293.9
1657004400000,0.00012306,0.00012337,0.00012058,0.00012113,25813413762.86
1657008000000,0.00012112,0.00012113,0.00011713,0.0001191,36594833254.87
1657011600000,0.00011904,0.00012059,0.00011777,0.00011887,21484367673.25
1657015200000,0.00011888,0.0001199,0.0001179,0.00011914,18460013836.52
1657018800000,0.00011914,0.0001199,0.00011642,0.00011701,22759868573.34
1657022400000,0.00011701,0.000118,0.00011441,0.00011631,30898584431.74
1657026000000,0.00011631,0.0001178,0.00011568,0.0001168,22905611457.08
1657029600000,0.00011678,0.0001194,0.0001166,0.00011789,20602764738.74
1657033200000,0.00011789,0.00011828,0.00011661,0.0001174,20041238853.32
1657036800000,0.00011743,0.00011815,0.000116,0.00011656,18030780000.89
1657040400000,0.00011655,0.0001172,0.00011602,0.00011647,14021441036.79
1657044000000,0.00011648,0.00011704,0.00010986,0.00011485,37483954246.92
1657047600000,0.00011484,0.00011698,0.00011474,0.00011652,27941112713.17
1657051200000,0.00011652,0.00011955,0.00011614,0.00011672,36370921471.7
1657054800000,0.00011683,0.0001185,0.00011673,0.00011767,16129853678.51
1657058400000,0.00011765,0.0001184,0.000117,0.00011799,12668226497.3
1657062000000,0.00011799,0.00011804,0.0001165,0.0001165,13394785093.6
1657065600000,0.0001165,0.0001207,0.00011501,0.00011837,36120602970.81
1657069200000,0.00011837,0.00011963,0.0001167,0.00011716,16768196696.64
1657072800000,0.00011716,0.00011716,0.00011505,0.00011592,13907855004.54
1657076400000,0.00011591,0.00011662,0.00011485,0.00011652,10336899087.45
1657080000000,0.00011653,0.0001175,0.00011623,0.0001169,9528622937.2
1657083600000,0.0001169,0.00011782,0.00011639,0.00011679,8333646676.45
1657087200000,0.00011681,0.00011683,0.00011552,0.00011619,11278600785.5
1657090800000,0.00011619,0.00011689,0.00011608,0.00011615,9623904704.89
1657094400000,0.00011615,0.00011811,0.00011608,0.00011699,15217740806.65
1657098000000,0.00011698,0.00011738,0.00011649,0.00011669,11730748711.44
1657101600000,0.00011669,0.0001167,0.0001156,0.00011578,13538545815.14
1657105200000,0.00011578,0.0001163,0.000115,0.0001154,17755711579.37
1657108800000,0.00011541,0.00011546,0.000111,0.00011333,45276091622.68
1657112400000,0.00011332,0.00011473,0.00011262,0.00011325,24145427202.73
1657116000000,0.00011325,0.00011421,0.00011122,0.00011176,28852787679.6
1657119600000,0.00011177,0.00011362,0.00011,0.0001126,38829114684.42
1657123200000,0.0001126,0.00011297,0.0001118,0.00011221,16593634346.77
1657126800000,0.00011221,0.0001139,0.00011216,0.00011338,18488907101.13
1657130400000,0.00011338,0.00011342,0.0001123,0.00011333,12321738904.5
1657134000000,0.00011332,0.00011335,0.00011153,0.00011186,18481169722.45
1657137600000,0.00011189,0.00011197,0.00010623,0.0001094,47493484499.53
1657141200000,0.00010943,0.00011165,0.00010942,0.00011032,25812770898.59
1657144800000,0.00011032,0.00011164,0.00011,0.00011103,16551823219.49
1657148400000,0.00011102,0.00011299,0.00011097,0.00011211,13008297420.36
1657152000000,0.00011211,0.00011347,0.0001117,0.00011181,18026636912.55
1657155600000,0.00011181,0.00011291,0.00011031,0.00011251,15691294966.19
1657159200000,0.00011252,0.00011253,0.00011125,0.00011192,6891938384.91
1657162800000,0.00011191,0.00011191,0.00011091,0.0001113,8517576850.34
1657166400000,0.00011132,0.00011179,0.00010983,0.0001109,11726590615.7
1657170000000,0.0001109,0.00011098,0.00010807,0.00010915,17089961464.93
1657173600000,0.00010917,0.00011081,0.00010846,0.00011074,16828185434.11
1657177200000,0.00011076,0.000111,0.00010935,0.00011006,10724480259.89
1657180800000,0.00011006,0.00011006,0.00010861,0.00010969,15640445566.09
1657184400000,0.0001097,0.00011019,0.000109,0.00010965,13992946328.35
1657188000000,0.00010965,0.00010986,0.00010822,0.00010868,14974343946.08
1657191600000,0.00010868,0.00010907,0.00010713,0.00010812,19877752639.44
1657195200000,0.00010811,0.00010813,0.00010526,0.00010607,28511841295.47
1657198800000,0.00010607,0.00010922,0.00010415,0.0001092,35584409700.25
1657202400000,0.00010921,0.00011577,0.00010753,0.00011461,46516540886.71
1657206000000,0.0001146,0.00011791,0.00011156,0.00011327,82484111959.15
1657209600000,0.0001133,0.00011354,0.00011001,0.0001132,36079387099.22
1657213200000,0.00011321,0.00011321,0.000111,0.00011202,20819966740.37
1657216800000,0.00011202,0.0001129,0.00011187,0.00011195,15380658055.07
1657220400000,0.00011197,0.0001129,0.00011139,0.00011268,19464404100.9
1657224000000,0.00011268,0.0001152,0.00011199,0.00011412,29547627818.04
1657227600000,0.00011412,0.00011449,0.0001128,0.00011373,17894748130.89
1657231200000,0.00011372,0.00011381,0.0001115,0.00011231,14278191434.72
1657234800000,0.00011231,0.0001131,0.00011094,0.00011238,13710594758.52
1657238400000,0.00011237,0.000116,0.000112,0.00011479,27957560783.11
1657242000000,0.00011479,0.0001148,0.00011244,0.00011376,19543353796.85
1657245600000,0.00011377,0.00011513,0.00011313,0.00011383,16222417450.73
1657249200000,0.00011382,0.00011525,0.00011377,0.00011493,12939012046.16
1657252800000,0.00011493,0.0001157,0.0001134,0.00011392,17997039611.22
1657256400000,0.00011391,0.0001144,0.0001124,0.00011304,14901106258.46
1657260000000,0.00011303,0.00011449,0.0001125,0.00011303,12815677074.24
1657263600000,0.00011304,0.00011345,0.00011261,0.00011296,8977353215.75
1657267200000,0.00011293,0.0001133,0.00011102,0.00011109,15635503087.68
1657270800000,0.00011107,0.00011359,0.0001086,0.000112,32387199060.74
1657274400000,0.000112,0.00011248,0.00011075,0.000111,13821667753.98
1657278000000,0.00011101,0.00011189,0.00011054,0.00011145,9535693974.6
1657281600000,0.00011144,0.000113,0.0001107,0.00011119,18219303501.48
1657285200000,0.00011118,0.00011179,0.00011019,0.00011054,11088014355.71
1657288800000,0.00011055,0.0001118,0.00011023,0.00011129,9038420578.16
1657292400000,0.0001113,0.00011197,0.00011105,0.0001113,11468393310.99
1657296000000,0.0001113,0.0001118,0.00011036,0.00011063,13602247303.26
1657299600000,0.00011063,0.0001108,0.0001095,0.00011056,10431091311.16
1657303200000,0.00011059,0.00011065,0.00010933,0.00011029,11656028709.3
1657306800000,0.00011029,0.00011125,0.00010989,0.00011058,9520754710.84
1657310400000,0.00011058,0.00011072,0.0001095,0.00011012,9211627509.42
1657314000000,0.00011013,0.00011075,0.00010982,0.00010999,10795670887.2
1657317600000,0.00010999,0.00011058,0.00010974,0.0001101,7260604607.84
1657321200000,0.0001101,0.00011037,0.00010966,0.00011,5814462411.47
1657324800000,0.00011,0.00011014,0.000107,0.00010784,22541242033.17
1657328400000,0.00010785,0.00010871,0.0001063,0.00010709,12010724304.38
1657332000000,0.00010709,0.00010833,0.0001068,0.00010787,9862173289.31
1657335600000,0.00010784,0.00010883,0.00010731,0.00010878,8233557627.47
1657339200000,0.00010878,0.0001099,0.00010809,0.00010902,8035700786.85
1657342800000,0.00010902,0.0001096,0.00010818,0.00010858,6863149488.98
1657346400000,0.00010857,0.00010923,0.00010844,0.0001088,5137188744.02
1657350000000,0.00010881,0.00010963,0.0001088,0.00010944,6729989823.15
1657353600000,0.00010944,0.00010944,0.00010884,0.00010891,5549381329.13
1657357200000,0.00010892,0.00010941,0.00010889,0.00010923,5989584887.64
1657360800000,0.00010921,0.0001117,0.0001082,0.00011157,16730473097.19
1657364400000,0.00011159,0.0001134,0.0001095,0.00011002,32948575959.4
1657368000000,0.00011002,0.0001115,0.0001099,0.00011041,11048456661.05
1657371600000,0.00011041,0.00011095,0.0001101,0.0001102,7133322954.51
1657375200000,0.0001102,0.000111,0.00010903,0.0001097,10820648266.4
1657378800000,0.00010973,0.00010982,0.000109,0.0001098,8101615330.6
1657382400000,0.00010979,0.00011091,0.0001097,0.0001103,9930742398.79
1657386000000,0.00011031,0.00011126,0.0001103,0.00011101,9217013952.44
1657389600000,0.00011102,0.00011102,0.00011026,0.00011029,5370878667.52
1657393200000,0.00011029,0.00011054,0.00011,0.00011016,6011368784.58
1657396800000,0.00011016,0.00011123,0.00011002,0.00011092,8153879544.98
1657400400000,0.00011092,0.00011097,0.00011041,0.0001108,4751767641.88
1657404000000,0.0001108,0.0001108,0.00011022,0.00011032,4591716146.26
1657407600000,0.00011032,0.0001106,0.00011024,0.00011059,3030634079.58
1657411200000,0.00011059,0.00011223,0.00011056,0.00011194,10432351248.98
1657414800000,0.00011192,0.00011441,0.00011147,0.0001136,25857325273.0
1657418400000,0.0001136,0.00011399,0.0001115,0.00011242,23611825774.35
1657422000000,0.00011245,0.00011366,0.00011163,0.00011241,18146585064.03
1657425600000,0.00011241,0.00011257,0.0001112,0.00011194,12591908375.62
1657429200000,0.00011194,0.0001123,0.00011096,0.00011168,10875252455.7
1657432800000,0.00011168,0.00011198,0.00011122,0.00011183,6643030531.94
1657436400000,0.00011184,0.00011184,0.00011123,0.00011123,7973271050.24
1657440000000,0.00011123,0.00011193,0.000111,0.0001111,18196212030.06
1657443600000,0.00011111,0.00011142,0.00011028,0.00011114,10224223973.07
1657447200000,0.00011114,0.00011123,0.0001102,0.00011026,6011457004.07
1657450800000,0.00011027,0.00011075,0.00010905,0.00011056,16970810467.78
1657454400000,0.00011056,0.00011056,0.00010976,0.0001102,8463701707.32
1657458000000,0.00011021,0.00011027,0.00010823,0.00010936,13046734087.87
1657461600000,0.00010934,0.00010942,0.0001061,0.00010636,25088711930.43
1657465200000,0.00010635,0.00010729,0.0001012,0.00010639,37289458295.78
1657468800000,0.0001064,0.0001074,0.00010461,0.00010686,16542742875.21
1657472400000,0.00010689,0.000107,0.00010623,0.00010683,5048516190.76
1657476000000,0.00010684,0.00010947,0.00010684,0.00010871,14531050418.1
1657479600000,0.00010869,0.00010891,0.00010767,0.00010856,10433177878.55
1657483200000,0.00010857,0.0001099,0.00010805,0.00010939,11775142584.03
1657486800000,0.00010939,0.0001131,0.000109,0.00011266,28031939284.29
1657490400000,0.00011267,0.00011271,0.00011042,0.00011045,25801540224.08
1657494000000,0.00011044,0.000111,0.0001101,0.00011082,9735616514.31
1657497600000,0.00011082,0.00011082,0.00010802,0.00010968,12333618813.64
1657501200000,0.00010968,0.00011,0.00010808,0.00010829,14933214522.84
1657504800000,0.00010827,0.00010859,0.0001067,0.00010758,8816448346.58
1657508400000,0.00010756,0.00010901,0.00010751,0.00010867,4173577027.41
1657512000000,0.00010867,0.00011068,0.00010793,0.00011043,8547385093.65
1657515600000,0.00011041,0.00011044,0.0001085,0.00010876,7287975609.99
1657519200000,0.00010876,0.00010909,0.0001073,0.00010812,9009115815.37
1657522800000,0.00010813,0.00010907,0.00010755,0.00010824,6973644226.48
1657526400000,0.00010823,0.00010895,0.0001075,0.00010821,7890203850.1
1657530000000,0.00010821,0.0001086,0.00010758,0.00010778,10203319502.92
1657533600000,0.00010778,0.00010839,0.00010681,0.00010772,11450982150.06
1657537200000,0.00010773,0.00010817,0.000107,0.00010788,7488783604.4
1657540800000,0.00010788,0.00010868,0.00010759,0.00010815,8572512851.79
1657544400000,0.00010816,0.0001085,0.00010631,0.00010733,13459852627.15
1657548000000,0.00010731,0.00010802,0.00010678,0.00010765,8531592370.1
1657551600000,0.00010765,0.000108,0.00010733,0.00010754,6658072663.26
1657555200000,0.00010755,0.00010835,0.00010743,0.00010782,6937673342.59
1657558800000,0.00010781,0.00010843,0.0001078,0.00010832,6002195592.93
1657562400000,0.00010832,0.00010834,0.00010773,0.00010784,6107470114.44
1657566000000,0.00010783,0.00010785,0.00010666,0.00010716,7734723528.03
1657569600000,0.00010717,0.00010755,0.00010669,0.00010701,8232200614.15
1657573200000,0.00010701,0.00010783,0.00010515,0.00010632,10764647271.66
1657576800000,0.00010632,0.00010632,0.00010266,0.00010385,28899724270.03
1657580400000,0.00010387,0.0001052,0.0001022,0.00010457,22558726269.8
1657584000000,0.00010459,0.00010459,9.85e-05,9.997e-05,34742497970.54
1657587600000,9.999e-05,0.00010129,9.952e-05,0.00010091,13393294868.72
1657591200000,0.00010091,0.00010113,0.0001,0.00010063,8578466893.42
1657594800000,0.00010062,0.00010065,9.266e-05,9.825e-05,35869484505.77
1657598400000,9.822e-05,0.00010029,9.78e-05,9.889e-05,16213103999.78
1657602000000,9.888e-05,9.923e-05,9.804e-05,9.814e-05,9558537911.82
1657605600000,9.812e-05,9.86e-05,9.503e-05,9.631e-05,19601150644.41
1657609200000,9.636e-05,9.689e-05,9.123e-05,9.42e-05,48455136707.36
1657612800000,9.422e-05,9.53e-05,9.316e-05,9.509e-05,22094836550.28
1657616400000,9.509e-05,9.513e-05,9.136e-05,9.246e-05,30259662065.66
1657620000000,9.246e-05,9.38e-05,9.23e-05,9.3e-05,19557308016.78
1657623600000,9.299e-05,9.522e-05,9.289e-05,9.519e-05,22639209473.13
1657627200000,9.517e-05,9.85e-05,9.511e-05,9.634e-05,38575536754.34
1657630800000,9.634e-05,9.781e-05,9.6e-05,9.604e-05,22702062481.21
1657634400000,9.606e-05,9.692e-05,9.544e-05,9.691e-05,17669431099.28
1657638000000,9.692e-05,9.775e-05,9.65e-05,9.659e-05,17255855987.09
1657641600000,9.659e-05,9.941e-05,9.658e-05,9.803e-05,24424919792.23
1657645200000,9.802e-05,9.819e-05,9.683e-05,9.736e-05,13681690036.84
1657648800000,9.736e-05,9.74e-05,9.564e-05,9.57e-05,14950862504.75
1657652400000,9.57e-05,9.589e-05,9.325e-05,9.47e-05,30863546408.87
1657656000000,9.469e-05,9.612e-05,9.32e-05,9.432e-05,18902549059.05
1657659600000,9.432e-05,9.463e-05,9.364e-05,9.384e-05,9978042954.42
1657663200000,9.384e-05,9.39e-05,9.221e-05,9.268e-05,18400522625.32
1657666800000,9.265e-05,9.34e-05,9.152e-05,9.177e-05,13853557065.28
1657670400000,9.175e-05,9.324e-05,9.055e-05,9.297e-05,23260513966.45
1657674000000,9.299e-05,9.408e-05,9.272e-05,9.329e-05,9595845571.65
1657677600000,9.329e-05,9.532e-05,9.327e-05,9.449e-05,10134324113.77
1657681200000,9.449e-05,9.481e-05,9.362e-05,9.403e-05,6095004901.76
1657684800000,9.401e-05,9.638e-05,9.397e-05,9.455e-05,15278831004.32
1657688400000,9.454e-05,9.55e-05,9.38e-05,9.476e-05,8373832649.04
1657692000000,9.476e-05,9.53e-05,9.401e-05,9.496e-05,8665918592.9
1657695600000,9.497e-05,9.6e-05,9.402e-05,9.585e-05,20118342686.65
1657699200000,9.587e-05,9.685e-05,9.541e-05,9.574e-05,22442017022.45
1657702800000,9.573e-05,9.61e-05,9.485e-05,9.527e-05,12715938660.27
1657706400000,9.526e-05,9.539e-05,9.4e-05,9.473e-05,12359764324.04
1657710000000,9.473e-05,9.508e-05,9.426e-05,9.486e-05,10604511289.07
1657713600000,9.486e-05,9.62e-05,8.781e-05,9.023e-05,75747731965.88
1657717200000,9.026e-05,9.178e-05,8.517e-05,8.937e-05,85289962410.93
1657720800000,8.934e-05,9.234e-05,8.866e-05,9.142e-05,36266934297.14
1657724400000,9.142e-05,9.19e-05,9.003e-05,9.077e-05,20013443887.49
1657728000000,9.077e-05,9.13e-05,8.858e-05,9.105e-05,22344745490.36
1657731600000,9.105e-05,9.25e-05,9.1e-05,9.239e-05,21849749813.99
1657735200000,9.24e-05,9.245e-05,9.113e-05,9.163e-05,11965399000.91
1657738800000,9.16e-05,9.179e-05,9.067e-05,9.12e-05,11743071364.97
1657742400000,9.123e-05,9.171e-05,9.083e-05,9.114e-05,9459172605.8
1657746000000,9.113e-05,9.229e-05,9.081e-05,9.21e-05,10846685782.21
1657749600000,9.21e-05,9.5e-05,9.165e-05,9.391e-05,22981735795.99
1657753200000,9.388e-05,9.549e-05,9.361e-05,9.505e-05,21346524611.28
1657756800000,9.508e-05,9.55e-05,9.381e-05,9.424e-05,14981644972.24
1657760400000,9.418e-05,9.438e-05,9.27e-05,9.307e-05,10927715895.25
1657764000000,9.305e-05,9.377e-05,9.24e-05,9.301e-05,9171761646.14
1657767600000,9.301e-05,9.426e-05,9.301e-05,9.337e-05,7102976827.05
1657771200000,9.336e-05,9.371e-05,9.173e-05,9.216e-05,9753514431.94
1657774800000,9.215e-05,9.31e-05,9.2e-05,9.241e-05,8556231920.45
1657778400000,9.242e-05,9.25e-05,9.062e-05,9.166e-05,14941970364.58
1657782000000,9.167e-05,9.189e-05,9.1e-05,9.159e-05,10156763889.08
1657785600000,9.159e-05,9.199e-05,8.872e-05,8.958e-05,24598999139.01
1657789200000,8.958e-05,9.079e-05,8.881e-05,9.067e-05,16107746370.49
1657792800000,9.07e-05,9.073e-05,8.914e-05,8.965e-05,11433200296.84
1657796400000,8.965e-05,8.985e-05,8.851e-05,8.936e-05,16141558616.54
1657800000000,8.935e-05,9.116e-05,8.871e-05,9.058e-05,20024783748.32
1657803600000,9.056e-05,9.066e-05,8.979e-05,9.021e-05,14755728005.3
1657807200000,9.027e-05,9.083e-05,8.958e-05,9.059e-05,13585814052.25
1657810800000,9.059e-05,9.3e-05,9.059e-05,9.205e-05,30008900703.82
1657814400000,9.202e-05,9.293e-05,9.1e-05,9.119e-05,18238762914.62
1657818000000,9.119e-05,9.438e-05,9.092e-05,9.304e-05,28685017355.43
1657821600000,9.303e-05,9.338e-05,9.256e-05,9.282e-05,14425982899.35
1657825200000,9.28e-05,9.377e-05,9.194e-05,9.2e-05,14998235390.4
1657828800000,9.2e-05,9.257e-05,9.169e-05,9.252e-05,11217167283.26
1657832400000,9.25e-05,9.258e-05,9.15e-05,9.171e-05,8352308286.44
1657836000000,9.172e-05,9.188e-05,9.118e-05,9.159e-05,8052105592.72
1657839600000,9.159e-05,9.21e-05,9.14e-05,9.2e-05,6717968694.36
