1651831200000,1.601e-05,6.2e-05,1.145e-05,1.613e-05,3567772475.0
1651834800000,1.599e-05,2.2e-05,1.577e-05,1.602e-05,708940489.0
1651838400000,1.965e-05,1.965e-05,1.602e-05,1.613e-05,335248985.0
1651842000000,1.613e-05,1.631e-05,1.579e-05,1.591e-05,386890909.0
1651845600000,1.603e-05,1.66e-05,1.599e-05,1.611e-05,110316429.0
1651849200000,1.644e-05,1.667e-05,1.592e-05,1.667e-05,106641183.0
1651852800000,1.653e-05,1.653e-05,1.61e-05,1.635e-05,109120843.0
1651856400000,1.621e-05,1.644e-05,1.606e-05,1.606e-05,137982734.0
1651860000000,1.631e-05,1.64e-05,1.591e-05,1.64e-05,13006443.0
1651863600000,1.612e-05,1.64e-05,1.612e-05,1.639e-05,147883724.0
1651867200000,1.613e-05,1.642e-05,1.613e-05,1.642e-05,270984153.0
1651870800000,1.641e-05,1.651e-05,1.62e-05,1.644e-05,15306491.0
1651874400000,1.629e-05,1.629e-05,1.617e-05,1.622e-05,115498395.0
1651878000000,1.624e-05,1.624e-05,1.61e-05,1.618e-05,90516758.0
1651881600000,1.618e-05,1.618e-05,1.618e-05,1.618e-05,0.0
1651885200000,1.645e-05,1.645e-05,1.645e-05,1.645e-05,12158054.0
1651888800000,1.643e-05,1.643e-05,1.612e-05,1.641e-05,123007198.0
1651892400000,1.641e-05,1.641e-05,1.641e-05,1.641e-05,0.0
1651896000000,1.63e-05,1.63e-05,1.595e-05,1.595e-05,199964201.0
1651899600000,1.598e-05,1.631e-05,1.598e-05,1.631e-05,27804996.0
1651903200000,1.599e-05,1.599e-05,1.599e-05,1.599e-05,1261141.0
1651906800000,1.626e-05,1.626e-05,1.616e-05,1.617e-05,26611378.0
1651910400000,1.618e-05,1.618e-05,1.618e-05,1.618e-05,21071372.0
1651914000000,1.624e-05,1.638e-05,1.614e-05,1.614e-05,41454953.0
1651917600000,1.612e-05,1.637e-05,1.606e-05,1.61e-05,81427433.0
1651921200000,1.636e-05,1.636e-05,1.607e-05,1.607e-05,34134794.0
1651924800000,1.632e-05,1.632e-05,1.601e-05,1.602e-05,157145665.0
1651928400000,1.603e-05,1.617e-05,1.6e-05,1.617e-05,52725792.0
1651932000000,1.617e-05,1.62e-05,1.601e-05,1.603e-05,195778850.0
1651935600000,1.624e-05,1.624e-05,1.607e-05,1.624e-05,176439878.0
1651939200000,1.624e-05,1.624e-05,1.602e-05,1.607e-05,38078555.0
1651942800000,1.611e-05,1.623e-05,1.601e-05,1.608e-05,80693743.0
1651946400000,1.611e-05,1.637e-05,1.605e-05,1.63e-05,61781933.0
1651950000000,1.608e-05,1.637e-05,1.603e-05,1.637e-05,14682032.0
1651953600000,1.631e-05,1.631e-05,1.6e-05,1.6e-05,92467218.0
1651957200000,1.601e-05,1.604e-05,1.501e-05,1.552e-05,510191520.0
1651960800000,1.539e-05,1.614e-05,1.4e-05,1.536e-05,252953990.0
1651964400000,1.549e-05,1.566e-05,1.452e-05,1.566e-05,294492733.0
1651968000000,1.572e-05,1.572e-05,1.552e-05,1.552e-05,68740156.0
1651971600000,1.51e-05,1.53e-05,1.51e-05,1.53e-05,4790031.0
1651975200000,1.517e-05,1.521e-05,1.498e-05,1.521e-05,123286236.0
1651978800000,1.531e-05,1.531e-05,1.514e-05,1.514e-05,249652477.0
1651982400000,1.537e-05,1.537e-05,1.534e-05,1.534e-05,8094031.0
1651986000000,1.512e-05,1.512e-05,1.512e-05,1.512e-05,558319310.0
1651989600000,1.524e-05,1.524e-05,1.524e-05,1.524e-05,1543211.0
1651993200000,1.538e-05,1.544e-05,1.468e-05,1.542e-05,523336170.0
1651996800000,1.539e-05,1.553e-05,1.527e-05,1.538e-05,12562775.0
1652000400000,1.538e-05,1.538e-05,1.529e-05,1.529e-05,25614532.0
1652004000000,1.529e-05,1.554e-05,1.472e-05,1.554e-05,438790571.0
1652007600000,1.555e-05,1.555e-05,1.517e-05,1.534e-05,54437249.0
1652011200000,1.537e-05,1.543e-05,1.465e-05,1.465e-05,43812278.0
1652014800000,1.509e-05,1.57e-05,1.502e-05,1.502e-05,22836447.0
1652018400000,1.509e-05,1.527e-05,1.499e-05,1.527e-05,85976110.0
1652022000000,1.527e-05,1.539e-05,1.511e-05,1.513e-05,106997233.0
1652025600000,1.506e-05,1.549e-05,1.506e-05,1.535e-05,121384300.0
1652029200000,1.512e-05,1.635e-05,1.473e-05,1.495e-05,527422734.0
1652032800000,1.493e-05,1.512e-05,1.481e-05,1.511e-05,70999607.0
1652036400000,1.523e-05,1.53e-05,1.511e-05,1.519e-05,320093371.0
1652040000000,1.517e-05,1.523e-05,1.505e-05,1.514e-05,15251043.0
1652043600000,1.508e-05,1.508e-05,1.507e-05,1.507e-05,7000000.0
1652047200000,1.511e-05,1.511e-05,1.475e-05,1.478e-05,147000449.0
1652050800000,1.504e-05,1.504e-05,1.499e-05,1.499e-05,9070707.0
1652054400000,1.499e-05,1.499e-05,1.494e-05,1.497e-05,131620321.0
1652058000000,1.509e-05,1.509e-05,1.509e-05,1.509e-05,1371748.0
1652061600000,1.497e-05,1.497e-05,1.46e-05,1.46e-05,59094982.0
1652065200000,1.46e-05,1.48e-05,1.46e-05,1.471e-05,106051003.0
1652068800000,1.471e-05,1.474e-05,1.46e-05,1.474e-05,6823462.0
1652072400000,1.436e-05,1.436e-05,1.412e-05,1.422e-05,221863331.0
1652076000000,1.422e-05,1.446e-05,1.401e-05,1.408e-05,473580747.0
1652079600000,1.46e-05,1.46e-05,1.408e-05,1.417e-05,601044064.0
1652083200000,1.429e-05,1.432e-05,1.392e-05,1.402e-05,257734088.0
1652086800000,1.426e-05,1.426e-05,1.396e-05,1.396e-05,1016658410.0
1652090400000,1.396e-05,1.578e-05,1.275e-05,1.328e-05,386572529.0
1652094000000,1.335e-05,1.386e-05,1.321e-05,1.36e-05,175693881.0
1652097600000,1.349e-05,1.352e-05,1.319e-05,1.352e-05,30169861.0
1652101200000,1.339e-05,1.359e-05,1.33e-05,1.359e-05,477464114.0
1652104800000,1.373e-05,1.373e-05,1.335e-05,1.351e-05,225256646.0
1652108400000,1.351e-05,1.351e-05,1.291e-05,1.297e-05,208202923.0
1652112000000,1.289e-05,1.317e-05,1.2e-05,1.225e-05,1418476563.0
1652115600000,1.256e-05,1.384e-05,1.224e-05,1.25e-05,1406095754.0
1652119200000,1.24e-05,1.272e-05,1.183e-05,1.214e-05,806998791.0
1652122800000,1.202e-05,1.249e-05,1.165e-05,1.191e-05,595808169.0
1652126400000,1.224e-05,1.524e-05,1.207e-05,1.396e-05,1038502750.0
1652130000000,1.391e-05,1.391e-05,1.214e-05,1.214e-05,273435318.0
1652133600000,1.233e-05,1.386e-05,1.221e-05,1.223e-05,328297862.0
1652137200000,1.233e-05,1.367e-05,1.101e-05,1.101e-05,688382515.0
1652140800000,1.345e-05,1.478e-05,1.097e-05,1.166e-05,510513518.0
1652144400000,1.166e-05,1.321e-05,1.161e-05,1.189e-05,224303143.0
1652148000000,1.166e-05,1.5e-05,1.032e-05,1.314e-05,241572327.0
1652151600000,1.202e-05,1.259e-05,1.169e-05,1.259e-05,351224567.0
1652155200000,1.235e-05,1.322e-05,1.223e-05,1.322e-05,19864849.0
1652158800000,1.316e-05,1.5e-05,1.3e-05,1.361e-05,479535326.0
1652162400000,1.35e-05,1.499e-05,1.35e-05,1.402e-05,675564756.0
1652166000000,1.402e-05,1.479e-05,1.345e-05,1.345e-05,81504060.0
1652169600000,1.315e-05,1.48e-05,1.314e-05,1.354e-05,112452230.0
1652173200000,1.361e-05,1.4e-05,1.337e-05,1.337e-05,222918299.0
1652176800000,1.337e-05,1.409e-05,1.333e-05,1.363e-05,406503644.0
1652180400000,1.359e-05,1.493e-05,1.336e-05,1.493e-05,514229272.0
1652184000000,1.436e-05,1.6e-05,1.406e-05,1.452e-05,722631112.0
1652187600000,1.452e-05,1.574e-05,1.345e-05,1.41e-05,504642733.0
1652191200000,1.41e-05,1.598e-05,1.32e-05,1.35e-05,714063086.0
1652194800000,1.339e-05,1.498e-05,1.206e-05,1.332e-05,621355885.0
1652198400000,1.339e-05,1.471e-05,1.279e-05,1.335e-05,239808770.0
1652202000000,1.328e-05,1.447e-05,1.328e-05,1.376e-05,301532893.0
1652205600000,1.376e-05,1.516e-05,1.341e-05,1.341e-05,307156926.0
1652209200000,1.334e-05,1.43e-05,1.206e-05,1.327e-05,402510004.0
1652212800000,1.418e-05,1.418e-05,1.255e-05,1.303e-05,71632144.0
1652216400000,1.302e-05,1.37e-05,1.251e-05,1.267e-05,273585594.0
1652220000000,1.237e-05,1.352e-05,1.237e-05,1.278e-05,672219603.0
1652223600000,1.287e-05,1.392e-05,1.246e-05,1.311e-05,136318485.0
1652227200000,1.311e-05,1.4e-05,1.25e-05,1.331e-05,246475497.0
1652230800000,1.331e-05,1.331e-05,1.272e-05,1.272e-05,79521172.0
1652234400000,1.322e-05,1.4e-05,1.26e-05,1.326e-05,510449965.0
1652238000000,1.326e-05,1.326e-05,1.294e-05,1.297e-05,17802580.0
1652241600000,1.289e-05,1.382e-05,1.26e-05,1.281e-05,118709735.0
1652245200000,1.372e-05,1.372e-05,1.276e-05,1.37e-05,84798302.0
1652248800000,1.287e-05,1.287e-05,1.214e-05,1.214e-05,206105136.0
1652252400000,1.239e-05,1.246e-05,1.2e-05,1.229e-05,1358442292.0
1652256000000,1.229e-05,1.252e-05,1.207e-05,1.233e-05,401817325.0
1652259600000,1.222e-05,1.296e-05,1.213e-05,1.277e-05,380876925.0
1652263200000,1.261e-05,1.261e-05,1.247e-05,1.247e-05,181748126.0
1652266800000,1.259e-05,1.35e-05,1.118e-05,1.174e-05,3870354623.0
1652270400000,1.204e-05,1.37e-05,8.01e-06,1.302e-05,1146268853.0
1652274000000,1.283e-05,1.493e-05,1.034e-05,1.26e-05,465971409.0
1652277600000,1.075e-05,1.26e-05,1.073e-05,1.115e-05,409397805.0
1652281200000,1.085e-05,1.376e-05,1.051e-05,1.064e-05,1845576583.0
1652284800000,1.075e-05,1.35e-05,1.001e-05,1.019e-05,1938893784.0
1652288400000,1.038e-05,1.102e-05,9.87e-06,1.093e-05,590875618.0
1652292000000,9.22e-06,1.09e-05,9.01e-06,9.9e-06,529534003.0
1652295600000,9.93e-06,1.055e-05,9e-06,1.055e-05,1141562541.0
1652299200000,1.036e-05,1.036e-05,9e-06,9.05e-06,210483447.0
1652302800000,9.12e-06,1.013e-05,8.98e-06,9.71e-06,609286793.0
1652306400000,9.7e-06,1.014e-05,9.69e-06,9.69e-06,128353775.0
1652310000000,1.01e-05,1.015e-05,9.39e-06,9.75e-06,120697693.0
1652313600000,9.75e-06,1.079e-05,9.45e-06,1.059e-05,293187198.0
1652317200000,1.05e-05,1.05e-05,9.84e-06,9.84e-06,520589640.0
1652320800000,9.7e-06,1.014e-05,9.5e-06,1.014e-05,193379636.0
1652324400000,9.33e-06,1.095e-05,8.99e-06,8.99e-06,317614201.0
1652328000000,9.02e-06,1.042e-05,8.11e-06,8.11e-06,319367958.0
1652331600000,8.11e-06,1e-05,7.74e-06,8.48e-06,592345342.0
1652335200000,8.48e-06,8.48e-06,7.58e-06,8.29e-06,475926869.0
1652338800000,7.61e-06,9.99e-06,6.51e-06,8.94e-06,1295884114.0
1652342400000,8.94e-06,9.99e-06,6.51e-06,7.52e-06,1076781053.0
1652346000000,8.9e-06,9.07e-06,7.6e-06,8.49e-06,493072542.0
1652349600000,8.21e-06,8.98e-06,8.2e-06,8.53e-06,406935352.0
1652353200000,8.77e-06,9.97e-06,8.55e-06,8.66e-06,895792482.0
1652356800000,8.66e-06,8.95e-06,8.21e-06,8.91e-06,289715558.0
1652360400000,8.89e-06,8.89e-06,8.26e-06,8.52e-06,214545877.0
1652364000000,8.87e-06,9.2e-06,8.35e-06,9.18e-06,736080333.0
1652367600000,9.17e-06,9.96e-06,9.11e-06,9.3e-06,1091784868.0
1652371200000,9.3e-06,9.77e-06,9.15e-06,9.75e-06,730965322.0
1652374800000,9.96e-06,9.97e-06,9.12e-06,9.32e-06,1100663098.0
1652378400000,9.13e-06,9.8e-06,8.76e-06,9.8e-06,173523643.0
1652382000000,8.93e-06,9.78e-06,8.87e-06,9.4e-06,163400637.0
1652385600000,9.03e-06,9.68e-06,8.59e-06,8.97e-06,746305698.0
1652389200000,8.91e-06,8.91e-06,8.5e-06,8.63e-06,433513407.0
1652392800000,8.8e-06,8.81e-06,8.41e-06,8.72e-06,214487615.0
1652396400000,8.76e-06,9.97e-06,8.44e-06,9.61e-06,372911610.0
1652400000000,8.86e-06,9.56e-06,8.43e-06,9.48e-06,592752154.0
1652403600000,9.81e-06,1.013e-05,9.44e-06,9.46e-06,170898253.0
1652407200000,9.67e-06,1.075e-05,9.67e-06,1.002e-05,53581657.0
1652410800000,1.002e-05,1.1e-05,1.002e-05,1.09e-05,150638440.0
1652414400000,1.082e-05,1.114e-05,1.027e-05,1.08e-05,267845679.0
1652418000000,1.078e-05,1.192e-05,1.073e-05,1.107e-05,904513056.0
1652421600000,1.125e-05,1.142e-05,1.078e-05,1.112e-05,220472953.0
1652425200000,1.1e-05,1.103e-05,1.027e-05,1.027e-05,576143126.0
1652428800000,1.04e-05,1.084e-05,1.036e-05,1.074e-05,895145255.0
1652432400000,1.077e-05,1.138e-05,1.051e-05,1.095e-05,667005414.0
1652436000000,1.058e-05,1.14e-05,1.058e-05,1.113e-05,190474708.0
1652439600000,1.105e-05,1.14e-05,1.086e-05,1.14e-05,685377265.0
1652443200000,1.192e-05,1.193e-05,1.098e-05,1.126e-05,323202825.0
1652446800000,1.125e-05,1.192e-05,1.091e-05,1.156e-05,118185371.0
1652450400000,1.159e-05,1.19e-05,1.113e-05,1.151e-05,310267762.0
1652454000000,1.145e-05,1.2e-05,1.107e-05,1.112e-05,657223336.0
1652457600000,1.112e-05,1.189e-05,1.055e-05,1.055e-05,1049768139.0
1652461200000,1.051e-05,1.14e-05,1.041e-05,1.041e-05,366560104.0
1652464800000,1.041e-05,1.122e-05,1.026e-05,1.064e-05,253001629.0
1652468400000,1.062e-05,1.084e-05,1.032e-05,1.056e-05,200503722.0
1652472000000,1.041e-05,1.08e-05,1.037e-05,1.05e-05,141556243.0
1652475600000,1.04e-05,1.163e-05,1.036e-05,1.163e-05,394266690.0
1652479200000,1.163e-05,1.163e-05,1.053e-05,1.053e-05,224857404.0
1652482800000,1.141e-05,1.141e-05,1.021e-05,1.023e-05,138225745.0
1652486400000,1.09e-05,1.11e-05,1.04e-05,1.068e-05,39338214.0
1652490000000,1.068e-05,1.114e-05,1.068e-05,1.114e-05,69800119.0
1652493600000,1.114e-05,1.114e-05,1.114e-05,1.114e-05,0.0
1652497200000,1.053e-05,1.053e-05,1.053e-05,1.053e-05,7900444.0
1652500800000,1.034e-05,1.034e-05,1.02e-05,1.02e-05,38669028.0
1652504400000,1.02e-05,1.071e-05,1.012e-05,1.071e-05,218366401.0
1652508000000,1.022e-05,1.108e-05,1.017e-05,1.017e-05,21540330.0
1652511600000,1.019e-05,1.073e-05,1.012e-05,1.025e-05,337188551.0
1652515200000,1.022e-05,1.048e-05,9.88e-06,1.048e-05,262361357.0
1652518800000,1.007e-05,1.063e-05,9.87e-06,9.99e-06,148426415.0
1652522400000,9.96e-06,1e-05,9.63e-06,9.68e-06,113475689.0
1652526000000,9.91e-06,9.91e-06,9.4e-06,9.53e-06,527261820.0
1652529600000,9.92e-06,1.034e-05,9.48e-06,9.63e-06,349040320.0
1652533200000,9.6e-06,9.95e-06,9.42e-06,9.45e-06,325169835.0
1652536800000,9.4e-06,9.84e-06,9.31e-06,9.41e-06,366413542.0
1652540400000,9.67e-06,9.7e-06,9.29e-06,9.46e-06,203744188.0
1652544000000,9.45e-06,1.01e-05,9.35e-06,9.92e-06,938765281.0
1652547600000,9.79e-06,9.98e-06,9.66e-06,9.98e-06,135229465.0
1652551200000,9.98e-06,1.01e-05,9.8e-06,9.84e-06,137317841.0
1652554800000,9.72e-06,9.78e-06,9.6e-06,9.69e-06,107936659.0
1652558400000,9.75e-06,9.89e-06,9.56e-06,9.8e-06,254828477.0
1652562000000,9.76e-06,1.002e-05,9.57e-06,9.95e-06,393857506.0
1652565600000,9.98e-06,1.114e-05,9.71e-06,1.019e-05,847509971.0
1652569200000,1.019e-05,1.114e-05,1.004e-05,1.034e-05,170400325.0
1652572800000,1.014e-05,1.033e-05,1.004e-05,1.004e-05,62100353.0
1652576400000,1.004e-05,1.016e-05,9.87e-06,9.99e-06,54255664.0
1652580000000,1.01e-05,1.016e-05,9.8e-06,1.016e-05,97763348.0
1652583600000,9.78e-06,1.009e-05,9.78e-06,1.009e-05,12641409.0
1652587200000,1.04e-05,1.04e-05,1.04e-05,1.04e-05,4649502.0
1652590800000,1.022e-05,1.023e-05,9.86e-06,1.002e-05,52457422.0
1652594400000,9.88e-06,1.014e-05,9.88e-06,1.014e-05,11808865.0
1652598000000,1.01e-05,1.021e-05,1e-05,1.016e-05,52427842.0
1652601600000,1.016e-05,1.016e-05,9.85e-06,9.88e-06,44614850.0
1652605200000,1.024e-05,1.08e-05,1.001e-05,1.025e-05,140093753.0
1652608800000,1.018e-05,1.024e-05,9.96e-06,1.024e-05,124001258.0
1652612400000,1.024e-05,1.04e-05,1.006e-05,1.038e-05,419358782.0
1652616000000,1.035e-05,1.039e-05,1.004e-05,1.037e-05,127111645.0
1652619600000,1.021e-05,1.021e-05,1.001e-05,1.021e-05,40756394.0
1652623200000,1.005e-05,1.019e-05,9.87e-06,9.88e-06,112232250.0
1652626800000,9.89e-06,1.022e-05,9.89e-06,1.004e-05,52921146.0
1652630400000,1.002e-05,1.022e-05,9.9e-06,1.011e-05,146950267.0
1652634000000,1.011e-05,1.024e-05,9.96e-06,1.004e-05,266507636.0
1652637600000,1.014e-05,1.03e-05,9.91e-06,1.022e-05,102564450.0
1652641200000,1.033e-05,1.057e-05,1.009e-05,1.057e-05,368682453.0
1652644800000,1.027e-05,1.074e-05,1.022e-05,1.025e-05,41726075.0
1652648400000,1.063e-05,1.068e-05,1.013e-05,1.059e-05,80477207.0
1652652000000,1.052e-05,1.07e-05,1.012e-05,1.05e-05,753479766.0
1652655600000,1.06e-05,1.072e-05,1.047e-05,1.052e-05,43754167.0
1652659200000,1.072e-05,1.072e-05,1.044e-05,1.044e-05,318707470.0
1652662800000,1.072e-05,1.072e-05,1.023e-05,1.023e-05,4185147.0
1652666400000,1.023e-05,1.023e-05,1.023e-05,1.023e-05,58602150.0
1652670000000,1.018e-05,1.036e-05,1.017e-05,1.036e-05,29614244.0
1652673600000,1.034e-05,1.034e-05,1.025e-05,1.025e-05,26913270.0
1652677200000,1.026e-05,1.03e-05,1.016e-05,1.016e-05,209271851.0
1652680800000,1.024e-05,1.024e-05,9.76e-06,9.8e-06,124137074.0
1652684400000,9.75e-06,1.026e-05,9.75e-06,9.84e-06,918267801.0
1652688000000,9.81e-06,1.025e-05,9.81e-06,1e-05,69240290.0
1652691600000,9.99e-06,1.015e-05,9.79e-06,9.89e-06,220486502.0
1652695200000,9.75e-06,1.018e-05,9.75e-06,9.97e-06,517833351.0
1652698800000,1.018e-05,1.018e-05,9.81e-06,9.81e-06,71570819.0
1652702400000,1.008e-05,1.008e-05,9.65e-06,9.77e-06,59404606.0
1652706000000,1.008e-05,1.008e-05,9.73e-06,1.003e-05,89797238.0
1652709600000,9.73e-06,9.84e-06,9.67e-06,9.7e-06,46369830.0
1652713200000,9.95e-06,9.95e-06,9.69e-06,9.76e-06,36653914.0
1652716800000,9.82e-06,9.82e-06,9.48e-06,9.48e-06,78480000.0
1652720400000,9.72e-06,9.78e-06,9.47e-06,9.75e-06,200375928.0
1652724000000,9.75e-06,9.81e-06,9.75e-06,9.81e-06,634026551.0
1652727600000,9.89e-06,9.93e-06,9.67e-06,9.93e-06,109471992.0
1652731200000,9.76e-06,9.98e-06,9.58e-06,9.66e-06,85954925.0
1652734800000,9.74e-06,1.016e-05,9.73e-06,9.96e-06,134078830.0
1652738400000,9.78e-06,9.84e-06,9.78e-06,9.78e-06,24431693.0
1652742000000,9.83e-06,9.83e-06,9.83e-06,9.83e-06,2553407.0
1652745600000,9.62e-06,9.79e-06,9.62e-06,9.79e-06,12051957.0
1652749200000,9.97e-06,9.97e-06,9.97e-06,9.97e-06,3624920.0
1652752800000,1.001e-05,1.001e-05,9.82e-06,9.82e-06,4886598.0
1652756400000,9.88e-06,1.012e-05,9.87e-06,1.012e-05,80498989.0
1652760000000,1.012e-05,1.025e-05,9.91e-06,1.02e-05,259574722.0
1652763600000,1.02e-05,1.048e-05,1.011e-05,1.011e-05,84651742.0
1652767200000,1.017e-05,1.05e-05,1.017e-05,1.05e-05,10500563.0
1652770800000,1.008e-05,1.008e-05,1.005e-05,1.005e-05,3194030.0
1652774400000,1.001e-05,1.024e-05,1.001e-05,1.024e-05,10709547.0
1652778000000,1.003e-05,1.02e-05,1.003e-05,1.011e-05,226375098.0
1652781600000,1.004e-05,1.004e-05,9.91e-06,9.91e-06,22699263.0
1652785200000,1.024e-05,1.047e-05,9.91e-06,9.93e-06,469339075.0
1652788800000,9.91e-06,1.013e-05,9.91e-06,1.013e-05,151791073.0
1652792400000,1.036e-05,1.037e-05,1.001e-05,1.004e-05,28159741.0
1652796000000,1.04e-05,1.04e-05,9.8e-06,9.8e-06,232781766.0
1652799600000,1.007e-05,1.007e-05,9.77e-06,9.81e-06,177258198.0
1652803200000,1.008e-05,1.008e-05,9.77e-06,1e-05,474516892.0
1652806800000,1.009e-05,1.009e-05,9.92e-06,9.92e-06,7035146.0
1652810400000,9.8e-06,9.8e-06,9.64e-06,9.78e-06,6934057.0
1652814000000,1.004e-05,1.004e-05,9.89e-06,1.003e-05,151824784.0
1652817600000,1.003e-05,1.003e-05,9.88e-06,9.95e-06,149892551.0
1652821200000,9.93e-06,1.006e-05,9.89e-06,1.006e-05,187909204.0
1652824800000,1.006e-05,1.01e-05,9.97e-06,9.97e-06,54992164.0
1652828400000,1.033e-05,1.033e-05,1.004e-05,1.033e-05,21875677.0
1652832000000,1.028e-05,1.028e-05,1.012e-05,1.012e-05,71893668.0
1652835600000,9.99e-06,9.99e-06,9.99e-06,9.99e-06,23513706.0
1652839200000,9.96e-06,9.96e-06,9.96e-06,9.96e-06,20410541.0
1652842800000,9.89e-06,9.89e-06,9.84e-06,9.84e-06,7249842.0
1652846400000,9.75e-06,9.75e-06,9.75e-06,9.75e-06,14882426.0
1652850000000,1.005e-05,1.005e-05,1.005e-05,1.005e-05,4954493.0
1652853600000,1.002e-05,1.002e-05,1e-05,1e-05,11028413.0
1652857200000,9.95e-06,1.003e-05,9.81e-06,1.003e-05,17906452.0
1652860800000,9.81e-06,1.003e-05,9.81e-06,9.83e-06,65697687.0
1652864400000,1.001e-05,1.003e-05,9.88e-06,1e-05,37349581.0
1652868000000,9.99e-06,1.004e-05,9.87e-06,1.004e-05,59410510.0
1652871600000,9.96e-06,1e-05,9.83e-06,9.84e-06,117005107.0
1652875200000,9.84e-06,1.003e-05,9.77e-06,9.77e-06,106483244.0
1652878800000,9.71e-06,9.98e-06,9.65e-06,9.65e-06,334078096.0
1652882400000,9.66e-06,9.92e-06,9.64e-06,9.76e-06,128865779.0
1652886000000,9.52e-06,9.98e-06,9.31e-06,9.31e-06,393886843.0
1652889600000,9.3e-06,9.52e-06,9.02e-06,9.49e-06,368739800.0
1652893200000,9.58e-06,9.86e-06,9.57e-06,9.86e-06,149189604.0
1652896800000,9.47e-06,9.82e-06,9.47e-06,9.51e-06,39878704.0
1652900400000,9.83e-06,9.83e-06,9.64e-06,9.64e-06,97638363.0
1652904000000,9.64e-06,9.72e-06,9.51e-06,9.72e-06,22743072.0
1652907600000,9.55e-06,9.71e-06,9.55e-06,9.55e-06,206141892.0
1652911200000,9.52e-06,9.71e-06,9.51e-06,9.51e-06,44829512.0
1652914800000,9.46e-06,9.68e-06,9.31e-06,9.32e-06,232701637.0
1652918400000,9.32e-06,9.62e-06,9.32e-06,9.44e-06,226342571.0
1652922000000,9.44e-06,9.44e-06,9.2e-06,9.2e-06,15005035.0
1652925600000,9.2e-06,9.2e-06,9.11e-06,9.11e-06,25256732.0
1652929200000,9.11e-06,9.11e-06,9.11e-06,9.11e-06,0.0
1652932800000,9.3e-06,9.55e-06,9.3e-06,9.55e-06,75818639.0
1652936400000,9.13e-06,9.59e-06,9.13e-06,9.59e-06,15746398.0
1652940000000,9.57e-06,9.57e-06,9.57e-06,9.57e-06,1149425.0
1652943600000,9.57e-06,9.57e-06,9.34e-06,9.34e-06,16967941.0
1652947200000,9.31e-06,9.31e-06,9.26e-06,9.26e-06,76071483.0
1652950800000,9.13e-06,9.55e-06,9.13e-06,9.29e-06,10528554.0
1652954400000,9.14e-06,1.047e-05,9.12e-06,9.2e-06,405539145.0
1652958000000,9.54e-06,9.74e-06,9.22e-06,9.31e-06,175625201.0
1652961600000,9.57e-06,9.57e-06,9.29e-06,9.51e-06,38710687.0
1652965200000,9.51e-06,9.51e-06,9.31e-06,9.32e-06,17612942.0
1652968800000,9.33e-06,9.65e-06,9.33e-06,9.39e-06,68402534.0
1652972400000,9.74e-06,9.79e-06,9.54e-06,9.54e-06,257764185.0
1652976000000,9.63e-06,9.64e-06,9.48e-06,9.48e-06,207008545.0
1652979600000,9.43e-06,9.62e-06,9.42e-06,9.42e-06,54749963.0
1652983200000,9.48e-06,9.55e-06,9.48e-06,9.48e-06,190640530.0
1652986800000,9.52e-06,9.52e-06,9.35e-06,9.35e-06,111046626.0
1652990400000,9.41e-06,9.49e-06,9.41e-06,9.42e-06,15041748.0
1652994000000,9.47e-06,9.58e-06,9.41e-06,9.41e-06,91170766.0
1652997600000,9.46e-06,9.46e-06,9.28e-06,9.28e-06,129910565.0
1653001200000,9.51e-06,9.51e-06,9.42e-06,9.43e-06,44479310.0
1653004800000,9.57e-06,9.57e-06,9.36e-06,9.46e-06,44387690.0
1653008400000,9.44e-06,9.62e-06,9.39e-06,9.53e-06,128606022.0
1653012000000,9.53e-06,9.53e-06,9.48e-06,9.48e-06,35750222.0
1653015600000,9.58e-06,9.61e-06,9.4e-06,9.5e-06,246273169.0
1653019200000,9.5e-06,9.53e-06,9.38e-06,9.38e-06,31300010.0
1653022800000,9.61e-06,9.61e-06,9.39e-06,9.39e-06,12155410.0
1653026400000,9.51e-06,9.52e-06,9.35e-06,9.4e-06,60983125.0
1653030000000,9.4e-06,9.51e-06,9.33e-06,9.47e-06,85488550.0
1653033600000,9.39e-06,9.54e-06,9.39e-06,9.52e-06,173194256.0
1653037200000,9.53e-06,9.58e-06,9.53e-06,9.58e-06,81940251.0
1653040800000,9.57e-06,9.69e-06,9.46e-06,9.6e-06,41630095.0
1653044400000,9.6e-06,9.65e-06,9.5e-06,9.64e-06,158975955.0
1653048000000,9.61e-06,9.61e-06,9.39e-06,9.47e-06,13282108.0
1653051600000,9.5e-06,9.52e-06,9.32e-06,9.52e-06,86473149.0
1653055200000,9.51e-06,9.51e-06,9.27e-06,9.27e-06,205317182.0
1653058800000,9.27e-06,9.27e-06,9.12e-06,9.16e-06,48230335.0
1653062400000,9.15e-06,9.19e-06,9.03e-06,9.08e-06,196072743.0
1653066000000,9.43e-06,9.49e-06,9.07e-06,9.15e-06,39507858.0
1653069600000,9.15e-06,9.17e-06,9.15e-06,9.17e-06,33705302.0
1653073200000,9.48e-06,9.54e-06,9.21e-06,9.38e-06,146079339.0
1653076800000,9.22e-06,9.61e-06,9.17e-06,9.32e-06,29908833.0
1653080400000,9.48e-06,9.48e-06,9.34e-06,9.34e-06,127811295.0
1653084000000,9.34e-06,9.35e-06,9.34e-06,9.35e-06,35755028.0
1653087600000,9.2e-06,9.31e-06,9.19e-06,9.29e-06,90302649.0
1653091200000,9.26e-06,9.32e-06,9.05e-06,9.2e-06,501822360.0
1653094800000,9.06e-06,9.06e-06,9.06e-06,9.06e-06,2668046.0
1653098400000,9.33e-06,9.33e-06,9.33e-06,9.33e-06,2115998.0
1653102000000,9.33e-06,9.33e-06,9.33e-06,9.33e-06,0.0
1653105600000,9.33e-06,9.33e-06,9.33e-06,9.33e-06,0.0
1653109200000,9.37e-06,9.37e-06,9.36e-06,9.37e-06,63647762.0
1653112800000,9.37e-06,9.37e-06,9.15e-06,9.28e-06,369046529.0
1653116400000,9.2e-06,9.25e-06,9.2e-06,9.24e-06,33940873.0
1653120000000,9.24e-06,9.24e-06,9.24e-06,9.24e-06,14069264.0
1653123600000,9.3e-06,9.3e-06,9.16e-06,9.3e-06,30770840.0
1653127200000,9.38e-06,9.38e-06,9.18e-06,9.18e-06,326114025.0
1653130800000,9.24e-06,9.27e-06,9.17e-06,9.27e-06,127719792.0
1653134400000,9.26e-06,9.26e-06,9.17e-06,9.17e-06,79699702.0
1653138000000,9.17e-06,9.49e-06,9.17e-06,9.37e-06,43993981.0
1653141600000,9.3e-06,9.39e-06,9.24e-06,9.36e-06,17084513.0
1653145200000,9.33e-06,9.48e-06,9.33e-06,9.41e-06,52200260.0
1653148800000,9.31e-06,9.66e-06,9.31e-06,9.31e-06,76611844.0
1653152400000,9.31e-06,9.31e-06,9.31e-06,9.31e-06,0.0
1653156000000,9.62e-06,9.62e-06,9.62e-06,9.62e-06,4127798.0
1653159600000,9.61e-06,9.61e-06,9.33e-06,9.33e-06,16561471.0
1653163200000,9.55e-06,9.62e-06,9.33e-06,9.33e-06,15734413.0
1653166800000,9.52e-06,9.66e-06,9.52e-06,9.59e-06,16736457.0
1653170400000,9.31e-06,9.41e-06,9.19e-06,9.41e-06,56964323.0
1653174000000,9.27e-06,9.54e-06,9.27e-06,9.54e-06,26120793.0
1653177600000,9.26e-06,9.26e-06,9.26e-06,9.26e-06,2120955.0
1653181200000,9.26e-06,9.43e-06,9.26e-06,9.43e-06,24228548.0
1653184800000,9.44e-06,9.53e-06,9.44e-06,9.53e-06,33999984.0
1653188400000,9.53e-06,9.53e-06,9.53e-06,9.53e-06,0.0
1653192000000,9.49e-06,9.49e-06,9.47e-06,9.47e-06,30148005.0
1653195600000,9.47e-06,9.47e-06,9.47e-06,9.47e-06,0.0
1653199200000,9.36e-06,9.36e-06,9.36e-06,9.36e-06,5852976.0
1653202800000,9.38e-06,9.39e-06,9.38e-06,9.39e-06,14349436.0
1653206400000,9.41e-06,9.66e-06,9.41e-06,9.51e-06,101500583.0
1653210000000,9.51e-06,9.64e-06,9.42e-06,9.64e-06,49769197.0
1653213600000,9.64e-06,9.79e-06,9.45e-06,9.74e-06,195089747.0
1653217200000,9.46e-06,9.55e-06,9.4e-06,9.5e-06,41441202.0
1653220800000,9.41e-06,9.74e-06,9.41e-06,9.63e-06,38750887.0
1653224400000,9.48e-06,9.73e-06,9.48e-06,9.64e-06,6297427.0
1653228000000,9.64e-06,9.64e-06,9.47e-06,9.47e-06,17398115.0
1653231600000,9.47e-06,9.48e-06,9.4e-06,9.42e-06,363611847.0
1653235200000,9.43e-06,9.43e-06,9.4e-06,9.4e-06,42367752.0
1653238800000,9.57e-06,9.57e-06,9.41e-06,9.41e-06,11051981.0
1653242400000,9.58e-06,9.61e-06,9.4e-06,9.61e-06,40770639.0
1653246000000,9.61e-06,9.61e-06,9.41e-06,9.41e-06,5408596.0
1653249600000,9.6e-06,9.61e-06,9.49e-06,9.49e-06,153779253.0
1653253200000,9.46e-06,9.76e-06,9.4e-06,9.42e-06,88858110.0
1653256800000,9.64e-06,9.71e-06,9.5e-06,9.51e-06,79706600.0
1653260400000,9.71e-06,9.79e-06,9.45e-06,9.5e-06,62602871.0
1653264000000,9.5e-06,9.75e-06,9.44e-06,9.62e-06,86574956.0
1653267600000,9.73e-06,9.73e-06,9.54e-06,9.54e-06,20134653.0
1653271200000,9.43e-06,9.43e-06,9.39e-06,9.39e-06,38925445.0
1653274800000,9.39e-06,9.39e-06,9.39e-06,9.39e-06,0.0
1653278400000,9.39e-06,9.39e-06,9.38e-06,9.38e-06,10191738.0
1653282000000,9.39e-06,9.77e-06,9.39e-06,9.46e-06,90753491.0
1653285600000,9.56e-06,9.89e-06,9.56e-06,9.74e-06,2817179766.0
1653289200000,1e-05,1.025e-05,9.99e-06,1.002e-05,76005250.0
1653292800000,9.83e-06,1.007e-05,9.82e-06,9.87e-06,110333036.0
1653296400000,9.94e-06,9.97e-06,9.79e-06,9.79e-06,65908609.0
1653300000000,9.94e-06,1e-05,9.93e-06,9.94e-06,21299002.0
1653303600000,9.94e-06,9.97e-06,9.84e-06,9.92e-06,66709838.0
1653307200000,9.89e-06,9.95e-06,9.78e-06,9.78e-06,136812955.0
1653310800000,9.72e-06,9.89e-06,9.61e-06,9.77e-06,196811753.0
1653314400000,9.58e-06,9.73e-06,9.58e-06,9.72e-06,39720493.0
1653318000000,9.72e-06,9.95e-06,9.72e-06,9.73e-06,89046212.0
1653321600000,9.83e-06,9.95e-06,9.73e-06,9.8e-06,159071554.0
1653325200000,9.76e-06,9.77e-06,9.63e-06,9.63e-06,126899525.0
1653328800000,9.71e-06,9.76e-06,9.62e-06,9.62e-06,67030136.0
1653332400000,9.55e-06,9.55e-06,9.31e-06,9.31e-06,708422284.0
1653336000000,9.32e-06,9.52e-06,9.32e-06,9.51e-06,49086215.0
1653339600000,9.49e-06,9.49e-06,9.39e-06,9.44e-06,35792500.0
1653343200000,9.4e-06,9.4e-06,9.23e-06,9.38e-06,266324138.0
1653346800000,9.32e-06,9.36e-06,9.15e-06,9.36e-06,43016920.0
1653350400000,9.36e-06,9.36e-06,9.36e-06,9.36e-06,7067151.0
1653354000000,9.57e-06,9.57e-06,9.26e-06,9.26e-06,101457166.0
1653357600000,9.53e-06,9.54e-06,9.52e-06,9.52e-06,33755606.0
1653361200000,9.51e-06,9.51e-06,9.51e-06,9.51e-06,5240143.0
1653364800000,9.51e-06,9.51e-06,9.51e-06,9.51e-06,28737424.0
1653368400000,9.51e-06,9.88e-06,9.39e-06,9.39e-06,57664496.0
1653372000000,9.4e-06,9.4e-06,9.4e-06,9.4e-06,14913770.0
1653375600000,9.52e-06,9.52e-06,9.38e-06,9.42e-06,37998179.0
1653379200000,9.43e-06,9.43e-06,9.04e-06,9.26e-06,130179764.0
1653382800000,9.39e-06,9.39e-06,9.35e-06,9.35e-06,18906445.0
1653386400000,9.31e-06,9.42e-06,9.05e-06,9.33e-06,205336179.0
1653390000000,9.44e-06,9.46e-06,9.3e-06,9.3e-06,23935128.0
1653393600000,9.16e-06,9.42e-06,9.16e-06,9.42e-06,25318132.0
1653397200000,9.22e-06,9.39e-06,9.07e-06,9.17e-06,218489313.0
1653400800000,9.06e-06,9.2e-06,9.02e-06,9.19e-06,102649328.0
1653404400000,9.24e-06,9.3e-06,9.23e-06,9.27e-06,60832700.0
1653408000000,9.23e-06,9.33e-06,9.23e-06,9.28e-06,66755032.0
1653411600000,9.13e-06,9.19e-06,9.13e-06,9.19e-06,54057595.0
1653415200000,9.32e-06,9.33e-06,9.32e-06,9.33e-06,25479187.0
1653418800000,9.24e-06,9.31e-06,9.24e-06,9.3e-06,30106418.0
1653422400000,9.29e-06,9.84e-06,9.29e-06,9.35e-06,69351208.0
1653426000000,9.31e-06,9.42e-06,9.29e-06,9.37e-06,107130723.0
1653429600000,9.24e-06,9.39e-06,9.24e-06,9.39e-06,95591721.0
1653433200000,9.39e-06,9.41e-06,9.37e-06,9.41e-06,33105671.0
1653436800000,9.46e-06,9.58e-06,9.26e-06,9.58e-06,26907347.0
1653440400000,9.58e-06,9.58e-06,9.58e-06,9.58e-06,0.0
1653444000000,9.69e-06,9.69e-06,9.69e-06,9.69e-06,40997383.0
1653447600000,9.38e-06,9.57e-06,9.26e-06,9.57e-06,63913512.0
1653451200000,9.51e-06,9.52e-06,9.51e-06,9.52e-06,20756309.0
1653454800000,9.17e-06,9.17e-06,9.17e-06,9.17e-06,2839538.0
1653458400000,9.17e-06,9.17e-06,9.17e-06,9.17e-06,3101634.0
1653462000000,9.18e-06,9.39e-06,9.14e-06,9.28e-06,40653224.0
1653465600000,9.23e-06,9.25e-06,9.18e-06,9.25e-06,38171253.0
1653469200000,9.3e-06,9.5e-06,9.23e-06,9.49e-06,71360987.0
1653472800000,9.27e-06,9.46e-06,9.18e-06,9.35e-06,34131030.0
1653476400000,9.33e-06,9.33e-06,9.25e-06,9.25e-06,38837072.0
1653480000000,9.19e-06,9.34e-06,9.15e-06,9.34e-06,72989188.0
1653483600000,9.16e-06,9.27e-06,9.16e-06,9.25e-06,118727626.0
1653487200000,9.43e-06,9.45e-06,9.15e-06,9.23e-06,105555987.0
1653490800000,9.2e-06,9.4e-06,9.16e-06,9.35e-06,150409094.0
1653494400000,9.35e-06,9.36e-06,9.14e-06,9.14e-06,56801302.0
1653498000000,9.18e-06,9.35e-06,9.18e-06,9.18e-06,31398163.0
1653501600000,9.3e-06,9.3e-06,9.2e-06,9.22e-06,60044511.0
1653505200000,9.39e-06,9.84e-06,9.15e-06,9.28e-06,396883890.0
1653508800000,9.21e-06,9.62e-06,9.21e-06,9.29e-06,11545110.0
1653512400000,9.3e-06,9.3e-06,9.23e-06,9.25e-06,9382855.0
1653516000000,9.25e-06,9.25e-06,9.14e-06,9.23e-06,150170882.0
1653519600000,9.26e-06,9.26e-06,9.17e-06,9.23e-06,51012177.0
1653523200000,9.23e-06,9.3e-06,9.23e-06,9.29e-06,39429066.0
1653526800000,9.27e-06,9.27e-06,9.27e-06,9.27e-06,2137154.0
1653530400000,9.27e-06,9.27e-06,9.27e-06,9.27e-06,0.0
1653534000000,9.27e-06,9.45e-06,9.27e-06,9.28e-06,37647421.0
1653537600000,9.28e-06,9.28e-06,9.28e-06,9.28e-06,0.0
1653541200000,9.17e-06,9.17e-06,9.07e-06,9.07e-06,97505494.0
1653544800000,9.03e-06,9.03e-06,9.01e-06,9.03e-06,20786680.0
1653548400000,9.39e-06,9.5e-06,9.02e-06,9.1e-06,83215312.0
1653552000000,9.07e-06,9.65e-06,8.55e-06,8.68e-06,248614457.0
1653555600000,8.68e-06,9.65e-06,8.68e-06,8.78e-06,305986074.0
1653559200000,8.74e-06,9.21e-06,8.68e-06,8.73e-06,64453586.0
1653562800000,8.68e-06,8.69e-06,8.57e-06,8.69e-06,100189477.0
1653566400000,8.69e-06,8.99e-06,8.62e-06,8.99e-06,164971170.0
1653570000000,8.65e-06,9.49e-06,8.21e-06,8.7e-06,441947856.0
1653573600000,9.34e-06,9.34e-06,8.75e-06,9.21e-06,76338609.0
1653577200000,9.21e-06,9.21e-06,8.72e-06,8.74e-06,25381912.0
1653580800000,9.13e-06,9.13e-06,8.79e-06,8.79e-06,20476222.0
1653584400000,8.83e-06,8.83e-06,8.77e-06,8.8e-06,125076300.0
1653588000000,8.75e-06,8.95e-06,8.69e-06,8.7e-06,90344160.0
1653591600000,8.7e-06,8.7e-06,8.49e-06,8.5e-06,71730011.0
1653595200000,8.51e-06,8.69e-06,8.49e-06,8.49e-06,90650497.0
1653598800000,8.57e-06,8.69e-06,8.52e-06,8.69e-06,209756367.0
1653602400000,8.55e-06,8.69e-06,8.31e-06,8.31e-06,29224774.0
1653606000000,8.48e-06,8.48e-06,8.44e-06,8.44e-06,146576759.0
1653609600000,8.61e-06,8.68e-06,7.48e-06,7.48e-06,267409476.0
1653613200000,8.68e-06,8.68e-06,8.14e-06,8.55e-06,42622859.0
1653616800000,8.54e-06,8.54e-06,7.89e-06,8.08e-06,81835451.0
1653620400000,8.51e-06,8.51e-06,8.51e-06,8.51e-06,3400048.0
1653624000000,8.09e-06,8.12e-06,8.08e-06,8.08e-06,11812472.0
1653627600000,8.1e-06,8.59e-06,8.08e-06,8.13e-06,138007144.0
1653631200000,8.13e-06,8.29e-06,8.09e-06,8.29e-06,69923151.0
1653634800000,8.36e-06,8.48e-06,8.36e-06,8.48e-06,427065315.0
1653638400000,8.46e-06,8.46e-06,8.33e-06,8.44e-06,24545904.0
1653642000000,8.17e-06,8.44e-06,8.04e-06,8.25e-06,161917125.0
1653645600000,8.29e-06,8.33e-06,8.18e-06,8.18e-06,679979941.0
1653649200000,8.13e-06,8.24e-06,8.13e-06,8.24e-06,93539806.0
1653652800000,8.16e-06,8.49e-06,8.01e-06,8.49e-06,42665628.0
1653656400000,8.49e-06,8.7e-06,8.44e-06,8.44e-06,1273876062.0
1653660000000,8.44e-06,9.5e-06,8.27e-06,8.27e-06,151333162.0
1653663600000,8.29e-06,8.6e-06,8.19e-06,8.36e-06,594792144.0
1653667200000,8.74e-06,8.74e-06,8.34e-06,8.44e-06,117741255.0
1653670800000,8.44e-06,8.74e-06,8.16e-06,8.44e-06,141388277.0
1653674400000,8.18e-06,9.82e-06,8.02e-06,8.22e-06,660443183.0
1653678000000,8.26e-06,8.45e-06,8.14e-06,8.32e-06,130613583.0
1653681600000,8.61e-06,8.73e-06,8.2e-06,8.34e-06,332688636.0
1653685200000,8.34e-06,8.35e-06,8.34e-06,8.34e-06,148229632.0
1653688800000,8.34e-06,8.51e-06,8.34e-06,8.51e-06,46097783.0
1653692400000,8.28e-06,8.28e-06,8.22e-06,8.22e-06,153661422.0
1653696000000,8.72e-06,9.8e-06,8.15e-06,8.5e-06,1149102704.0
1653699600000,8.45e-06,8.45e-06,8.29e-06,8.36e-06,42625442.0
1653703200000,8.37e-06,8.37e-06,8.25e-06,8.34e-06,68211543.0
1653706800000,8.4e-06,8.4e-06,8.4e-06,8.4e-06,11520647.0
1653710400000,8.43e-06,8.43e-06,8.43e-06,8.43e-06,18070321.0
1653714000000,8.52e-06,8.52e-06,8.47e-06,8.47e-06,27261628.0
1653717600000,8.47e-06,8.47e-06,8.47e-06,8.47e-06,0.0
1653721200000,8.43e-06,8.43e-06,8.43e-06,8.43e-06,2434474.0
1653724800000,8.43e-06,8.43e-06,8.27e-06,8.34e-06,248476793.0
1653728400000,8.41e-06,8.41e-06,8.34e-06,8.34e-06,60866572.0
1653732000000,8.25e-06,8.42e-06,8.25e-06,8.29e-06,68856439.0
1653735600000,8.43e-06,8.51e-06,8.35e-06,8.5e-06,50603182.0
1653739200000,8.35e-06,8.58e-06,8.34e-06,8.5e-06,43472294.0
1653742800000,8.59e-06,8.59e-06,8.38e-06,8.38e-06,19241596.0
1653746400000,8.38e-06,8.59e-06,8.38e-06,8.51e-06,109357528.0
1653750000000,8.36e-06,8.52e-06,8.36e-06,8.52e-06,46731178.0
1653753600000,8.59e-06,8.59e-06,8.46e-06,8.46e-06,37828839.0
1653757200000,8.46e-06,8.74e-06,8.45e-06,8.45e-06,7915916.0
1653760800000,8.34e-06,8.34e-06,8.34e-06,8.34e-06,2398081.0
1653764400000,8.33e-06,8.63e-06,8.02e-06,8.63e-06,225602170.0
1653768000000,8.55e-06,8.57e-06,8.49e-06,8.55e-06,55347337.0
1653771600000,8.61e-06,8.61e-06,8.45e-06,8.54e-06,86261857.0
1653775200000,8.46e-06,8.54e-06,8.46e-06,8.53e-06,10944967.0
1653778800000,8.44e-06,8.6e-06,8.44e-06,8.57e-06,23812595.0
1653782400000,8.46e-06,8.48e-06,8.46e-06,8.48e-06,26164596.0
1653786000000,8.49e-06,8.53e-06,8.27e-06,8.51e-06,63983642.0
1653789600000,8.51e-06,8.51e-06,8.51e-06,8.51e-06,0.0
1653793200000,8.49e-06,8.49e-06,8.49e-06,8.49e-06,37527001.0
1653796800000,8.41e-06,8.41e-06,8.36e-06,8.36e-06,56412400.0
1653800400000,8.36e-06,8.36e-06,8.36e-06,8.36e-06,0.0
1653804000000,8.36e-06,8.36e-06,8.36e-06,8.36e-06,0.0
1653807600000,8.52e-06,8.57e-06,8.52e-06,8.53e-06,10294155.0
1653811200000,8.43e-06,9.54e-06,8.43e-06,8.54e-06,197297901.0
1653814800000,8.54e-06,8.54e-06,8.46e-06,8.5e-06,200750869.0
1653818400000,8.51e-06,8.87e-06,8.49e-06,8.55e-06,256905792.0
1653822000000,8.53e-06,8.58e-06,8.53e-06,8.58e-06,73099259.0
1653825600000,8.58e-06,9.25e-06,8.58e-06,8.69e-06,141314223.0
1653829200000,8.72e-06,9.1e-06,8.71e-06,8.85e-06,89038110.0
1653832800000,9.19e-06,9.27e-06,8.93e-06,9.27e-06,650799899.0
1653836400000,9.29e-06,9.36e-06,8.78e-06,8.83e-06,695176388.0
1653840000000,9.13e-06,9.18e-06,8.99e-06,9.05e-06,566647202.0
1653843600000,9.08e-06,9.18e-06,8.99e-06,9e-06,273077501.0
1653847200000,8.93e-06,9.11e-06,8.81e-06,9.06e-06,303199115.0
1653850800000,8.85e-06,8.85e-06,8.79e-06,8.79e-06,131314479.0
1653854400000,8.97e-06,9.04e-06,8.89e-06,8.98e-06,232756281.0
1653858000000,9.09e-06,9.1e-06,8.79e-06,9.09e-06,241806248.0
1653861600000,9.07e-06,9.15e-06,8.91e-06,9.07e-06,487433786.0
1653865200000,9.16e-06,9.16e-06,9.08e-06,9.08e-06,44270323.0
1653868800000,9.01e-06,9.01e-06,8.95e-06,8.95e-06,72971244.0
1653872400000,8.95e-06,9.24e-06,8.95e-06,9.24e-06,139404514.0
1653876000000,9.29e-06,9.4e-06,9.29e-06,9.29e-06,503758857.0
1653879600000,9.32e-06,9.4e-06,9.28e-06,9.4e-06,736975110.0
1653883200000,9.27e-06,9.27e-06,9.27e-06,9.27e-06,372885706.0
1653886800000,9.38e-06,9.55e-06,9.38e-06,9.46e-06,840972664.0
1653890400000,9.45e-06,9.87e-06,9.45e-06,9.76e-06,548086998.0
1653894000000,9.57e-06,9.74e-06,9.57e-06,9.69e-06,149295399.0
1653897600000,9.69e-06,9.69e-06,9.55e-06,9.57e-06,134864827.0
1653901200000,9.59e-06,9.59e-06,9.37e-06,9.41e-06,654715672.0
1653904800000,9.47e-06,9.59e-06,9.39e-06,9.39e-06,182664583.0
1653908400000,9.3e-06,9.51e-06,9.21e-06,9.37e-06,137876336.0
1653912000000,9.38e-06,9.65e-06,9.19e-06,9.38e-06,558535092.0
1653915600000,9.33e-06,9.4e-06,9.11e-06,9.2e-06,519559592.0
1653919200000,9.33e-06,9.45e-06,9.21e-06,9.43e-06,282665417.0
1653922800000,9.23e-06,9.39e-06,9.14e-06,9.26e-06,98510609.0
1653926400000,9.26e-06,9.37e-06,9.22e-06,9.33e-06,554430582.0
1653930000000,9.29e-06,9.35e-06,9.22e-06,9.33e-06,284547295.0
1653933600000,9.3e-06,9.41e-06,9.23e-06,9.25e-06,277863312.0
1653937200000,9.31e-06,9.33e-06,9.17e-06,9.25e-06,244428580.0
1653940800000,9.33e-06,9.49e-06,9.28e-06,9.49e-06,401316117.0
1653944400000,9.51e-06,9.72e-06,9.45e-06,9.63e-06,190540346.0
1653948000000,9.51e-06,9.72e-06,9.51e-06,9.72e-06,13013418.0
1653951600000,9.73e-06,9.79e-06,9.57e-06,9.57e-06,240699991.0
1653955200000,9.61e-06,9.61e-06,9.58e-06,9.58e-06,43359719.0
1653958800000,9.58e-06,9.58e-06,9.4e-06,9.44e-06,582962498.0
1653962400000,9.59e-06,9.7e-06,9.59e-06,9.7e-06,84346742.0
1653966000000,9.7e-06,9.7e-06,9.49e-06,9.51e-06,252852282.0
1653969600000,9.77e-06,9.77e-06,9.51e-06,9.52e-06,142310351.0
1653973200000,9.53e-06,9.59e-06,9.34e-06,9.34e-06,110834115.0
1653976800000,9.32e-06,9.5e-06,9.29e-06,9.29e-06,40930781.0
1653980400000,9.38e-06,9.39e-06,9.32e-06,9.39e-06,135863591.0
1653984000000,9.42e-06,9.48e-06,9.42e-06,9.47e-06,224955866.0
1653987600000,9.29e-06,9.62e-06,9.29e-06,9.38e-06,217418614.0
1653991200000,9.28e-06,9.48e-06,9.27e-06,9.45e-06,118867870.0
1653994800000,9.48e-06,9.51e-06,9.33e-06,9.33e-06,74972218.0
1653998400000,9.37e-06,9.59e-06,9.3e-06,9.36e-06,212701099.0
1654002000000,9.36e-06,9.46e-06,9.15e-06,9.29e-06,526525383.0
1654005600000,9.13e-06,9.33e-06,9.13e-06,9.32e-06,237977096.0
1654009200000,9.33e-06,9.46e-06,9.16e-06,9.41e-06,205819990.0
1654012800000,9.39e-06,9.58e-06,9.29e-06,9.39e-06,184006264.0
1654016400000,9.36e-06,9.47e-06,9.32e-06,9.39e-06,203994134.0
1654020000000,9.57e-06,9.57e-06,9.16e-06,9.25e-06,177363936.0
1654023600000,9.28e-06,9.51e-06,9.17e-06,9.44e-06,347247546.0
1654027200000,9.44e-06,9.44e-06,9.44e-06,9.44e-06,0.0
1654030800000,9.36e-06,9.36e-06,9.31e-06,9.36e-06,14912465.0
1654034400000,9.3e-06,9.38e-06,9.29e-06,9.35e-06,298356962.0
1654038000000,9.38e-06,9.38e-06,9.28e-06,9.28e-06,169098148.0
1654041600000,9.27e-06,9.36e-06,9.21e-06,9.29e-06,226729866.0
1654045200000,9.36e-06,9.36e-06,9.36e-06,9.36e-06,80346076.0
1654048800000,9.38e-06,9.4e-06,9.38e-06,9.4e-06,92107828.0
1654052400000,9.25e-06,9.25e-06,9.23e-06,9.23e-06,79648104.0
1654056000000,9.38e-06,9.38e-06,9.11e-06,9.11e-06,84008227.0
1654059600000,9.23e-06,9.35e-06,9.19e-06,9.35e-06,106285639.0
1654063200000,9.33e-06,9.33e-06,9.24e-06,9.28e-06,93563095.0
1654066800000,9.21e-06,9.24e-06,9.21e-06,9.24e-06,27321174.0
1654070400000,9.24e-06,9.27e-06,9.23e-06,9.23e-06,347656487.0
1654074000000,9.31e-06,9.38e-06,9.23e-06,9.38e-06,163071254.0
1654077600000,9.41e-06,9.45e-06,9.31e-06,9.32e-06,363163999.0
1654081200000,9.4e-06,9.4e-06,9.34e-06,9.34e-06,35894299.0
1654084800000,9.34e-06,9.39e-06,9.3e-06,9.34e-06,108852493.0
1654088400000,9.35e-06,9.43e-06,9.35e-06,9.37e-06,257798052.0
1654092000000,9.4e-06,9.4e-06,9.03e-06,9.14e-06,240988527.0
1654095600000,9.21e-06,9.21e-06,9.07e-06,9.07e-06,121734035.0
1654099200000,9.03e-06,9.04e-06,8.77e-06,8.95e-06,475661900.0
1654102800000,8.93e-06,8.93e-06,8.78e-06,8.92e-06,119091505.0
1654106400000,8.9e-06,8.94e-06,8.76e-06,8.77e-06,316778676.0
1654110000000,8.75e-06,8.8e-06,8.66e-06,8.8e-06,137665605.0
1654113600000,8.74e-06,8.74e-06,8.44e-06,8.67e-06,913358576.0
1654117200000,8.62e-06,9.85e-06,8.54e-06,8.54e-06,849585278.0
1654120800000,8.62e-06,8.73e-06,8.57e-06,8.73e-06,345283534.0
1654124400000,8.73e-06,8.78e-06,8.73e-06,8.73e-06,200178724.0
1654128000000,8.6e-06,8.67e-06,8.6e-06,8.67e-06,156060281.0
1654131600000,8.7e-06,8.75e-06,8.66e-06,8.72e-06,288600654.0
1654135200000,8.7e-06,8.74e-06,8.63e-06,8.71e-06,423633023.0
1654138800000,8.73e-06,8.73e-06,8.6e-06,8.61e-06,154177775.0
1654142400000,8.6e-06,8.6e-06,8.56e-06,8.56e-06,242657651.0
1654146000000,8.85e-06,8.85e-06,8.61e-06,8.72e-06,80989070.0
1654149600000,8.72e-06,8.85e-06,8.69e-06,8.85e-06,99853974.0
1654153200000,8.82e-06,8.83e-06,8.65e-06,8.72e-06,610678923.0
1654156800000,8.75e-06,8.77e-06,8.6e-06,8.75e-06,344718630.0
1654160400000,8.74e-06,9.28e-06,8.71e-06,8.91e-06,272316320.0
1654164000000,8.93e-06,9.08e-06,8.67e-06,8.94e-06,62523655.0
1654167600000,8.69e-06,9.01e-06,8.69e-06,8.76e-06,189066590.0
1654171200000,8.86e-06,8.86e-06,8.58e-06,8.78e-06,222329758.0
1654174800000,8.76e-06,8.81e-06,8.58e-06,8.81e-06,88105213.0
1654178400000,8.78e-06,8.78e-06,8.65e-06,8.68e-06,48944186.0
1654182000000,8.75e-06,8.92e-06,8.71e-06,8.71e-06,19616781.0
1654185600000,8.77e-06,8.95e-06,8.77e-06,8.95e-06,82297948.0
1654189200000,8.82e-06,8.86e-06,8.71e-06,8.81e-06,560873483.0
1654192800000,8.85e-06,8.91e-06,8.79e-06,8.84e-06,150491776.0
1654196400000,8.83e-06,8.92e-06,8.69e-06,8.92e-06,265624042.0
1654200000000,8.86e-06,8.88e-06,8.8e-06,8.8e-06,81443373.0
1654203600000,8.86e-06,8.9e-06,8.85e-06,8.85e-06,107850496.0
1654207200000,8.88e-06,9.04e-06,8.88e-06,8.95e-06,377710439.0
1654210800000,8.97e-06,9e-06,8.96e-06,8.97e-06,66818137.0
1654214400000,9.04e-06,9.04e-06,8.85e-06,8.85e-06,114658215.0
1654218000000,8.83e-06,8.88e-06,8.83e-06,8.86e-06,38256186.0
1654221600000,8.91e-06,8.91e-06,8.77e-06,8.77e-06,132295740.0
1654225200000,8.89e-06,8.89e-06,8.89e-06,8.89e-06,1889763.0
1654228800000,8.82e-06,8.82e-06,8.82e-06,8.82e-06,4783069.0
1654232400000,8.82e-06,8.82e-06,8.82e-06,8.82e-06,0.0
1654236000000,8.82e-06,8.82e-06,8.82e-06,8.82e-06,0.0
1654239600000,8.68e-06,8.68e-06,8.67e-06,8.67e-06,31237696.0
1654243200000,8.67e-06,8.76e-06,8.66e-06,8.72e-06,54397726.0
1654246800000,8.67e-06,8.86e-06,8.6e-06,8.64e-06,78587746.0
1654250400000,8.59e-06,8.59e-06,8.47e-06,8.47e-06,67865832.0
1654254000000,8.4e-06,8.53e-06,8.4e-06,8.49e-06,200348587.0
1654257600000,8.49e-06,8.64e-06,8.45e-06,8.45e-06,335406599.0
1654261200000,8.54e-06,8.54e-06,8.52e-06,8.52e-06,7474709.0
1654264800000,8.55e-06,8.56e-06,8.46e-06,8.47e-06,113018584.0
1654268400000,8.47e-06,8.47e-06,8.44e-06,8.44e-06,34237494.0
1654272000000,8.5e-06,8.51e-06,8.5e-06,8.51e-06,112038410.0
1654275600000,8.52e-06,8.55e-06,8.52e-06,8.52e-06,68258226.0
1654279200000,8.52e-06,8.52e-06,8.52e-06,8.52e-06,12602818.0
1654282800000,8.65e-06,8.65e-06,8.59e-06,8.65e-06,37711214.0
1654286400000,8.61e-06,8.77e-06,8.61e-06,8.77e-06,35867173.0
1654290000000,8.73e-06,8.73e-06,8.73e-06,8.73e-06,10441610.0
1654293600000,8.76e-06,8.78e-06,8.65e-06,8.65e-06,109396333.0
1654297200000,8.66e-06,8.66e-06,8.54e-06,8.54e-06,55547202.0
1654300800000,8.77e-06,8.78e-06,8.62e-06,8.64e-06,33672170.0
1654304400000,8.64e-06,8.64e-06,8.55e-06,8.55e-06,325437565.0
1654308000000,8.54e-06,8.57e-06,8.47e-06,8.49e-06,456522389.0
1654311600000,8.53e-06,8.53e-06,8.5e-06,8.5e-06,9262846.0
1654315200000,8.67e-06,8.67e-06,8.67e-06,8.67e-06,11078721.0
1654318800000,8.67e-06,8.67e-06,8.67e-06,8.67e-06,0.0
1654322400000,8.71e-06,8.72e-06,8.65e-06,8.65e-06,16707262.0
1654326000000,8.61e-06,8.63e-06,8.61e-06,8.63e-06,138452547.0
1654329600000,8.7e-06,8.82e-06,8.65e-06,8.72e-06,129738223.0
1654333200000,8.7e-06,8.7e-06,8.62e-06,8.62e-06,302280679.0
1654336800000,8.65e-06,8.7e-06,8.56e-06,8.65e-06,245880811.0
1654340400000,8.66e-06,8.81e-06,8.61e-06,8.61e-06,39666664.0
1654344000000,8.58e-06,8.58e-06,8.46e-06,8.55e-06,48167776.0
1654347600000,8.57e-06,8.57e-06,8.57e-06,8.57e-06,37500000.0
1654351200000,8.68e-06,8.69e-06,8.66e-06,8.67e-06,75018727.0
1654354800000,8.66e-06,8.71e-06,8.66e-06,8.66e-06,35113251.0
1654358400000,8.66e-06,8.66e-06,8.64e-06,8.65e-06,55768231.0
1654362000000,8.62e-06,8.62e-06,8.62e-06,8.62e-06,3044538.0
1654365600000,8.68e-06,8.86e-06,8.68e-06,8.7e-06,114503674.0
1654369200000,8.65e-06,8.77e-06,8.64e-06,8.64e-06,76672878.0
1654372800000,8.66e-06,8.79e-06,8.63e-06,8.79e-06,90344483.0
1654376400000,8.79e-06,8.79e-06,8.67e-06,8.67e-06,85507629.0
1654380000000,8.69e-06,8.74e-06,8.54e-06,8.69e-06,366160763.0
1654383600000,8.67e-06,8.69e-06,8.67e-06,8.69e-06,194501500.0
1654387200000,8.7e-06,8.71e-06,8.65e-06,8.67e-06,96183139.0
1654390800000,8.68e-06,8.69e-06,8.61e-06,8.62e-06,76644550.0
1654394400000,8.62e-06,8.62e-06,8.62e-06,8.62e-06,0.0
1654398000000,8.74e-06,8.74e-06,8.57e-06,8.65e-06,250142515.0
1654401600000,8.63e-06,8.7e-06,8.57e-06,8.7e-06,169528678.0
1654405200000,8.7e-06,8.7e-06,8.7e-06,8.7e-06,0.0
1654408800000,8.67e-06,8.67e-06,8.59e-06,8.59e-06,10809759.0
1654412400000,8.59e-06,8.64e-06,8.59e-06,8.64e-06,48200347.0
1654416000000,8.55e-06,8.55e-06,8.55e-06,8.55e-06,2363929.0
1654419600000,8.66e-06,8.66e-06,8.54e-06,8.58e-06,28396335.0
1654423200000,8.56e-06,8.66e-06,8.55e-06,8.66e-06,172355611.0
1654426800000,8.59e-06,8.59e-06,8.59e-06,8.59e-06,28499088.0
1654430400000,8.67e-06,8.67e-06,8.62e-06,8.64e-06,54064871.0
1654434000000,8.64e-06,8.64e-06,8.64e-06,8.64e-06,44565452.0
1654437600000,8.67e-06,8.67e-06,8.61e-06,8.63e-06,120225720.0
1654441200000,8.66e-06,8.68e-06,8.64e-06,8.64e-06,46527326.0
1654444800000,8.7e-06,8.7e-06,8.63e-06,8.67e-06,110785741.0
1654448400000,8.76e-06,8.76e-06,8.73e-06,8.73e-06,7060674.0
1654452000000,8.73e-06,8.73e-06,8.73e-06,8.73e-06,0.0
1654455600000,8.79e-06,8.79e-06,8.69e-06,8.69e-06,19501335.0
1654459200000,8.71e-06,8.8e-06,8.71e-06,8.76e-06,103036950.0
1654462800000,8.69e-06,8.71e-06,8.66e-06,8.71e-06,207163716.0
1654466400000,8.76e-06,8.76e-06,8.69e-06,8.69e-06,146239756.0
1654470000000,8.69e-06,8.69e-06,8.65e-06,8.66e-06,139092777.0
1654473600000,8.81e-06,8.81e-06,8.61e-06,8.74e-06,35072737.0
1654477200000,8.75e-06,8.88e-06,8.75e-06,8.88e-06,229120416.0
1654480800000,8.9e-06,8.9e-06,8.79e-06,8.82e-06,79177771.0
1654484400000,8.83e-06,8.84e-06,8.83e-06,8.84e-06,92067506.0
1654488000000,8.82e-06,8.82e-06,8.82e-06,8.82e-06,1197476.0
1654491600000,8.93e-06,8.93e-06,8.76e-06,8.76e-06,34686069.0
1654495200000,8.82e-06,8.82e-06,8.75e-06,8.75e-06,62004352.0
1654498800000,9.02e-06,9.22e-06,8.93e-06,9.11e-06,284240088.0
1654502400000,9.11e-06,9.25e-06,8.95e-06,9.25e-06,526857625.0
1654506000000,8.99e-06,8.99e-06,8.62e-06,8.96e-06,452984650.0
1654509600000,8.95e-06,9.09e-06,8.94e-06,9e-06,257043577.0
1654513200000,8.96e-06,8.96e-06,8.83e-06,8.83e-06,546963925.0
1654516800000,8.95e-06,8.95e-06,8.86e-06,8.89e-06,177726056.0
1654520400000,8.87e-06,8.89e-06,8.83e-06,8.83e-06,326606691.0
1654524000000,8.88e-06,8.96e-06,8.82e-06,8.82e-06,49317100.0
1654527600000,8.82e-06,8.9e-06,8.62e-06,8.77e-06,387951219.0
1654531200000,8.8e-06,8.8e-06,8.69e-06,8.71e-06,354735513.0
1654534800000,8.7e-06,8.72e-06,8.62e-06,8.72e-06,360427895.0
1654538400000,8.72e-06,8.73e-06,8.62e-06,8.73e-06,265843290.0
1654542000000,8.71e-06,8.76e-06,8.68e-06,8.76e-06,167165738.0
1654545600000,8.72e-06,8.76e-06,8.68e-06,8.71e-06,438323818.0
1654549200000,8.71e-06,8.78e-06,8.71e-06,8.78e-06,161127304.0
1654552800000,8.81e-06,8.86e-06,8.74e-06,8.76e-06,476753539.0
1654556400000,8.77e-06,8.82e-06,8.75e-06,8.82e-06,681984047.0
1654560000000,8.8e-06,8.81e-06,8.34e-06,8.4e-06,846632005.0
1654563600000,8.39e-06,8.56e-06,8.2e-06,8.2e-06,373419958.0
1654567200000,8.3e-06,8.71e-06,8.3e-06,8.4e-06,142066910.0
1654570800000,8.42e-06,8.51e-06,8.41e-06,8.46e-06,437924459.0
1654574400000,8.44e-06,8.47e-06,8.44e-06,8.44e-06,46647806.0
1654578000000,8.45e-06,8.45e-06,8.39e-06,8.39e-06,302322151.0
1654581600000,8.63e-06,8.63e-06,8.41e-06,8.48e-06,374563311.0
1654585200000,8.47e-06,8.9e-06,8.47e-06,8.56e-06,182701104.0
1654588800000,8.53e-06,8.57e-06,8.46e-06,8.46e-06,235354652.0
1654592400000,8.58e-06,8.58e-06,8.46e-06,8.46e-06,11073020.0
1654596000000,8.55e-06,8.56e-06,8.46e-06,8.46e-06,112973271.0
1654599600000,8.66e-06,8.66e-06,8.5e-06,8.5e-06,25112197.0
1654603200000,8.4e-06,8.51e-06,8.36e-06,8.45e-06,385878838.0
1654606800000,8.44e-06,8.44e-06,8.41e-06,8.41e-06,81491345.0
1654610400000,8.43e-06,8.64e-06,8.43e-06,8.51e-06,102434175.0
1654614000000,8.51e-06,8.54e-06,8.39e-06,8.46e-06,1418941569.0
1654617600000,8.44e-06,8.87e-06,8.44e-06,8.49e-06,153064329.0
1654621200000,8.49e-06,8.7e-06,8.49e-06,8.7e-06,24112939.0
1654624800000,8.45e-06,8.61e-06,8.41e-06,8.58e-06,362447420.0
1654628400000,8.53e-06,8.78e-06,8.53e-06,8.72e-06,191144862.0
1654632000000,8.8e-06,8.89e-06,8.52e-06,8.74e-06,379483642.0
1654635600000,8.69e-06,8.73e-06,8.63e-06,8.63e-06,213123371.0
1654639200000,8.85e-06,8.85e-06,8.35e-06,8.62e-06,256498449.0
1654642800000,8.54e-06,8.57e-06,8.48e-06,8.52e-06,268195981.0
1654646400000,8.53e-06,8.53e-06,8.5e-06,8.53e-06,154095564.0
1654650000000,8.5e-06,8.5e-06,8.37e-06,8.46e-06,140796579.0
1654653600000,8.46e-06,8.46e-06,8.46e-06,8.46e-06,0.0
1654657200000,8.44e-06,8.66e-06,8.4e-06,8.43e-06,147221299.0
1654660800000,8.44e-06,8.51e-06,8.43e-06,8.47e-06,366899896.0
1654664400000,8.49e-06,8.51e-06,8.42e-06,8.5e-06,71980954.0
1654668000000,8.52e-06,8.52e-06,8.47e-06,8.47e-06,321052657.0
1654671600000,8.51e-06,8.55e-06,8.42e-06,8.51e-06,388520856.0
1654675200000,8.48e-06,8.56e-06,8.48e-06,8.55e-06,384853409.0
1654678800000,8.52e-06,8.64e-06,8.48e-06,8.57e-06,202534254.0
1654682400000,8.59e-06,8.59e-06,8.55e-06,8.56e-06,214486398.0
1654686000000,8.53e-06,8.54e-06,8.41e-06,8.54e-06,294594538.0
1654689600000,8.54e-06,8.58e-06,8.37e-06,8.37e-06,413366220.0
1654693200000,8.48e-06,8.64e-06,8.48e-06,8.61e-06,554203115.0
1654696800000,8.58e-06,8.59e-06,8.51e-06,8.52e-06,339681260.0
1654700400000,8.53e-06,8.6e-06,8.5e-06,8.54e-06,324913299.0
1654704000000,8.56e-06,8.58e-06,8.45e-06,8.53e-06,607813024.0
1654707600000,8.52e-06,8.57e-06,8.44e-06,8.44e-06,328719972.0
1654711200000,8.52e-06,8.52e-06,8.41e-06,8.44e-06,2506990420.0
1654714800000,8.5e-06,8.5e-06,8.42e-06,8.49e-06,220739976.0
1654718400000,8.46e-06,8.49e-06,8.46e-06,8.49e-06,142773553.0
1654722000000,8.48e-06,8.48e-06,8.48e-06,8.48e-06,212902392.0
1654725600000,8.47e-06,8.52e-06,8.46e-06,8.49e-06,70928628.0
1654729200000,8.5e-06,8.51e-06,8.43e-06,8.46e-06,204562949.0
1654732800000,8.43e-06,8.43e-06,8.3e-06,8.33e-06,66852581.0
1654736400000,8.42e-06,8.42e-06,8.42e-06,8.42e-06,3180999.0
1654740000000,8.42e-06,8.42e-06,8.42e-06,8.42e-06,0.0
1654743600000,8.47e-06,8.49e-06,8.47e-06,8.49e-06,21868805.0
1654747200000,8.51e-06,8.51e-06,8.51e-06,8.51e-06,7706838.0
1654750800000,8.6e-06,8.62e-06,8.43e-06,8.53e-06,156660693.0
1654754400000,8.54e-06,8.62e-06,8.51e-06,8.57e-06,345701685.0
1654758000000,8.57e-06,8.57e-06,8.55e-06,8.55e-06,94494390.0
1654761600000,8.58e-06,8.58e-06,8.46e-06,8.55e-06,209107543.0
1654765200000,8.58e-06,8.59e-06,8.57e-06,8.57e-06,47014549.0
1654768800000,8.55e-06,8.61e-06,8.49e-06,8.49e-06,169023199.0
1654772400000,8.51e-06,8.64e-06,8.44e-06,8.49e-06,211885691.0
1654776000000,8.5e-06,8.5e-06,8.42e-06,8.45e-06,257185540.0
1654779600000,8.45e-06,8.47e-06,8.37e-06,8.47e-06,295681210.0
1654783200000,8.44e-06,8.49e-06,8.42e-06,8.45e-06,344316511.0
1654786800000,8.45e-06,8.47e-06,8.43e-06,8.47e-06,58278749.0
1654790400000,8.47e-06,8.66e-06,8.45e-06,8.52e-06,237043853.0
1654794000000,8.56e-06,8.56e-06,8.49e-06,8.54e-06,72483062.0
1654797600000,8.52e-06,8.54e-06,8.41e-06,8.5e-06,185714040.0
1654801200000,8.43e-06,8.49e-06,8.33e-06,8.33e-06,259346320.0
1654804800000,8.37e-06,8.49e-06,8.32e-06,8.49e-06,187735503.0
1654808400000,8.49e-06,8.49e-06,8.45e-06,8.46e-06,404124341.0
1654812000000,8.44e-06,8.45e-06,8.42e-06,8.45e-06,167383399.0
1654815600000,8.42e-06,8.49e-06,8.37e-06,8.45e-06,189065995.0
1654819200000,8.46e-06,8.46e-06,8.29e-06,8.37e-06,383126470.0
1654822800000,8.37e-06,8.42e-06,8.29e-06,8.4e-06,266735594.0
1654826400000,8.4e-06,8.4e-06,8.4e-06,8.4e-06,0.0
1654830000000,8.5e-06,8.52e-06,8.43e-06,8.43e-06,63482955.0
1654833600000,8.47e-06,8.47e-06,8.46e-06,8.46e-06,25558486.0
1654837200000,8.48e-06,8.48e-06,8.46e-06,8.46e-06,220283879.0
1654840800000,8.48e-06,8.48e-06,8.46e-06,8.47e-06,136532071.0
1654844400000,8.46e-06,8.46e-06,8.43e-06,8.43e-06,181244973.0
1654848000000,8.45e-06,8.46e-06,8.44e-06,8.44e-06,104680943.0
1654851600000,8.41e-06,8.41e-06,8.31e-06,8.36e-06,440768751.0
1654855200000,8.38e-06,8.42e-06,8.34e-06,8.42e-06,131528952.0
1654858800000,8.41e-06,8.44e-06,8.35e-06,8.39e-06,186535875.0
1654862400000,8.43e-06,8.46e-06,8.26e-06,8.27e-06,314577755.0
1654866000000,8.29e-06,8.33e-06,8.18e-06,8.29e-06,665385512.0
1654869600000,8.29e-06,8.39e-06,8.28e-06,8.39e-06,283451154.0
1654873200000,8.37e-06,8.37e-06,8.31e-06,8.36e-06,143338778.0
1654876800000,8.35e-06,8.36e-06,8.03e-06,8.2e-06,506857974.0
1654880400000,8.16e-06,8.23e-06,8.13e-06,8.2e-06,281977041.0
1654884000000,8.21e-06,8.24e-06,8.14e-06,8.23e-06,194157544.0
1654887600000,8.22e-06,8.37e-06,8.15e-06,8.37e-06,141182602.0
1654891200000,8.29e-06,8.33e-06,8.28e-06,8.33e-06,87909577.0
1654894800000,8.31e-06,8.48e-06,8.28e-06,8.31e-06,278344860.0
1654898400000,8.31e-06,8.32e-06,8.19e-06,8.32e-06,266743300.0
1654902000000,8.29e-06,8.31e-06,8.14e-06,8.22e-06,975937801.0
1654905600000,8.2e-06,8.3e-06,8.2e-06,8.29e-06,403932327.0
1654909200000,8.26e-06,8.27e-06,8.2e-06,8.27e-06,215493274.0
1654912800000,8.25e-06,8.25e-06,8.24e-06,8.24e-06,11428590.0
1654916400000,8.39e-06,8.39e-06,8.39e-06,8.39e-06,11902666.0
1654920000000,8.25e-06,8.25e-06,8.25e-06,8.25e-06,5091838.0
1654923600000,8.28e-06,8.28e-06,8.27e-06,8.27e-06,9716955.0
1654927200000,8.28e-06,8.28e-06,8.27e-06,8.27e-06,15763209.0
1654930800000,8.29e-06,8.29e-06,8.28e-06,8.28e-06,29156322.0
1654934400000,8.28e-06,8.28e-06,8.28e-06,8.28e-06,0.0
1654938000000,8.12e-06,8.32e-06,8.09e-06,8.11e-06,672047712.0
1654941600000,8.16e-06,8.18e-06,8.01e-06,8.07e-06,770348724.0
1654945200000,8.01e-06,8.01e-06,7.75e-06,7.9e-06,1448697113.0
1654948800000,7.91e-06,8.19e-06,7.77e-06,7.77e-06,1375419233.0
1654952400000,7.77e-06,8.16e-06,7.69e-06,7.88e-06,1861509739.0
1654956000000,7.89e-06,8.04e-06,7.6e-06,7.6e-06,777899217.0
1654959600000,7.5e-06,7.75e-06,7.11e-06,7.5e-06,866692940.0
1654963200000,7.5e-06,7.77e-06,7.5e-06,7.61e-06,127341703.0
1654966800000,7.61e-06,7.66e-06,7.61e-06,7.62e-06,169091515.0
1654970400000,7.72e-06,7.96e-06,7.51e-06,7.66e-06,253685706.0
1654974000000,7.64e-06,7.9e-06,7.64e-06,7.69e-06,282865135.0
1654977600000,7.68e-06,7.69e-06,7.55e-06,7.59e-06,402756070.0
1654981200000,7.58e-06,7.69e-06,7.58e-06,7.65e-06,254503449.0
1654984800000,7.64e-06,7.64e-06,7.61e-06,7.61e-06,31387055.0
1654988400000,7.67e-06,7.67e-06,7.59e-06,7.59e-06,17474811.0
1654992000000,7.59e-06,7.59e-06,7.59e-06,7.59e-06,0.0
1654995600000,7.54e-06,7.54e-06,7.31e-06,7.45e-06,73851173.0
1654999200000,7.26e-06,7.26e-06,7.05e-06,7.05e-06,471378202.0
1655002800000,7.28e-06,7.28e-06,7.25e-06,7.25e-06,4408052.0
1655006400000,7.2e-06,7.2e-06,7e-06,7e-06,144903659.0
1655010000000,7e-06,7.23e-06,6.82e-06,6.93e-06,760804062.0
1655013600000,6.99e-06,7.16e-06,6.99e-06,7.1e-06,969728674.0
1655017200000,7.11e-06,7.98e-06,7.02e-06,7.19e-06,2117387042.0
1655020800000,7.18e-06,7.41e-06,7.11e-06,7.18e-06,740795298.0
1655024400000,7.18e-06,7.23e-06,7.08e-06,7.08e-06,687207060.0
1655028000000,7.12e-06,7.17e-06,7.05e-06,7.07e-06,559839454.0
1655031600000,7.07e-06,7.15e-06,7.03e-06,7.15e-06,355655053.0
1655035200000,7.15e-06,7.22e-06,7.09e-06,7.1e-06,93318634.0
1655038800000,7.08e-06,7.11e-06,6.92e-06,6.97e-06,380762858.0
1655042400000,6.96e-06,7.44e-06,6.88e-06,7.44e-06,555714731.0
1655046000000,7.37e-06,7.63e-06,7.13e-06,7.47e-06,853622345.0
1655049600000,7.46e-06,7.62e-06,7.15e-06,7.15e-06,302228191.0
1655053200000,7.48e-06,7.62e-06,7.36e-06,7.43e-06,165161347.0
1655056800000,7.41e-06,7.46e-06,7.32e-06,7.32e-06,220962042.0
1655060400000,7.37e-06,7.46e-06,7.36e-06,7.46e-06,25761045.0
1655064000000,7.31e-06,7.36e-06,7.25e-06,7.25e-06,84412080.0
1655067600000,7.26e-06,7.32e-06,7.23e-06,7.24e-06,543160087.0
1655071200000,7.21e-06,7.22e-06,7.1e-06,7.1e-06,555666374.0
1655074800000,7.12e-06,7.12e-06,6.96e-06,6.96e-06,44065715.0
1655078400000,7.3e-06,7.3e-06,6.8e-06,6.8e-06,821424020.0
1655082000000,6.79e-06,6.84e-06,6.69e-06,6.78e-06,737700230.0
1655085600000,6.77e-06,6.8e-06,6.68e-06,6.74e-06,423190557.0
1655089200000,6.66e-06,6.88e-06,6.5e-06,6.76e-06,706720879.0
1655092800000,6.74e-06,6.92e-06,6.6e-06,6.7e-06,869722006.0
1655096400000,6.73e-06,7.87e-06,6.73e-06,7.26e-06,263449619.0
1655100000000,6.97e-06,6.98e-06,6.5e-06,6.62e-06,959590493.0
1655103600000,6.65e-06,7.74e-06,6.14e-06,6.73e-06,1526020409.0
1655107200000,6.61e-06,7.74e-06,6.15e-06,6.15e-06,1773407669.0
1655110800000,6.19e-06,6.36e-06,6.06e-06,6.3e-06,1651913842.0
1655114400000,6.31e-06,6.41e-06,6.11e-06,6.28e-06,384724470.0
1655118000000,6.27e-06,6.36e-06,6.12e-06,6.26e-06,651830835.0
1655121600000,6.29e-06,6.44e-06,6.25e-06,6.32e-06,389810025.0
1655125200000,6.29e-06,6.94e-06,6.27e-06,6.4e-06,865828066.0
1655128800000,6.42e-06,6.42e-06,6.11e-06,6.28e-06,11012792810.0
1655132400000,6.33e-06,6.58e-06,6.26e-06,6.51e-06,557788266.0
1655136000000,6.49e-06,6.82e-06,6.47e-06,6.68e-06,1046633282.0
1655139600000,6.69e-06,6.7e-06,6.53e-06,6.65e-06,706086764.0
1655143200000,6.65e-06,7.42e-06,6.65e-06,6.74e-06,555713018.0
1655146800000,6.72e-06,6.8e-06,6.69e-06,6.76e-06,587348816.0
1655150400000,6.78e-06,7.1e-06,6.78e-06,6.95e-06,665941634.0
1655154000000,6.95e-06,7.2e-06,6.78e-06,6.81e-06,591662503.0
1655157600000,6.8e-06,6.8e-06,6.51e-06,6.51e-06,838507561.0
1655161200000,6.54e-06,7.07e-06,6.42e-06,6.62e-06,470824723.0
1655164800000,6.58e-06,6.67e-06,6.4e-06,6.4e-06,264742147.0
1655168400000,6.38e-06,6.38e-06,6.14e-06,6.2e-06,109183976.0
1655172000000,6.27e-06,6.45e-06,6.19e-06,6.43e-06,858285684.0
1655175600000,6.43e-06,6.79e-06,6.4e-06,6.77e-06,987576647.0
1655179200000,6.79e-06,6.83e-06,6.6e-06,6.64e-06,775920426.0
1655182800000,6.65e-06,6.98e-06,6.65e-06,6.9e-06,881024863.0
1655186400000,6.88e-06,6.98e-06,6.79e-06,6.95e-06,1124920399.0
1655190000000,6.97e-06,7.03e-06,6.8e-06,6.94e-06,775613525.0
1655193600000,6.88e-06,6.89e-06,6.78e-06,6.78e-06,370391267.0
1655197200000,6.81e-06,6.87e-06,6.7e-06,6.79e-06,317936690.0
1655200800000,6.71e-06,6.84e-06,6.67e-06,6.75e-06,440341604.0
1655204400000,6.76e-06,6.76e-06,6.58e-06,6.65e-06,361176221.0
1655208000000,6.65e-06,6.79e-06,6.55e-06,6.79e-06,1086956006.0
1655211600000,6.78e-06,6.86e-06,6.72e-06,6.81e-06,655137910.0
1655215200000,6.85e-06,6.86e-06,6.71e-06,6.75e-06,1421113859.0
1655218800000,6.72e-06,6.88e-06,6.7e-06,6.88e-06,179381402.0
1655222400000,6.88e-06,6.92e-06,6.79e-06,6.81e-06,521385514.0
1655226000000,6.75e-06,6.94e-06,6.72e-06,6.72e-06,330057230.0
1655229600000,6.73e-06,6.78e-06,6.69e-06,6.72e-06,273476555.0
1655233200000,6.73e-06,6.74e-06,6.67e-06,6.73e-06,438152830.0
1655236800000,6.72e-06,6.72e-06,6.37e-06,6.64e-06,630962774.0
1655240400000,6.67e-06,6.67e-06,6.53e-06,6.54e-06,553103789.0
1655244000000,6.53e-06,6.67e-06,6.53e-06,6.66e-06,278935840.0
1655247600000,6.67e-06,6.86e-06,6.67e-06,6.83e-06,222564235.0
1655251200000,6.8e-06,6.86e-06,6.73e-06,6.77e-06,429532513.0
1655254800000,6.77e-06,6.92e-06,6.77e-06,6.89e-06,413904624.0
1655258400000,6.86e-06,6.87e-06,6.75e-06,6.75e-06,341310532.0
1655262000000,6.72e-06,6.79e-06,6.7e-06,6.71e-06,88176612.0
1655265600000,6.64e-06,6.64e-06,6.47e-06,6.58e-06,458534729.0
1655269200000,6.57e-06,6.59e-06,6.45e-06,6.51e-06,560095178.0
1655272800000,6.53e-06,6.6e-06,6.45e-06,6.59e-06,1526619252.0
1655276400000,6.6e-06,6.6e-06,6.41e-06,6.47e-06,1740737653.0
1655280000000,6.46e-06,6.46e-06,6.24e-06,6.31e-06,1231635132.0
1655283600000,6.33e-06,6.37e-06,6.29e-06,6.33e-06,1519896122.0
1655287200000,6.36e-06,6.55e-06,6.33e-06,6.46e-06,1085497842.0
1655290800000,6.45e-06,6.67e-06,6.45e-06,6.61e-06,190667134.0
1655294400000,6.59e-06,6.69e-06,6.57e-06,6.59e-06,507929242.0
1655298000000,6.57e-06,6.78e-06,6.57e-06,6.68e-06,966796707.0
1655301600000,6.67e-06,6.82e-06,6.52e-06,6.57e-06,1102514748.0
1655305200000,6.58e-06,6.6e-06,6.52e-06,6.6e-06,141178874.0
1655308800000,6.61e-06,6.62e-06,6.45e-06,6.48e-06,1209032492.0
1655312400000,6.47e-06,6.63e-06,6.26e-06,6.63e-06,894549606.0
1655316000000,6.55e-06,6.99e-06,6.36e-06,6.84e-06,974265788.0
1655319600000,6.84e-06,7.09e-06,6.83e-06,6.9e-06,1054391464.0
1655323200000,6.89e-06,6.95e-06,6.61e-06,6.89e-06,1480264485.0
1655326800000,6.88e-06,7.04e-06,6.88e-06,7.03e-06,465547609.0
1655330400000,7.07e-06,7.27e-06,7.06e-06,7.11e-06,1051185285.0
1655334000000,7.09e-06,7.24e-06,6.9e-06,7.24e-06,1170650972.0
1655337600000,7.22e-06,7.33e-06,6.88e-06,7.15e-06,562293820.0
1655341200000,7.17e-06,7.24e-06,7.1e-06,7.1e-06,906784550.0
1655344800000,7.09e-06,7.13e-06,7.02e-06,7.03e-06,405179862.0
1655348400000,7.06e-06,7.06e-06,7.03e-06,7.04e-06,129695932.0
1655352000000,7.06e-06,7.18e-06,7.01e-06,7.01e-06,330116088.0
1655355600000,7.02e-06,7.05e-06,6.95e-06,6.97e-06,466211602.0
1655359200000,6.98e-06,6.98e-06,6.87e-06,6.88e-06,728500650.0
1655362800000,6.91e-06,6.97e-06,6.84e-06,6.85e-06,1058286253.0
1655366400000,6.87e-06,6.94e-06,6.82e-06,6.94e-06,1245623593.0
1655370000000,6.93e-06,6.93e-06,6.74e-06,6.74e-06,392372052.0
1655373600000,6.74e-06,6.74e-06,6.58e-06,6.71e-06,672613031.0
1655377200000,6.75e-06,6.76e-06,6.66e-06,6.68e-06,189477991.0
1655380800000,6.68e-06,6.81e-06,6.67e-06,6.73e-06,705120601.0
1655384400000,6.79e-06,6.79e-06,6.58e-06,6.58e-06,254925914.0
1655388000000,6.77e-06,6.77e-06,6.55e-06,6.55e-06,14986028.0
1655391600000,6.75e-06,6.75e-06,6.6e-06,6.6e-06,23809155.0
1655395200000,6.59e-06,6.69e-06,6.59e-06,6.66e-06,280573706.0
1655398800000,6.67e-06,6.84e-06,6.59e-06,6.63e-06,302531432.0
1655402400000,6.66e-06,6.7e-06,6.58e-06,6.7e-06,314988587.0
1655406000000,6.67e-06,6.67e-06,6.48e-06,6.52e-06,568576030.0
1655409600000,6.52e-06,6.6e-06,6.5e-06,6.6e-06,772017681.0
1655413200000,6.62e-06,6.63e-06,6.58e-06,6.58e-06,144919783.0
1655416800000,6.56e-06,6.65e-06,6.41e-06,6.45e-06,553659931.0
1655420400000,6.45e-06,6.49e-06,6.33e-06,6.44e-06,350294180.0
1655424000000,6.45e-06,6.6e-06,6.43e-06,6.48e-06,430890133.0
1655427600000,6.61e-06,6.73e-06,6.47e-06,6.69e-06,357481687.0
1655431200000,6.7e-06,6.7e-06,6.54e-06,6.54e-06,327745476.0
1655434800000,6.62e-06,6.64e-06,6.54e-06,6.56e-06,82657718.0
1655438400000,6.56e-06,6.7e-06,6.56e-06,6.61e-06,168035263.0
1655442000000,6.66e-06,6.67e-06,6.65e-06,6.65e-06,92433348.0
1655445600000,6.66e-06,6.7e-06,6.63e-06,6.7e-06,359826624.0
1655449200000,6.64e-06,6.73e-06,6.34e-06,6.65e-06,1081884509.0
1655452800000,6.66e-06,6.71e-06,6.64e-06,6.65e-06,598639428.0
1655456400000,6.64e-06,6.66e-06,6.6e-06,6.65e-06,242467883.0
1655460000000,6.62e-06,6.7e-06,6.55e-06,6.7e-06,727938577.0
1655463600000,6.7e-06,6.74e-06,6.66e-06,6.74e-06,117588378.0
1655467200000,6.68e-06,6.68e-06,6.59e-06,6.59e-06,696787384.0
1655470800000,6.63e-06,6.7e-06,6.63e-06,6.69e-06,222563651.0
1655474400000,6.67e-06,6.68e-06,6.53e-06,6.65e-06,481455881.0
1655478000000,6.67e-06,6.67e-06,6.58e-06,6.58e-06,51245391.0
1655481600000,6.6e-06,6.7e-06,6.56e-06,6.62e-06,132695773.0
1655485200000,6.62e-06,6.62e-06,6.62e-06,6.62e-06,24705259.0
1655488800000,6.64e-06,6.66e-06,6.6e-06,6.62e-06,248800026.0
1655492400000,6.64e-06,6.65e-06,6.63e-06,6.65e-06,105028102.0
1655496000000,6.66e-06,6.71e-06,6.61e-06,6.61e-06,70236565.0
1655499600000,6.69e-06,6.71e-06,6.66e-06,6.69e-06,188821265.0
1655503200000,6.69e-06,6.69e-06,6.63e-06,6.65e-06,52099031.0
1655506800000,6.71e-06,6.73e-06,6.67e-06,6.69e-06,131860251.0
1655510400000,6.69e-06,6.76e-06,6.68e-06,6.76e-06,123173446.0
1655514000000,6.72e-06,6.72e-06,6.59e-06,6.62e-06,102374824.0
1655517600000,6.62e-06,6.67e-06,6.59e-06,6.63e-06,104657263.0
1655521200000,6.65e-06,6.68e-06,6.62e-06,6.62e-06,93137406.0
1655524800000,6.68e-06,6.68e-06,6.68e-06,6.68e-06,48049590.0
1655528400000,6.69e-06,6.69e-06,6.64e-06,6.64e-06,126094663.0
1655532000000,6.64e-06,6.67e-06,6.34e-06,6.34e-06,409624955.0
1655535600000,6.45e-06,6.47e-06,6.31e-06,6.36e-06,467879240.0
1655539200000,6.36e-06,6.42e-06,6.24e-06,6.36e-06,759119821.0
1655542800000,6.37e-06,7.45e-06,6.32e-06,6.41e-06,578874949.0
1655546400000,6.41e-06,6.72e-06,6.41e-06,6.48e-06,239611696.0
1655550000000,6.47e-06,6.5e-06,6.41e-06,6.43e-06,372810499.0
1655553600000,6.43e-06,6.59e-06,6.4e-06,6.43e-06,61487218.0
1655557200000,6.46e-06,6.46e-06,6.43e-06,6.43e-06,162472096.0
1655560800000,6.45e-06,6.48e-06,6.37e-06,6.38e-06,106562238.0
1655564400000,6.42e-06,6.43e-06,6.39e-06,6.4e-06,490935544.0
1655568000000,6.36e-06,6.43e-06,6.3e-06,6.3e-06,3878739171.0
1655571600000,6.35e-06,6.35e-06,6.24e-06,6.29e-06,682895087.0
1655575200000,6.28e-06,6.32e-06,6.16e-06,6.2e-06,371001142.0
1655578800000,6.17e-06,6.31e-06,6.01e-06,6.01e-06,322801819.0
1655582400000,6e-06,6.02e-06,5.83e-06,5.94e-06,1903512567.0
1655586000000,6.06e-06,6.42e-06,5.97e-06,6.2e-06,494958416.0
1655589600000,6.17e-06,6.4e-06,6.17e-06,6.3e-06,206710293.0
1655593200000,6.35e-06,6.35e-06,6.13e-06,6.29e-06,437401086.0
1655596800000,6.25e-06,6.32e-06,6.25e-06,6.25e-06,152221675.0
1655600400000,6.15e-06,6.15e-06,6.15e-06,6.15e-06,31580391.0
1655604000000,6.11e-06,6.11e-06,6.11e-06,6.11e-06,2945990.0
1655607600000,6.11e-06,6.18e-06,6.08e-06,6.09e-06,313753966.0
1655611200000,6.18e-06,6.18e-06,6.18e-06,6.18e-06,18669082.0
1655614800000,6.18e-06,6.18e-06,6.04e-06,6.09e-06,231283178.0
1655618400000,6.08e-06,6.25e-06,6.08e-06,6.13e-06,288840760.0
1655622000000,6.18e-06,6.31e-06,6.18e-06,6.24e-06,256582581.0
1655625600000,6.21e-06,6.26e-06,6.18e-06,6.25e-06,216702667.0
1655629200000,6.23e-06,6.42e-06,6.23e-06,6.32e-06,368975624.0
1655632800000,6.33e-06,6.64e-06,6.33e-06,6.55e-06,594732748.0
1655636400000,6.55e-06,6.55e-06,6.45e-06,6.45e-06,272893512.0
1655640000000,6.47e-06,6.54e-06,6.39e-06,6.42e-06,497500944.0
1655643600000,6.44e-06,6.5e-06,6.44e-06,6.46e-06,437158719.0
1655647200000,6.4e-06,6.47e-06,6.4e-06,6.47e-06,82769834.0
1655650800000,6.47e-06,6.56e-06,6.44e-06,6.56e-06,288801404.0
1655654400000,6.55e-06,6.66e-06,6.48e-06,6.48e-06,797807690.0
1655658000000,6.5e-06,6.5e-06,6.46e-06,6.47e-06,194024649.0
1655661600000,6.52e-06,6.58e-06,6.52e-06,6.57e-06,167079057.0
1655665200000,6.75e-06,6.75e-06,6.66e-06,6.68e-06,391774928.0
1655668800000,6.71e-06,6.86e-06,6.71e-06,6.81e-06,133516995.0
1655672400000,6.81e-06,6.81e-06,6.69e-06,6.69e-06,227501951.0
1655676000000,6.7e-06,6.75e-06,6.64e-06,6.65e-06,765429596.0
1655679600000,6.67e-06,6.72e-06,6.65e-06,6.72e-06,224258364.0
1655683200000,6.7e-06,6.7e-06,6.57e-06,6.57e-06,114223916.0
1655686800000,6.57e-06,6.57e-06,6.51e-06,6.55e-06,175588856.0
1655690400000,6.62e-06,6.63e-06,6.48e-06,6.52e-06,380020935.0
1655694000000,6.52e-06,6.59e-06,6.52e-06,6.59e-06,158477780.0
1655697600000,6.59e-06,6.59e-06,6.59e-06,6.59e-06,0.0
1655701200000,6.49e-06,6.52e-06,6.45e-06,6.52e-06,195513403.0
1655704800000,6.53e-06,6.53e-06,6.5e-06,6.5e-06,135411331.0
1655708400000,6.52e-06,6.54e-06,6.49e-06,6.54e-06,316337702.0
1655712000000,6.54e-06,6.67e-06,6.54e-06,6.63e-06,389492305.0
1655715600000,6.67e-06,6.68e-06,6.64e-06,6.67e-06,430567288.0
1655719200000,6.69e-06,6.78e-06,6.65e-06,6.76e-06,401166580.0
1655722800000,6.75e-06,6.78e-06,6.65e-06,6.76e-06,142513981.0
1655726400000,6.68e-06,6.69e-06,6.65e-06,6.65e-06,144316569.0
1655730000000,6.66e-06,6.72e-06,6.62e-06,6.64e-06,458881002.0
1655733600000,6.7e-06,6.76e-06,6.69e-06,6.76e-06,141211223.0
1655737200000,6.74e-06,6.74e-06,6.65e-06,6.66e-06,272785669.0
1655740800000,6.71e-06,6.71e-06,6.63e-06,6.64e-06,191097232.0
1655744400000,6.62e-06,6.66e-06,6.54e-06,6.58e-06,288239739.0
1655748000000,6.56e-06,6.57e-06,6.51e-06,6.57e-06,175706812.0
1655751600000,6.54e-06,6.57e-06,6.52e-06,6.57e-06,214787996.0
1655755200000,6.58e-06,6.63e-06,6.54e-06,6.61e-06,263023412.0
1655758800000,6.63e-06,6.64e-06,6.6e-06,6.6e-06,82022487.0
1655762400000,6.53e-06,6.59e-06,6.52e-06,6.58e-06,348163350.0
1655766000000,6.58e-06,6.66e-06,6.57e-06,6.62e-06,492774064.0
1655769600000,6.61e-06,6.64e-06,6.55e-06,6.63e-06,472759355.0
1655773200000,6.65e-06,6.68e-06,6.59e-06,6.64e-06,425518482.0
1655776800000,6.63e-06,6.63e-06,6.56e-06,6.62e-06,386394121.0
1655780400000,6.62e-06,6.64e-06,6.6e-06,6.64e-06,47606421.0
1655784000000,6.68e-06,6.68e-06,6.61e-06,6.67e-06,246985608.0
1655787600000,6.68e-06,6.75e-06,6.68e-06,6.73e-06,415008916.0
1655791200000,6.73e-06,6.76e-06,6.73e-06,6.75e-06,573855125.0
1655794800000,6.75e-06,6.75e-06,6.68e-06,6.7e-06,557322233.0
1655798400000,6.7e-06,7.39e-06,6.7e-06,7.39e-06,1713573198.0
1655802000000,7.3e-06,7.3e-06,7.04e-06,7.05e-06,725083834.0
1655805600000,7.05e-06,7.72e-06,6.99e-06,7.59e-06,3153897433.0
1655809200000,7.55e-06,7.6e-06,7.37e-06,7.38e-06,837395887.0
1655812800000,7.38e-06,7.78e-06,7.37e-06,7.76e-06,963992439.0
1655816400000,7.72e-06,8.77e-06,7.71e-06,8.61e-06,2438703569.0
1655820000000,8.53e-06,8.95e-06,8.37e-06,8.6e-06,5335858300.0
1655823600000,8.53e-06,8.78e-06,8.44e-06,8.45e-06,2378590544.0
1655827200000,8.49e-06,8.57e-06,8.15e-06,8.39e-06,1015953678.0
1655830800000,8.43e-06,8.61e-06,8.28e-06,8.45e-06,2261484921.0
1655834400000,8.45e-06,9.27e-06,8.44e-06,8.94e-06,2537260407.0
1655838000000,8.94e-06,9.78e-06,8.89e-06,8.95e-06,4815560328.0
1655841600000,9.02e-06,9.11e-06,8.47e-06,8.64e-06,2295023760.0
1655845200000,8.66e-06,8.82e-06,8.49e-06,8.63e-06,1489733192.0
1655848800000,8.63e-06,8.67e-06,8.41e-06,8.61e-06,1143231219.0
1655852400000,8.64e-06,8.86e-06,8.4e-06,8.62e-06,872092899.0
1655856000000,8.69e-06,8.69e-06,8.22e-06,8.37e-06,1050928571.0
1655859600000,8.36e-06,8.41e-06,7.95e-06,7.95e-06,897727979.0
1655863200000,8e-06,8.18e-06,7.91e-06,8.02e-06,273593948.0
1655866800000,8.05e-06,8.05e-06,7.8e-06,7.83e-06,453956489.0
1655870400000,7.9e-06,7.96e-06,7.74e-06,7.96e-06,1055822921.0
1655874000000,7.93e-06,8.76e-06,7.93e-06,7.99e-06,973902992.0
1655877600000,7.92e-06,8.03e-06,7.73e-06,7.85e-06,1015076831.0
1655881200000,7.82e-06,7.88e-06,7.71e-06,7.74e-06,775415876.0
1655884800000,7.74e-06,7.78e-06,7.6e-06,7.69e-06,895401774.0
1655888400000,7.7e-06,7.97e-06,7.63e-06,7.92e-06,706553634.0
1655892000000,7.91e-06,8.44e-06,7.87e-06,8.4e-06,2965226698.0
1655895600000,8.39e-06,8.83e-06,8.33e-06,8.68e-06,1988238094.0
1655899200000,8.66e-06,8.7e-06,8.2e-06,8.38e-06,1919729203.0
1655902800000,8.42e-06,8.48e-06,8.07e-06,8.48e-06,568767292.0
1655906400000,8.47e-06,8.5e-06,8.22e-06,8.26e-06,688358155.0
1655910000000,8.2e-06,8.26e-06,8.05e-06,8.06e-06,722571086.0
1655913600000,8.1e-06,8.14e-06,7.87e-06,8.14e-06,1008703906.0
1655917200000,8.15e-06,8.25e-06,7.97e-06,8.03e-06,1110834879.0
1655920800000,8.05e-06,8.18e-06,8.02e-06,8.02e-06,39701247.0
1655924400000,7.92e-06,8.05e-06,7.9e-06,8.05e-06,46452044.0
1655928000000,8.03e-06,8.07e-06,7.84e-06,7.94e-06,398919358.0
1655931600000,7.89e-06,7.97e-06,7.78e-06,7.91e-06,397958780.0
1655935200000,7.93e-06,8.28e-06,7.82e-06,8.07e-06,875649928.0
1655938800000,8.02e-06,8.02e-06,7.87e-06,7.89e-06,389698758.0
1655942400000,7.89e-06,8.12e-06,7.87e-06,8.1e-06,464108789.0
1655946000000,8.05e-06,8.44e-06,8.05e-06,8.2e-06,778233077.0
1655949600000,8.22e-06,8.31e-06,8.18e-06,8.22e-06,452003575.0
1655953200000,8.16e-06,8.16e-06,8.05e-06,8.05e-06,47290732.0
1655956800000,8.05e-06,8.05e-06,8.05e-06,8.05e-06,0.0
1655960400000,8.19e-06,8.27e-06,8.13e-06,8.13e-06,113224652.0
1655964000000,8.15e-06,9.55e-06,8.15e-06,8.33e-06,724292706.0
1655967600000,8.34e-06,8.51e-06,8.22e-06,8.35e-06,714234595.0
1655971200000,8.35e-06,8.51e-06,8.35e-06,8.41e-06,478218005.0
1655974800000,8.43e-06,8.75e-06,8.29e-06,8.36e-06,910231942.0
1655978400000,8.41e-06,8.45e-06,8.35e-06,8.35e-06,429975821.0
1655982000000,8.34e-06,8.36e-06,8.18e-06,8.19e-06,400374505.0
1655985600000,8.33e-06,8.35e-06,8.3e-06,8.3e-06,59127122.0
1655989200000,8.3e-06,8.38e-06,8.16e-06,8.21e-06,683405133.0
1655992800000,8.21e-06,8.24e-06,8.17e-06,8.24e-06,122149949.0
1655996400000,8.06e-06,8.06e-06,7.6e-06,7.95e-06,509347170.0
1656000000000,8.01e-06,8.16e-06,8.01e-06,8.08e-06,574421265.0
1656003600000,8.08e-06,8.12e-06,8.01e-06,8.12e-06,41069600.0
1656007200000,8.12e-06,8.19e-06,8.08e-06,8.17e-06,228627930.0
1656010800000,8.15e-06,8.33e-06,8.14e-06,8.31e-06,626931374.0
1656014400000,8.23e-06,8.38e-06,8.19e-06,8.25e-06,551056071.0
1656018000000,8.25e-06,8.3e-06,8.22e-06,8.24e-06,239231630.0
1656021600000,8.24e-06,8.35e-06,8.24e-06,8.25e-06,305101837.0
1656025200000,8.29e-06,8.49e-06,8.29e-06,8.41e-06,997084673.0
1656028800000,8.38e-06,8.55e-06,8.27e-06,8.3e-06,879095293.0
1656032400000,8.33e-06,8.5e-06,8.33e-06,8.41e-06,266568392.0
1656036000000,8.39e-06,8.5e-06,8.39e-06,8.48e-06,142746765.0
1656039600000,8.48e-06,8.48e-06,8.41e-06,8.41e-06,122455734.0
1656043200000,8.38e-06,8.4e-06,8.29e-06,8.3e-06,99139314.0
1656046800000,8.32e-06,8.4e-06,8.32e-06,8.4e-06,109494767.0
1656050400000,8.28e-06,8.48e-06,8.17e-06,8.21e-06,750639075.0
1656054000000,8.21e-06,8.69e-06,8.21e-06,8.32e-06,744989260.0
1656057600000,8.33e-06,8.55e-06,8.3e-06,8.47e-06,469770567.0
1656061200000,8.53e-06,8.59e-06,8.38e-06,8.39e-06,565270966.0
1656064800000,8.38e-06,8.75e-06,8.38e-06,8.72e-06,2267317269.0
1656068400000,8.76e-06,9.1e-06,8.76e-06,8.85e-06,2174365964.0
1656072000000,8.77e-06,9.2e-06,8.71e-06,8.73e-06,1444131553.0
1656075600000,8.81e-06,8.98e-06,8.71e-06,8.86e-06,1251511239.0
1656079200000,8.79e-06,8.89e-06,8.61e-06,8.69e-06,601293546.0
1656082800000,8.67e-06,8.75e-06,8.58e-06,8.75e-06,646303301.0
1656086400000,8.71e-06,8.78e-06,8.56e-06,8.78e-06,7089667392.0
1656090000000,8.78e-06,8.88e-06,8.72e-06,8.73e-06,589074702.0
1656093600000,8.78e-06,8.9e-06,8.78e-06,8.9e-06,26714746.0
1656097200000,8.9e-06,8.94e-06,8.88e-06,8.89e-06,193813821.0
1656100800000,8.94e-06,8.94e-06,8.82e-06,8.83e-06,364549143.0
1656104400000,8.82e-06,8.98e-06,8.82e-06,8.98e-06,892254594.0
1656108000000,9e-06,9.1e-06,8.95e-06,8.95e-06,568965679.0
1656111600000,8.89e-06,8.98e-06,8.3e-06,8.92e-06,269724899.0
1656115200000,8.79e-06,8.87e-06,8.74e-06,8.81e-06,831277446.0
1656118800000,8.86e-06,9.02e-06,8.51e-06,8.94e-06,719008318.0
1656122400000,8.94e-06,8.94e-06,8.83e-06,8.86e-06,181235356.0
1656126000000,9.01e-06,9.48e-06,9.01e-06,9.35e-06,449435184.0
1656129600000,9.35e-06,9.46e-06,9.19e-06,9.42e-06,1377899893.0
1656133200000,9.45e-06,9.55e-06,8.6e-06,9.28e-06,551848066.0
1656136800000,9.23e-06,9.43e-06,9.23e-06,9.43e-06,331935774.0
1656140400000,9.49e-06,9.54e-06,9.35e-06,9.41e-06,411981208.0
1656144000000,9.41e-06,9.65e-06,9.34e-06,9.34e-06,849181480.0
1656147600000,9.34e-06,9.59e-06,9.32e-06,9.5e-06,2145083290.0
1656151200000,9.47e-06,9.65e-06,9.44e-06,9.54e-06,1179903058.0
1656154800000,9.53e-06,9.59e-06,9.37e-06,9.39e-06,236440389.0
1656158400000,9.43e-06,9.73e-06,9.03e-06,9.13e-06,943426226.0
1656162000000,9.15e-06,9.26e-06,9.09e-06,9.21e-06,395287977.0
1656165600000,9.17e-06,9.21e-06,9.14e-06,9.19e-06,202624530.0
1656169200000,9.18e-06,9.25e-06,9.05e-06,9.06e-06,442807903.0
1656172800000,9.06e-06,9.15e-06,9.02e-06,9.14e-06,102930438.0
1656176400000,9.15e-06,9.41e-06,9.13e-06,9.41e-06,169546848.0
1656180000000,9.26e-06,9.44e-06,9.25e-06,9.41e-06,425621982.0
1656183600000,9.41e-06,9.42e-06,9.34e-06,9.35e-06,349616259.0
1656187200000,9.36e-06,9.64e-06,9.35e-06,9.62e-06,565173986.0
1656190800000,9.58e-06,9.76e-06,8e-06,9.57e-06,2156257545.0
1656194400000,9.5e-06,9.65e-06,9.5e-06,9.53e-06,95644397.0
1656198000000,9.55e-06,9.62e-06,9.51e-06,9.62e-06,163571928.0
1656201600000,9.61e-06,9.62e-06,9.58e-06,9.6e-06,225710043.0
1656205200000,9.7e-06,9.85e-06,9.53e-06,9.53e-06,990964265.0
1656208800000,9.51e-06,9.51e-06,9.41e-06,9.44e-06,187154526.0
1656212400000,9.44e-06,9.51e-06,9.44e-06,9.47e-06,160610932.0
1656216000000,9.48e-06,9.48e-06,9.44e-06,9.47e-06,68910879.0
1656219600000,9.6e-06,9.61e-06,9.6e-06,9.61e-06,26281163.0
1656223200000,9.57e-06,9.65e-06,9.52e-06,9.65e-06,147395394.0
1656226800000,9.66e-06,9.7e-06,9.58e-06,9.58e-06,457634139.0
1656230400000,9.66e-06,9.69e-06,9.62e-06,9.69e-06,104448080.0
1656234000000,9.69e-06,9.76e-06,9.57e-06,9.58e-06,287583510.0
1656237600000,9.57e-06,9.61e-06,9.55e-06,9.58e-06,298430048.0
1656241200000,9.58e-06,9.73e-06,9.49e-06,9.73e-06,646669031.0
1656244800000,9.73e-06,9.76e-06,9.59e-06,9.59e-06,292193321.0
1656248400000,9.59e-06,9.65e-06,9.54e-06,9.65e-06,175050309.0
1656252000000,9.66e-06,9.69e-06,9.6e-06,9.6e-06,71463621.0
1656255600000,9.5e-06,9.79e-06,9.34e-06,9.48e-06,660574082.0
1656259200000,9.46e-06,9.6e-06,9.42e-06,9.5e-06,124395345.0
1656262800000,9.43e-06,9.48e-06,9.39e-06,9.47e-06,250981547.0
1656266400000,9.35e-06,9.35e-06,9.22e-06,9.24e-06,45228840.0
1656270000000,9.26e-06,9.37e-06,9.26e-06,9.32e-06,271200735.0
1656273600000,9.31e-06,9.64e-06,9.31e-06,9.42e-06,371344696.0
1656277200000,9.38e-06,9.65e-06,9.38e-06,9.53e-06,395261441.0
1656280800000,9.47e-06,9.63e-06,9.1e-06,9.2e-06,596629717.0
1656284400000,9.22e-06,9.25e-06,8.89e-06,8.93e-06,521710713.0
1656288000000,8.92e-06,9.17e-06,8.92e-06,9.08e-06,384962385.0
1656291600000,9.08e-06,9.18e-06,9.02e-06,9.17e-06,207150998.0
1656295200000,9.2e-06,9.33e-06,9.2e-06,9.27e-06,103571277.0
1656298800000,9.26e-06,9.49e-06,9.25e-06,9.46e-06,412330390.0
1656302400000,9.48e-06,9.85e-06,9.37e-06,9.38e-06,1391481893.0
1656306000000,9.37e-06,9.37e-06,9.29e-06,9.33e-06,378334688.0
1656309600000,9.35e-06,9.8e-06,9.28e-06,9.4e-06,510589141.0
1656313200000,9.4e-06,9.5e-06,9.4e-06,9.45e-06,366023834.0
1656316800000,9.47e-06,9.51e-06,9.43e-06,9.44e-06,234365349.0
1656320400000,9.48e-06,9.48e-06,9.4e-06,9.47e-06,127595758.0
1656324000000,9.47e-06,9.47e-06,9.4e-06,9.4e-06,101919791.0
1656327600000,9.39e-06,9.39e-06,9.22e-06,9.27e-06,215876163.0
1656331200000,9.24e-06,9.27e-06,9.18e-06,9.27e-06,220118492.0
1656334800000,9.31e-06,9.34e-06,8.88e-06,9.02e-06,140915144.0
1656338400000,8.87e-06,9.09e-06,8.66e-06,9.01e-06,1040583115.0
1656342000000,9.04e-06,9.04e-06,8.95e-06,9e-06,138955451.0
1656345600000,8.95e-06,9.03e-06,8.92e-06,8.97e-06,270120077.0
1656349200000,8.97e-06,8.99e-06,8.83e-06,8.89e-06,191217444.0
1656352800000,8.91e-06,9.05e-06,8.59e-06,8.95e-06,358841354.0
1656356400000,8.91e-06,8.97e-06,8.87e-06,8.93e-06,261247775.0
1656360000000,8.94e-06,9.05e-06,8.94e-06,9e-06,217784578.0
1656363600000,9e-06,9e-06,8.94e-06,8.95e-06,131012573.0
1656367200000,8.94e-06,9.12e-06,8.94e-06,9.01e-06,171028806.0
1656370800000,9.04e-06,9.11e-06,9e-06,9e-06,145590064.0
1656374400000,9.09e-06,9.2e-06,8.9e-06,8.9e-06,211853023.0
1656378000000,8.98e-06,9.03e-06,8.98e-06,9.03e-06,4012966.0
1656381600000,8.68e-06,8.72e-06,8.66e-06,8.72e-06,190979619.0
1656385200000,8.73e-06,8.73e-06,8.73e-06,8.73e-06,7385701.0
1656388800000,8.81e-06,8.84e-06,8.81e-06,8.82e-06,241062800.0
1656392400000,8.59e-06,8.73e-06,8.59e-06,8.69e-06,110441444.0
1656396000000,8.75e-06,8.8e-06,8.75e-06,8.79e-06,77337964.0
1656399600000,8.85e-06,8.9e-06,8.85e-06,8.9e-06,119285618.0
1656403200000,8.9e-06,8.98e-06,8.83e-06,8.98e-06,109235850.0
1656406800000,9.01e-06,9.03e-06,8.24e-06,8.91e-06,803140606.0
1656410400000,8.92e-06,9.03e-06,8.87e-06,8.95e-06,137964460.0
1656414000000,8.85e-06,8.96e-06,8.85e-06,8.9e-06,731893739.0
1656417600000,8.96e-06,9.02e-06,8.92e-06,8.92e-06,136731605.0
1656421200000,8.92e-06,9.05e-06,8.91e-06,8.98e-06,477361026.0
1656424800000,8.9e-06,8.99e-06,8.85e-06,8.9e-06,200448327.0
1656428400000,8.88e-06,8.89e-06,8.74e-06,8.75e-06,246417349.0
1656432000000,8.68e-06,8.88e-06,8.59e-06,8.86e-06,282796267.0
1656435600000,8.7e-06,8.75e-06,8.35e-06,8.49e-06,855440377.0
1656439200000,8.5e-06,8.5e-06,8.3e-06,8.43e-06,716138292.0
1656442800000,8.43e-06,8.43e-06,8.35e-06,8.37e-06,621349881.0
1656446400000,8.35e-06,8.41e-06,8.33e-06,8.37e-06,470619503.0
1656450000000,8.36e-06,8.48e-06,8.36e-06,8.42e-06,269754069.0
1656453600000,8.37e-06,8.37e-06,8.19e-06,8.19e-06,86579904.0
1656457200000,8.21e-06,8.23e-06,8.11e-06,8.18e-06,310732611.0
1656460800000,8.23e-06,8.23e-06,8.22e-06,8.22e-06,36094860.0
1656464400000,8.24e-06,8.34e-06,8.24e-06,8.33e-06,273717937.0
1656468000000,8.32e-06,8.35e-06,8.32e-06,8.34e-06,120018314.0
1656471600000,8.28e-06,8.34e-06,8.18e-06,8.24e-06,125106076.0
1656475200000,8.23e-06,8.28e-06,8.18e-06,8.24e-06,376003333.0
1656478800000,8.17e-06,8.21e-06,8.04e-06,8.05e-06,401620934.0
1656482400000,8.06e-06,8.06e-06,7.82e-06,7.88e-06,1035331759.0
1656486000000,7.89e-06,8.1e-06,7.89e-06,8.1e-06,527988544.0
1656489600000,8.13e-06,8.25e-06,7.99e-06,7.99e-06,291200856.0
1656493200000,7.99e-06,8.16e-06,7.99e-06,8.11e-06,236691260.0
1656496800000,8.19e-06,8.5e-06,8.01e-06,8.08e-06,985657225.0
1656500400000,8.06e-06,8.06e-06,7.84e-06,8.06e-06,437083509.0
1656504000000,8.08e-06,8.08e-06,7.9e-06,7.9e-06,109042735.0
1656507600000,7.93e-06,8.2e-06,7.88e-06,7.98e-06,1174650261.0
1656511200000,8.09e-06,8.29e-06,8.09e-06,8.25e-06,580507146.0
1656514800000,8.3e-06,8.3e-06,8.05e-06,8.19e-06,569246108.0
1656518400000,8.1e-06,8.1e-06,8e-06,8.02e-06,13703530.0
1656522000000,8.06e-06,8.29e-06,8.01e-06,8.28e-06,598815177.0
1656525600000,8.32e-06,8.74e-06,8.32e-06,8.55e-06,1236114814.0
1656529200000,8.52e-06,8.65e-06,8.41e-06,8.65e-06,1697356837.0
1656532800000,8.65e-06,8.7e-06,8.5e-06,8.59e-06,623010224.0
1656536400000,8.58e-06,8.82e-06,8.53e-06,8.6e-06,163337143.0
1656540000000,8.54e-06,8.95e-06,8.47e-06,8.52e-06,221877439.0
1656543600000,8.51e-06,8.51e-06,8.36e-06,8.39e-06,246774546.0
1656547200000,8.4e-06,8.44e-06,8.31e-06,8.31e-06,316095538.0
1656550800000,8.25e-06,8.26e-06,8.25e-06,8.26e-06,18369044.0
1656554400000,8.31e-06,8.31e-06,8.31e-06,8.31e-06,6000000.0
1656558000000,8.31e-06,8.31e-06,8.31e-06,8.31e-06,0.0
1656561600000,8.31e-06,8.31e-06,8.31e-06,8.31e-06,0.0
1656565200000,8.44e-06,8.44e-06,8.38e-06,8.38e-06,44640862.0
1656568800000,8.4e-06,8.4e-06,8.05e-06,8.12e-06,359955058.0
1656572400000,8.15e-06,8.3e-06,8.13e-06,8.22e-06,725476764.0
1656576000000,8.23e-06,8.23e-06,8.04e-06,8.1e-06,261021173.0
1656579600000,8.19e-06,8.19e-06,7.97e-06,8.09e-06,815151271.0
1656583200000,8.1e-06,8.1e-06,7.97e-06,8.01e-06,215076664.0
1656586800000,8.19e-06,8.3e-06,8.19e-06,8.26e-06,59536439.0
1656590400000,8.22e-06,8.4e-06,8.15e-06,8.38e-06,289857813.0
1656594000000,8.23e-06,8.25e-06,7.98e-06,7.98e-06,398284390.0
1656597600000,8.16e-06,8.55e-06,8.11e-06,8.42e-06,614448403.0
1656601200000,8.5e-06,8.95e-06,8.36e-06,8.36e-06,752087333.0
1656604800000,8.38e-06,8.48e-06,8.32e-06,8.38e-06,369992996.0
1656608400000,8.37e-06,8.85e-06,8.33e-06,8.33e-06,667903530.0
1656612000000,8.33e-06,8.33e-06,8.12e-06,8.21e-06,219333683.0
1656615600000,8.19e-06,8.3e-06,8.08e-06,8.21e-06,493374941.0
1656619200000,8.2e-06,8.3e-06,8.11e-06,8.17e-06,429729183.0
1656622800000,8.22e-06,8.26e-06,8.2e-06,8.2e-06,94987104.0
1656626400000,8.2e-06,8.2e-06,8.13e-06,8.13e-06,14836564.0
1656630000000,8.3e-06,8.6e-06,8.15e-06,8.52e-06,1229169732.0
1656633600000,8.43e-06,8.73e-06,8.37e-06,8.55e-06,1129269719.0
1656637200000,8.57e-06,8.61e-06,8.5e-06,8.57e-06,419632527.0
1656640800000,8.55e-06,8.55e-06,8.47e-06,8.47e-06,132114924.0
1656644400000,8.46e-06,8.46e-06,8.36e-06,8.36e-06,119122251.0
1656648000000,8.32e-06,8.4e-06,8.25e-06,8.29e-06,140380903.0
1656651600000,8.28e-06,8.34e-06,8.26e-06,8.34e-06,198758981.0
1656655200000,8.32e-06,8.35e-06,8.27e-06,8.32e-06,887965136.0
1656658800000,8.47e-06,8.47e-06,8.41e-06,8.43e-06,140736405.0
1656662400000,8.44e-06,8.46e-06,8.34e-06,8.35e-06,230776983.0
1656666000000,8.34e-06,8.37e-06,8.31e-06,8.32e-06,395049100.0
1656669600000,8.31e-06,8.31e-06,8.21e-06,8.21e-06,118367411.0
1656673200000,8.22e-06,8.41e-06,8.22e-06,8.32e-06,285859346.0
1656676800000,8.36e-06,8.39e-06,8.26e-06,8.32e-06,26733056.0
1656680400000,8.37e-06,8.45e-06,8.36e-06,8.41e-06,228967222.0
1656684000000,8.45e-06,8.45e-06,8.32e-06,8.33e-06,128165032.0
1656687600000,8.32e-06,8.59e-06,8.29e-06,8.3e-06,39475187.0
1656691200000,8.31e-06,8.41e-06,8.31e-06,8.41e-06,162681905.0
1656694800000,8.41e-06,8.52e-06,8.32e-06,8.37e-06,90146694.0
1656698400000,8.35e-06,8.38e-06,8.32e-06,8.32e-06,269593929.0
1656702000000,8.32e-06,8.34e-06,8.28e-06,8.34e-06,285715895.0
1656705600000,8.32e-06,8.43e-06,8.32e-06,8.34e-06,480063205.0
1656709200000,8.36e-06,8.37e-06,8.28e-06,8.31e-06,183176807.0
1656712800000,8.3e-06,8.3e-06,8.25e-06,8.25e-06,194058727.0
1656716400000,8.27e-06,8.31e-06,8.21e-06,8.21e-06,455002102.0
1656720000000,8.25e-06,8.31e-06,8.21e-06,8.21e-06,40896109.0
1656723600000,8.2e-06,8.24e-06,8.2e-06,8.24e-06,103594145.0
1656727200000,8.26e-06,8.26e-06,8.26e-06,8.26e-06,43081460.0
1656730800000,8.1e-06,8.21e-06,8.1e-06,8.18e-06,49333702.0
1656734400000,8.18e-06,8.18e-06,8.18e-06,8.18e-06,0.0
1656738000000,8.22e-06,8.22e-06,8.21e-06,8.21e-06,2828376.0
1656741600000,8.29e-06,8.29e-06,8.17e-06,8.27e-06,131879615.0
1656745200000,8.21e-06,8.27e-06,8.21e-06,8.27e-06,45149693.0
1656748800000,8.26e-06,8.28e-06,8.24e-06,8.25e-06,150677629.0
1656752400000,8.26e-06,8.28e-06,8.21e-06,8.27e-06,127328269.0
1656756000000,8.26e-06,8.3e-06,8.24e-06,8.3e-06,67549785.0
1656759600000,8.31e-06,8.33e-06,8.28e-06,8.28e-06,45847609.0
1656763200000,8.35e-06,8.42e-06,8.28e-06,8.42e-06,98347288.0
1656766800000,8.36e-06,8.41e-06,8.27e-06,8.31e-06,123231620.0
1656770400000,8.39e-06,8.39e-06,8.33e-06,8.33e-06,149284724.0
1656774000000,8.34e-06,8.4e-06,8.28e-06,8.4e-06,66892706.0
1656777600000,8.38e-06,8.38e-06,8.33e-06,8.37e-06,119328785.0
1656781200000,8.34e-06,8.37e-06,8.34e-06,8.34e-06,81583492.0
1656784800000,8.3e-06,8.38e-06,8.3e-06,8.38e-06,44363692.0
1656788400000,8.34e-06,8.38e-06,8.29e-06,8.3e-06,24878394.0
1656792000000,8.34e-06,8.34e-06,8.3e-06,8.3e-06,99730375.0
1656795600000,8.31e-06,8.33e-06,8.29e-06,8.3e-06,29862880.0
1656799200000,8.31e-06,8.35e-06,8.31e-06,8.35e-06,169938519.0
1656802800000,8.36e-06,8.37e-06,8.3e-06,8.33e-06,157889590.0
1656806400000,8.29e-06,8.3e-06,8.28e-06,8.3e-06,98729553.0
1656810000000,8.3e-06,8.3e-06,8.25e-06,8.25e-06,66369750.0
1656813600000,8.36e-06,8.36e-06,8.36e-06,8.36e-06,3229665.0
1656817200000,8.36e-06,8.36e-06,8.36e-06,8.36e-06,0.0
1656820800000,8.2e-06,8.2e-06,8.18e-06,8.18e-06,16672302.0
1656824400000,8.27e-06,8.27e-06,8.27e-06,8.27e-06,5000000.0
1656828000000,8.32e-06,8.32e-06,8.18e-06,8.24e-06,95795045.0
1656831600000,8.25e-06,8.26e-06,8.24e-06,8.24e-06,155873842.0
1656835200000,8.24e-06,8.24e-06,8.24e-06,8.24e-06,15944337.0
1656838800000,8.24e-06,8.33e-06,8.21e-06,8.21e-06,175335058.0
1656842400000,8.29e-06,8.29e-06,8.2e-06,8.2e-06,113652666.0
1656846000000,8.24e-06,8.25e-06,8.23e-06,8.24e-06,62482272.0
1656849600000,8.26e-06,8.26e-06,8.23e-06,8.23e-06,22286366.0
1656853200000,8.2e-06,8.2e-06,8.11e-06,8.14e-06,31859657.0
1656856800000,8.24e-06,8.24e-06,8.15e-06,8.15e-06,10324386.0
1656860400000,8.08e-06,8.17e-06,8.08e-06,8.15e-06,75172018.0
1656864000000,8.26e-06,8.26e-06,8.18e-06,8.18e-06,180439731.0
1656867600000,8.2e-06,8.2e-06,8.17e-06,8.17e-06,5617222.0
1656871200000,8.16e-06,8.26e-06,8.16e-06,8.26e-06,108279499.0
1656874800000,8.26e-06,8.32e-06,8.25e-06,8.32e-06,97694483.0
1656878400000,8.33e-06,8.34e-06,8.28e-06,8.33e-06,210395959.0
1656882000000,8.3e-06,8.34e-06,8.24e-06,8.3e-06,65740071.0
1656885600000,8.31e-06,8.33e-06,8.23e-06,8.23e-06,413253368.0
1656889200000,8.26e-06,8.31e-06,8.26e-06,8.31e-06,55792026.0
1656892800000,8.31e-06,8.31e-06,8.31e-06,8.31e-06,0.0
1656896400000,8.24e-06,8.28e-06,8.24e-06,8.28e-06,8175634.0
1656900000000,8.3e-06,8.3e-06,8.24e-06,8.24e-06,25400675.0
1656903600000,8.24e-06,8.24e-06,8.24e-06,8.24e-06,0.0
1656907200000,8.22e-06,8.29e-06,8.22e-06,8.29e-06,5975184.0
1656910800000,8.29e-06,8.29e-06,8.29e-06,8.29e-06,2391771.0
1656914400000,8.29e-06,8.29e-06,8.29e-06,8.29e-06,0.0
1656918000000,8.29e-06,8.29e-06,8.29e-06,8.29e-06,12177714.0
1656921600000,8.31e-06,8.32e-06,8.31e-06,8.32e-06,194537964.0
1656925200000,8.32e-06,8.38e-06,8.31e-06,8.38e-06,171436889.0
1656928800000,8.39e-06,8.39e-06,8.31e-06,8.31e-06,62461829.0
1656932400000,8.31e-06,8.95e-06,8.31e-06,8.47e-06,597897003.0
1656936000000,8.46e-06,8.59e-06,8.43e-06,8.43e-06,389304743.0
1656939600000,8.44e-06,8.45e-06,8.37e-06,8.37e-06,199642946.0
1656943200000,8.39e-06,8.48e-06,8.37e-06,8.38e-06,144584746.0
1656946800000,8.5e-06,8.5e-06,8.45e-06,8.48e-06,139913744.0
1656950400000,8.49e-06,8.54e-06,8.47e-06,8.49e-06,187992509.0
1656954000000,8.47e-06,8.55e-06,8.47e-06,8.54e-06,94288564.0
1656957600000,8.54e-06,8.54e-06,8.51e-06,8.51e-06,51279487.0
1656961200000,8.57e-06,8.57e-06,8.47e-06,8.5e-06,95737746.0
1656964800000,8.51e-06,8.51e-06,8.43e-06,8.46e-06,619144581.0
1656968400000,8.46e-06,8.52e-06,8.46e-06,8.52e-06,118799039.0
1656972000000,8.51e-06,8.59e-06,8.43e-06,8.59e-06,173374462.0
1656975600000,8.56e-06,8.61e-06,8.56e-06,8.61e-06,43608868.0
1656979200000,8.63e-06,8.68e-06,8.63e-06,8.68e-06,86414285.0
1656982800000,8.7e-06,9.01e-06,8.7e-06,8.91e-06,1268684318.0
1656986400000,8.92e-06,8.92e-06,8.86e-06,8.86e-06,38733433.0
1656990000000,8.86e-06,8.86e-06,8.86e-06,8.86e-06,0.0
1656993600000,8.86e-06,8.91e-06,8.8e-06,8.91e-06,164260880.0
1656997200000,8.89e-06,8.91e-06,8.83e-06,8.83e-06,135648011.0
1657000800000,8.81e-06,8.87e-06,8.81e-06,8.87e-06,20283842.0
1657004400000,8.69e-06,8.79e-06,8.69e-06,8.75e-06,183753146.0
1657008000000,8.72e-06,8.75e-06,8.52e-06,8.54e-06,192837022.0
1657011600000,8.54e-06,8.7e-06,8.42e-06,8.42e-06,402564023.0
1657015200000,8.65e-06,8.65e-06,8.44e-06,8.55e-06,270324496.0
1657018800000,8.53e-06,8.68e-06,8.42e-06,8.42e-06,231307318.0
1657022400000,8.43e-06,8.8e-06,8.35e-06,8.38e-06,451973704.0
1657026000000,8.38e-06,8.47e-06,8.38e-06,8.47e-06,119195789.0
1657029600000,8.52e-06,8.53e-06,8.47e-06,8.53e-06,46527910.0
1657033200000,8.45e-06,8.56e-06,8.44e-06,8.56e-06,205038549.0
1657036800000,8.54e-06,8.6e-06,8.52e-06,8.57e-06,1341464541.0
1657040400000,8.59e-06,8.61e-06,8.58e-06,8.61e-06,59264412.0
1657044000000,8.59e-06,8.65e-06,8.57e-06,8.65e-06,244634986.0
1657047600000,8.7e-06,8.8e-06,8.7e-06,8.78e-06,49478644.0
1657051200000,8.78e-06,8.83e-06,8.68e-06,8.69e-06,216872563.0
1657054800000,8.72e-06,8.85e-06,8.65e-06,8.85e-06,230819013.0
1657058400000,8.82e-06,8.84e-06,8.72e-06,8.77e-06,1455444341.0
1657062000000,8.74e-06,8.74e-06,8.6e-06,8.64e-06,463754401.0
1657065600000,8.67e-06,8.68e-06,8.52e-06,8.68e-06,220373482.0
1657069200000,8.67e-06,8.67e-06,8.52e-06,8.54e-06,169307804.0
1657072800000,8.54e-06,8.54e-06,8.54e-06,8.54e-06,0.0
1657076400000,8.58e-06,8.58e-06,8.58e-06,8.58e-06,10000000.0
1657080000000,8.58e-06,8.58e-06,8.58e-06,8.58e-06,0.0
1657083600000,8.72e-06,8.72e-06,8.64e-06,8.68e-06,215448157.0
